filename	family	rank1	c1	rank2	c2	rank3	c3	rank4	c4	rank5	c5
Acacia_dealbata-1.jpg	Fabaceae	Fabaceae	0.996078431372549	Fagaceae	0.00392156862745098	Caryophyllaceae	0.0	Rubiaceae	0.0	Asteraceae	0.0
Acacia-longifolia-branch.jpg	Fabaceae	Fabaceae	0.996078431372549	Caryophyllaceae	0.0	Rubiaceae	0.0	Asteraceae	0.0	Lamiaceae	0.0
Acacia_mearnsii_blossoms.jpg	Fabaceae	Fabaceae	0.996078431372549	Caryophyllaceae	0.0	Rubiaceae	0.0	Asteraceae	0.0	Lamiaceae	0.0
Acacia_melanoxylon.jpg	Fabaceae	Fabaceae	0.9568627450980393	Pittosporaceae	0.01568627450980392	Oleaceae	0.00784313725490196	Lauraceae	0.00784313725490196	Caryophyllaceae	0.0
Acacia_pycnantha_Golden_Wattle.jpg	Fabaceae	Fabaceae	0.9372549019607843	Oleaceae	0.00784313725490196	Asparagaceae	0.00392156862745098	Poaceae	0.00392156862745098	Thymelaeaceae	0.00392156862745098
Acacia_melanoxylon2.jpg	Fabaceae	Fabaceae	0.2156862745098039	Rubiaceae	0.047058823529411764	Apiaceae	0.043137254901960784	Cannabaceae	0.043137254901960784	Apocynaceae	0.0392156862745098
Acacia_April_2015-3.jpg	Fabaceae	Fabaceae	0.3529411764705882	Salicaceae	0.30196078431372547	Fagaceae	0.043137254901960784	Pittosporaceae	0.0392156862745098	Asteraceae	0.03529411764705882
Acanthaceae_-_Acanthus_mollis_%282%29.JPG	Acanthaceae	Acanthaceae	0.8862745098039215	Orchidaceae	0.00784313725490196	Plantaginaceae	0.00392156862745098	Orobanchaceae	0.00392156862745098	Caryophyllaceae	0.0
Acer_monspessulanum_fg02.jpg	Sapindaceae	Sapindaceae	0.9294117647058824	Ranunculaceae	0.0196078431372549	Araliaceae	0.011764705882352941	Fagaceae	0.00784313725490196	Asteraceae	0.00392156862745098
Acer_negundo_44809168.jpg	Sapindaceae	Salicaceae	0.3764705882352941	Fabaceae	0.12941176470588234	Rosaceae	0.12156862745098039	Sapindaceae	0.10196078431372549	Fagaceae	0.07058823529411765
Acer_pseudoplatanus_005.jpg	Sapindaceae	Fabaceae	0.38823529411764707	Salicaceae	0.3058823529411765	Fagaceae	0.08235294117647059	Pittosporaceae	0.050980392156862744	Rosaceae	0.043137254901960784
Achillea_ageratum_-_Botanischer_Garten_Mainz_IMG_5620.JPG	Asteraceae	Amaryllidaceae	0.40784313725490196	Fabaceae	0.36078431372549014	Asteraceae	0.023529411764705882	Potamogetonaceae	0.01568627450980392	Poaceae	0.011764705882352941
Achillea_millefolium_5Dsr_9042.jpg	Asteraceae	Asteraceae	0.9803921568627451	Verbenaceae	0.00784313725490196	Caryophyllaceae	0.0	Rubiaceae	0.0	Fabaceae	0.0
Aconitum_napellus_230705.jpg	Ranunculaceae	Ranunculaceae	0.1647058823529412	Lamiaceae	0.13333333333333333	Boraginaceae	0.09411764705882353	Plantaginaceae	0.058823529411764705	Orchidaceae	0.027450980392156862
Adenocarpus_argyrophyllus_-_20080603-01.jpg	Fabaceae	Fabaceae	0.7960784313725489	Ranunculaceae	0.01568627450980392	Asteraceae	0.00784313725490196	Brassicaceae	0.00784313725490196	Liliaceae	0.00784313725490196
Adiantum_capillus-veneris_2601.jpg	Pteridaceae	Pteridaceae	0.8941176470588236	Aspleniaceae	0.01568627450980392	Fabaceae	0.00392156862745098	Rosaceae	0.00392156862745098	Oxalidaceae	0.00392156862745098
Adonis_annua_flor.jpg	Ranunculaceae	Ranunculaceae	0.4862745098039216	Papaveraceae	0.10588235294117647	Asteraceae	0.043137254901960784	Apiaceae	0.011764705882352941	Onagraceae	0.00784313725490196
Adonis-microcarpa001.jpg	Ranunculaceae	Ranunculaceae	0.9019607843137255	Papaveraceae	0.0196078431372549	Asteraceae	0.00392156862745098	Thymelaeaceae	0.00392156862745098	Caryophyllaceae	0.0
Aegilops_geniculata_Enfoque_2010-5-08_DehesaBoyaldePuertollano.jpg	Poaceae	Poaceae	0.9725490196078431	Equisetaceae	0.00392156862745098	Caryophyllaceae	0.0	Rubiaceae	0.0	Asteraceae	0.0
Aegilops_triuncialis_Enfoque_2010-5-26_DehesaBoyaldePuertollano.jpg	Poaceae	Poaceae	0.43529411764705883	Asteraceae	0.1999999999999999	Fabaceae	0.023529411764705882	Papaveraceae	0.0196078431372549	Lamiaceae	0.01568627450980392
Madeira%2C_Palheiro_Gardens_-_Aeonium_arboreum_%28Marokko%29_IMG_2310.JPG	Crassulaceae	Crassulaceae	0.9254901960784314	Saxifragaceae	0.0392156862745098	Caryophyllaceae	0.01568627450980392	Euphorbiaceae	0.00392156862745098	Rosaceae	0.00392156862745098
Agapanthus_Postbloom.jpg	Amaryllidaceae	Amaryllidaceae	0.7960784313725491	Asparagaceae	0.15294117647058825	Iridaceae	0.00392156862745098	Caryophyllaceae	0.0	Rubiaceae	0.0
Agave_July_2011-1.jpg	Asparagaceae	Asparagaceae	0.9803921568627451	Poaceae	0.00392156862745098	Dryopteridaceae	0.00392156862745098	Dennstaedtiaceae	0.00392156862745098	Caryophyllaceae	0.0
Ageratina_adenophora_%28Flower%29_2.jpg	Asteraceae	Asteraceae	0.9490196078431372	Rosaceae	0.011764705882352941	Myrtaceae	0.00784313725490196	Caryophyllaceae	0.0	Rubiaceae	0.0
Agrimonia_procera_002.JPG	Rosaceae	Rosaceae	0.9843137254901961	Brassicaceae	0.00392156862745098	Caryophyllaceae	0.0	Rubiaceae	0.0	Asteraceae	0.0
Agrostemma_githago_120605.jpg	Caryophyllaceae	Caryophyllaceae	0.8549019607843137	Geraniaceae	0.054901960784313725	Fabaceae	0.00392156862745098	Violaceae	0.00392156862745098	Convolvulaceae	0.00392156862745098
Agrostis.canina2.-.lindsey.jpg	Poaceae	Poaceae	0.8156862745098038	Fabaceae	0.011764705882352941	Asteraceae	0.00784313725490196	Araliaceae	0.00784313725490196	Caryophyllaceae	0.00392156862745098
Agrostis_capillaris.jpeg	Poaceae	Poaceae	0.9019607843137255	Juncaceae	0.023529411764705882	Asteraceae	0.00392156862745098	Onagraceae	0.00392156862745098	Caryophyllaceae	0.0
Agrostis_Wuchs.jpg	Poaceae	Poaceae	0.9254901960784314	Juncaceae	0.011764705882352941	Caryophyllaceae	0.00784313725490196	Plantaginaceae	0.00784313725490196	Asteraceae	0.00392156862745098
Aichryson_punctatum.jpg	Crassulaceae	Crassulaceae	0.6431372549019608	Asteraceae	0.0784313725490196	Ranunculaceae	0.023529411764705882	Fabaceae	0.01568627450980392	Rubiaceae	0.00784313725490196
G%C3%B6tterbaum_%28Ailanthus_altissima%29.jpg	Simaroubaceae	Pittosporaceae	0.3411764705882353	Fabaceae	0.2	Rosaceae	0.14901960784313725	Fagaceae	0.13725490196078433	Moraceae	0.03529411764705882
Aira_caryophyllea_FWS-01.jpg	Poaceae	Poaceae	0.9254901960784313	Juncaceae	0.027450980392156862	Droseraceae	0.00392156862745098	Caryophyllaceae	0.0	Rubiaceae	0.0
Aira_praecox_kz1.jpg	Poaceae	Poaceae	0.9764705882352941	Juncaceae	0.00784313725490196	Caryophyllaceae	0.0	Rubiaceae	0.0	Asteraceae	0.0
Ajuga_chamaepitys.JPG	Lamiaceae	Lamiaceae	0.9882352941176471	Caryophyllaceae	0.0	Rubiaceae	0.0	Asteraceae	0.0	Fabaceae	0.0
Ajuga_iva_Dingli_Cliffs_Malta_01_06_2010_01.jpg	Lamiaceae	Lamiaceae	0.8823529411764706	Frankeniaceae	0.00392156862745098	Caryophyllaceae	0.0	Rubiaceae	0.0	Asteraceae	0.0
0_Ajuga_pyramidalis_-_Vallorcine_%281%29.JPG	Lamiaceae	Lamiaceae	0.8784313725490196	Orobanchaceae	0.01568627450980392	Pteridaceae	0.00392156862745098	Caryophyllaceae	0.0	Rubiaceae	0.0
Ajuga_reptans_20070429_132711_1.jpg	Lamiaceae	Lamiaceae	0.9686274509803922	Plantaginaceae	0.023529411764705882	Caryophyllaceae	0.0	Rubiaceae	0.0	Asteraceae	0.0
Alcea_rosea_purple.jpg	Malvaceae	Malvaceae	0.803921568627451	Papaveraceae	0.0196078431372549	Fagaceae	0.00392156862745098	Oxalidaceae	0.00392156862745098	Convolvulaceae	0.00392156862745098
Alismalanceolatum.jpg	Alismataceae	Alismataceae	0.7333333333333333	Ranunculaceae	0.09803921568627451	Iridaceae	0.054901960784313725	Plantaginaceae	0.03137254901960784	Asteraceae	0.01568627450980392
AlismaPlant1.jpg	Alismataceae	Alismataceae	0.8666666666666667	Asteraceae	0.06666666666666667	Brassicaceae	0.03529411764705882	Caprifoliaceae	0.00392156862745098	Potamogetonaceae	0.00392156862745098
Alkanna_tinctoria2.jpg	Boraginaceae	Boraginaceae	0.5803921568627451	Fabaceae	0.1568627450980392	Asteraceae	0.01568627450980392	Poaceae	0.01568627450980392	Adoxaceae	0.011764705882352941
Alliaria_petiolata_marais-belloy-sur-somme_80_26042007_3.jpg	Brassicaceae	Caprifoliaceae	0.4117647058823529	Brassicaceae	0.33333333333333326	Onagraceae	0.047058823529411764	Asteraceae	0.03529411764705882	Marsileaceae	0.027450980392156862
A.ampeloprasum_1.jpg	Amaryllidaceae	Amaryllidaceae	0.8588235294117647	Asteraceae	0.0196078431372549	Orchidaceae	0.0196078431372549	Plumbaginaceae	0.011764705882352941	Caprifoliaceae	0.00784313725490196
Allium_chamaemoly_Corse_2014.jpg	Amaryllidaceae	Amaryllidaceae	0.996078431372549	Caryophyllaceae	0.0	Rubiaceae	0.0	Asteraceae	0.0	Fabaceae	0.0
%D0%90%D1%80%D0%BA%D0%BE%D0%B7%D0%BE%D0%B2%D1%96_%D0%BF%D1%96%D1%81%D0%BA%D0%BE%D0%B2%D0%B8%D0%BA%D0%B8_12.jpg	Amaryllidaceae	Amaryllidaceae	0.996078431372549	Caryophyllaceae	0.0	Rubiaceae	0.0	Asteraceae	0.0	Fabaceae	0.0
Ailblanc.jpg	Amaryllidaceae	Amaryllidaceae	0.8352941176470587	Asparagaceae	0.06274509803921569	Apiaceae	0.011764705882352941	Fabaceae	0.00784313725490196	Rubiaceae	0.00392156862745098
Allium_nigrum_GotBot_2015_003.jpg	Amaryllidaceae	Amaryllidaceae	0.9411764705882352	Plumbaginaceae	0.00392156862745098	Apiaceae	0.00392156862745098	Caprifoliaceae	0.00392156862745098	Adoxaceae	0.00392156862745098
Allium_oleraceum_-_rohulauk_Keilas2.jpg	Amaryllidaceae	Amaryllidaceae	0.9725490196078432	Caryophyllaceae	0.00392156862745098	Juncaceae	0.00392156862745098	Rubiaceae	0.0	Asteraceae	0.0
Allium_paniculatum_%28inflorescence%29_2.jpg	Amaryllidaceae	Amaryllidaceae	1.0	Caryophyllaceae	0.0	Rubiaceae	0.0	Asteraceae	0.0	Fabaceae	0.0
Allium_roseum2.jpg	Amaryllidaceae	Amaryllidaceae	0.9372549019607843	Fabaceae	0.011764705882352941	Caprifoliaceae	0.00392156862745098	Butomaceae	0.00392156862745098	Caryophyllaceae	0.0
Allium_schoenoprasum_-_Bombus_lapidarius_-_Tootsi.jpg	Amaryllidaceae	Amaryllidaceae	0.9529411764705882	Asteraceae	0.00784313725490196	Fabaceae	0.00392156862745098	Caryophyllaceae	0.0	Rubiaceae	0.0
Allium_sphaerocephalon.jpg	Amaryllidaceae	Amaryllidaceae	0.9450980392156862	Asteraceae	0.01568627450980392	Orchidaceae	0.00392156862745098	Orobanchaceae	0.00392156862745098	Caryophyllaceae	0.0
Allium_subvillosum.JPG	Amaryllidaceae	Amaryllidaceae	0.9686274509803922	Asparagaceae	0.011764705882352941	Fabaceae	0.00392156862745098	Caryophyllaceae	0.0	Rubiaceae	0.0
Allium_triquetrum01.jpg	Amaryllidaceae	Amaryllidaceae	0.6313725490196078	Asparagaceae	0.2862745098039216	Ranunculaceae	0.011764705882352941	Cyperaceae	0.00784313725490196	Asteraceae	0.00392156862745098
Photo_of_Allium_Ursinum%2C_wild_garlic%2C_north-west_Hampshire%2C_UK%2C_May_2014.jpg	Amaryllidaceae	Amaryllidaceae	0.9921568627450981	Asparagaceae	0.00392156862745098	Caryophyllaceae	0.0	Rubiaceae	0.0	Asteraceae	0.0
ALLIUM_VICTORIALIS_-_GENTO_-_IB-888_%28All_victorial%29.JPG	Amaryllidaceae	Amaryllidaceae	0.9647058823529411	Plantaginaceae	0.01568627450980392	Gentianaceae	0.00392156862745098	Caryophyllaceae	0.0	Rubiaceae	0.0
Alliumvineale1web.jpg	Amaryllidaceae	Amaryllidaceae	0.9450980392156862	Apiaceae	0.00784313725490196	Orchidaceae	0.00392156862745098	Euphorbiaceae	0.00392156862745098	Caryophyllaceae	0.0
20120904Alnus_glutinosa01.jpg	Betulaceae	Fabaceae	0.5254901960784313	Asteraceae	0.10980392156862745	Pinaceae	0.054901960784313725	Dennstaedtiaceae	0.043137254901960784	Euphorbiaceae	0.0196078431372549
AlopecurusAequalis1.JPG	Poaceae	Poaceae	1.003921568627451	Caryophyllaceae	0.0	Rubiaceae	0.0	Asteraceae	0.0	Fabaceae	0.0
Alopecurus_arundinaceus.jpg	Poaceae	Poaceae	0.988235294117647	Caryophyllaceae	0.0	Rubiaceae	0.0	Asteraceae	0.0	Fabaceae	0.0
Geknikte_vossestaart_aar_%28Alopecurus_geniculatus_inflorescens%29.jpg	Poaceae	Poaceae	0.9882352941176471	Caryophyllaceae	0.0	Rubiaceae	0.0	Asteraceae	0.0	Fabaceae	0.0
Alopecurus_myosuroides1.jpg	Poaceae	Poaceae	0.7058823529411764	Plantaginaceae	0.08627450980392157	Drosophyllaceae	0.07450980392156863	Asteraceae	0.011764705882352941	Fabaceae	0.011764705882352941
ALTHAEA_HIRSUTA_-_S%C3%92BOL_-_IB-793_%28Malv%C3%AD_pelut%29.jpg	Malvaceae	Malvaceae	0.6901960784313725	Convolvulaceae	0.14901960784313725	Fabaceae	0.058823529411764705	Asteraceae	0.00784313725490196	Lamiaceae	0.00392156862745098
Alyssum_allyssoides_eF.jpg	Brassicaceae	Brassicaceae	0.9921568627450981	Boraginaceae	0.00392156862745098	Caryophyllaceae	0.0	Rubiaceae	0.0	Asteraceae	0.0
Alyssum_montanum_ENBLA06.jpg	Brassicaceae	Scrophulariaceae	0.3372549019607843	Brassicaceae	0.24313725490196073	Fabaceae	0.18039215686274512	Rutaceae	0.08235294117647059	Thymelaeaceae	0.01568627450980392
Amaranthus_albus_%288186658004%29.jpg	Amaranthaceae	Poaceae	1.003921568627451	Caryophyllaceae	0.0	Rubiaceae	0.0	Asteraceae	0.0	Fabaceae	0.0
Amaranthus_blitoides_flowers_8601.JPG	Amaranthaceae	Polygonaceae	0.35294117647058826	Amaranthaceae	0.12941176470588234	Brassicaceae	0.08235294117647059	Aizoaceae	0.0784313725490196	Aristolochiaceae	0.047058823529411764
Amaranthus_lividus_%286896677687%29.jpg	Amaranthaceae	Amaranthaceae	0.6784313725490196	Solanaceae	0.12156862745098039	Heliotropiaceae	0.0784313725490196	Urticaceae	0.023529411764705882	Asteraceae	0.0196078431372549
Amaranthus_deflexus_sl43.jpg	Amaranthaceae	Amaranthaceae	0.5372549019607842	Phytolaccaceae	0.13333333333333333	Polygonaceae	0.023529411764705882	Convolvulaceae	0.0196078431372549	Rhamnaceae	0.01568627450980392
Amarant_gr%C3%BCn.jpg	Amaranthaceae	Amaranthaceae	0.23921568627450981	Euphorbiaceae	0.09803921568627451	Fabaceae	0.01568627450980392	Asteraceae	0.011764705882352941	Poaceae	0.011764705882352941
Amaranthus_hypochondriacus_Prague_2011_1.jpg	Amaranthaceae	Amaranthaceae	0.18823529411764706	Phytolaccaceae	0.08627450980392157	Fabaceae	0.054901960784313725	Rosaceae	0.050980392156862744	Papaveraceae	0.027450980392156862
Amaranthus_retroflexus_flower1.jpg	Amaranthaceae	Amaranthaceae	0.9803921568627451	Caryophyllaceae	0.0	Rubiaceae	0.0	Asteraceae	0.0	Fabaceae	0.0
Amaranthus_viridis_25042014_1.jpg	Amaranthaceae	Amaranthaceae	0.2313725490196078	Polygonaceae	0.03137254901960784	Asteraceae	0.023529411764705882	Plantaginaceae	0.01568627450980392	Convolvulaceae	0.01568627450980392
Ambrosia_artemisiifolia_plant7_%2811741895306%29.jpg	Asteraceae	Aspleniaceae	0.7372549019607842	Davalliaceae	0.03529411764705882	Cupressaceae	0.01568627450980392	Poaceae	0.00784313725490196	Dryopteridaceae	0.00784313725490196
Amelanchier_ovalis01.jpg	Rosaceae	Rosaceae	0.4980392156862745	Salicaceae	0.10980392156862745	Polygonaceae	0.06666666666666667	Fabaceae	0.043137254901960784	Phyllanthaceae	0.027450980392156862
Ammi_Visnaga_%28289632722%29.jpg	Apiaceae	Apiaceae	1.0	Caryophyllaceae	0.0	Rubiaceae	0.0	Asteraceae	0.0	Fabaceae	0.0
Hvid_klit.jpg	Poaceae	Poaceae	1.0	Caryophyllaceae	0.0	Rubiaceae	0.0	Asteraceae	0.0	Fabaceae	0.0
AnacamptisPyramidalis.jpg	Orchidaceae	Orchidaceae	0.9411764705882353	Caprifoliaceae	0.00784313725490196	Fabaceae	0.00392156862745098	Verbenaceae	0.00392156862745098	Caryophyllaceae	0.0
Anacyclus_clavatus.jpg	Asteraceae	Asteraceae	0.9921568627450981	Caryophyllaceae	0.0	Rubiaceae	0.0	Fabaceae	0.0	Lamiaceae	0.0
Anagyris_foetida055.JPG	Fabaceae	Fabaceae	0.9921568627450981	Oleaceae	0.00392156862745098	Caryophyllaceae	0.0	Rubiaceae	0.0	Asteraceae	0.0
Anarrhinum_bellidifolium_001.JPG	Plantaginaceae	Plantaginaceae	0.8039215686274509	Orchidaceae	0.027450980392156862	Lamiaceae	0.023529411764705882	Rubiaceae	0.00784313725490196	Asteraceae	0.00784313725490196
Anchusa_azurea_habito.jpg	Boraginaceae	Boraginaceae	0.8901960784313725	Brassicaceae	0.027450980392156862	Asteraceae	0.023529411764705882	Lamiaceae	0.00784313725490196	Caryophyllaceae	0.0
Andryala_integrifolia_in_Herault.jpg	Asteraceae	Asteraceae	0.9686274509803922	Caryophyllaceae	0.0	Rubiaceae	0.0	Fabaceae	0.0	Lamiaceae	0.0
Andryala_laxiflora_FlowerCloseup_DehesaBoyaldePuertollano.jpg	Asteraceae	Asteraceae	0.9529411764705881	Caryophyllaceae	0.0	Rubiaceae	0.0	Fabaceae	0.0	Lamiaceae	0.0
Anemone-coronaria-2016-Zachi-Evenor.jpg	Ranunculaceae	Papaveraceae	0.3254901960784313	Ranunculaceae	0.20784313725490194	Rosaceae	0.0196078431372549	Fabaceae	0.011764705882352941	Rubiaceae	0.00784313725490196
Anemone_nemorosa_001.JPG	Ranunculaceae	Ranunculaceae	0.9921568627450981	Caryophyllaceae	0.0	Rubiaceae	0.0	Asteraceae	0.0	Fabaceae	0.0
Anemones5.jpg	Ranunculaceae	Ranunculaceae	0.8705882352941177	Papaveraceae	0.027450980392156862	Malvaceae	0.011764705882352941	Asparagaceae	0.00392156862745098	Rosaceae	0.00392156862745098
Ranuncolaceae_-_Anemone_trifolia.JPG	Ranunculaceae	Ranunculaceae	0.9843137254901961	Caryophyllaceae	0.0	Rubiaceae	0.0	Asteraceae	0.0	Fabaceae	0.0
Angelica_pachycarpa_%289063863219%29.jpg	Apiaceae	Apiaceae	0.8549019607843136	Rosaceae	0.0196078431372549	Dryopteridaceae	0.011764705882352941	Haloragaceae	0.00784313725490196	Aspleniaceae	0.00784313725490196
Anogramma_leptophylla.jpg	Pteridaceae	Pteridaceae	0.9411764705882353	Apiaceae	0.01568627450980392	Cystopteridaceae	0.00784313725490196	Euphorbiaceae	0.00392156862745098	Papaveraceae	0.00392156862745098
Pajecznica_liliowata_Anthericum_lilago3.jpg	Asparagaceae	Asparagaceae	0.41568627450980394	Amaryllidaceae	0.25490196078431365	Asphodelaceae	0.1568627450980392	Poaceae	0.058823529411764705	Apiaceae	0.011764705882352941
AnthoxanthumAristatum.jpg	Poaceae	Poaceae	0.8980392156862744	Cyperaceae	0.058823529411764705	Brassicaceae	0.00784313725490196	Juncaceae	0.00392156862745098	Caryophyllaceae	0.0
AnthoxanthumOdoratum.jpg	Poaceae	Poaceae	0.8078431372549016	Cyperaceae	0.047058823529411764	Plantaginaceae	0.01568627450980392	Polygonaceae	0.011764705882352941	Verbenaceae	0.00784313725490196
Anthriscus_caucalis_2004-04-07.jpg	Apiaceae	Apiaceae	0.9921568627450981	Caryophyllaceae	0.0	Rubiaceae	0.0	Asteraceae	0.0	Fabaceae	0.0
Anthriscus_sylvestris_TK_2021-05-16_2.jpg	Apiaceae	Apiaceae	0.7254901960784313	Caprifoliaceae	0.027450980392156862	Rubiaceae	0.023529411764705882	Brassicaceae	0.023529411764705882	Asteraceae	0.011764705882352941
Anthyllis_vulneraria_inflorescence_-_Niitv%C3%A4lja.jpg	Fabaceae	Fabaceae	0.9215686274509803	Asteraceae	0.01568627450980392	Rosaceae	0.00784313725490196	Paeoniaceae	0.00392156862745098	Caryophyllaceae	0.0
Aphanes_arvensis_saint-fuscien_80_19052007_9.jpg	Rosaceae	Rosaceae	0.7843137254901961	Caryophyllaceae	0.03529411764705882	Fabaceae	0.03137254901960784	Ranunculaceae	0.027450980392156862	Montiaceae	0.01568627450980392
Aphanes_arvensis_kz1.jpg	Rosaceae	Rosaceae	0.9882352941176471	Plantaginaceae	0.00392156862745098	Caryophyllaceae	0.0	Rubiaceae	0.0	Asteraceae	0.0
Aphyllanthes_monspeliensis02.jpg	Asparagaceae	Asparagaceae	0.9686274509803922	Caryophyllaceae	0.0	Rubiaceae	0.0	Asteraceae	0.0	Fabaceae	0.0
Helosciadium_nodiflorum_kz17.jpg	Apiaceae	Apiaceae	0.9725490196078431	Caryophyllaceae	0.0	Rubiaceae	0.0	Asteraceae	0.0	Fabaceae	0.0
Aquilegia_vulgaris_-_Harilik_kurekell.jpg	Ranunculaceae	Boraginaceae	0.33725490196078434	Asteraceae	0.1411764705882353	Poaceae	0.08235294117647059	Ranunculaceae	0.06666666666666667	Brassicaceae	0.0392156862745098
Arabidopsis_thaliana.jpg	Brassicaceae	Brassicaceae	0.9490196078431373	Saxifragaceae	0.011764705882352941	Linaceae	0.00784313725490196	Asteraceae	0.00392156862745098	Plumbaginaceae	0.00392156862745098
Arabis_caucasica_002.JPG	Brassicaceae	Brassicaceae	0.5176470588235293	Caryophyllaceae	0.17254901960784313	Boraginaceae	0.047058823529411764	Oxalidaceae	0.027450980392156862	Rosaceae	0.01568627450980392
Arbouses.jpg	Ericaceae	Ericaceae	0.8705882352941177	Asteraceae	0.058823529411764705	Cannaceae	0.00392156862745098	Platanaceae	0.00392156862745098	Caryophyllaceae	0.0
Arctium_minus_corimbo.jpg	Asteraceae	Asteraceae	0.8705882352941177	Rosaceae	0.00784313725490196	Apiaceae	0.00784313725490196	Typhaceae	0.00784313725490196	Boraginaceae	0.00392156862745098
Arctotheca_calendula_2.JPG	Asteraceae	Asteraceae	0.9215686274509803	Amaranthaceae	0.00392156862745098	Caryophyllaceae	0.0	Rubiaceae	0.0	Fabaceae	0.0
Arenaria_serpyllifolia-ssp-leptoclados_brasles_02_19052002_8.JPG	Caryophyllaceae	Caryophyllaceae	0.9176470588235294	Juncaceae	0.00784313725490196	Thesiaceae	0.00784313725490196	Cistaceae	0.00392156862745098	Boraginaceae	0.00392156862745098
Arenaria_montana_2.jpg	Caryophyllaceae	Caryophyllaceae	0.8156862745098039	Ranunculaceae	0.09803921568627451	Cistaceae	0.058823529411764705	Convolvulaceae	0.011764705882352941	Rubiaceae	0.0
Arenaria.serpyllifolia1web.jpg	Caryophyllaceae	Caryophyllaceae	0.6509803921568627	Saxifragaceae	0.11372549019607843	Lamiaceae	0.050980392156862744	Crassulaceae	0.047058823529411764	Brassicaceae	0.03137254901960784
Argyrolobium_zanonii_2007_057.JPG	Fabaceae	Fabaceae	0.8745098039215686	Liliaceae	0.03137254901960784	Asteraceae	0.00784313725490196	Cistaceae	0.00784313725490196	Drosophyllaceae	0.00784313725490196
SERRA_DE_AIRE_-_Arisarum_simorrhinum_Durieu.jpg	Araceae	Araceae	0.9725490196078431	Aristolochiaceae	0.011764705882352941	Orchidaceae	0.00784313725490196	Caryophyllaceae	0.0	Rubiaceae	0.0
Aristoloquia_%28Aristolochia_baetica%29_en_M%C3%A1laga.jpg	Aristolochiaceae	Aristolochiaceae	0.996078431372549	Caryophyllaceae	0.0	Rubiaceae	0.0	Asteraceae	0.0	Fabaceae	0.0
Aristolochia_paucinervis_Habitus_12April2009_DehesaBoyaldePuertollano.jpg	Aristolochiaceae	Aristolochiaceae	0.6	Asteraceae	0.09411764705882353	Scrophulariaceae	0.03137254901960784	Violaceae	0.027450980392156862	Brassicaceae	0.023529411764705882
Aristolochia_pistolochia1.jpg	Aristolochiaceae	Aristolochiaceae	0.996078431372549	Caryophyllaceae	0.0	Rubiaceae	0.0	Asteraceae	0.0	Fabaceae	0.0
Armeria_maritima_Dunnet_Head.jpg	Plumbaginaceae	Plumbaginaceae	0.972549019607843	Amaryllidaceae	0.00392156862745098	Caprifoliaceae	0.00392156862745098	Caryophyllaceae	0.0	Rubiaceae	0.0
Plumbaginaceae_-_Armeria_pungens.jpg	Plumbaginaceae	Plumbaginaceae	0.9647058823529412	Plantaginaceae	0.00392156862745098	Crassulaceae	0.00392156862745098	Caryophyllaceae	0.0	Rubiaceae	0.0
Arnoseris_minima_kz04.jpg	Asteraceae	Asteraceae	1.0	Caryophyllaceae	0.0	Rubiaceae	0.0	Fabaceae	0.0	Lamiaceae	0.0
Glanshaver_plant_Arrhenatherum_elatius.jpg	Poaceae	Poaceae	0.9490196078431371	Cymodoceaceae	0.01568627450980392	Asparagaceae	0.011764705882352941	Cyperaceae	0.00784313725490196	Haloragaceae	0.00392156862745098
Mrzezyno_Artemisia_campestris_littoral_sprout_2010.jpg	Asteraceae	Asteraceae	0.37254901960784315	Rosaceae	0.21176470588235294	Papaveraceae	0.08235294117647059	Fabaceae	0.06666666666666667	Salicaceae	0.058823529411764705
Artemisia_verlotiorum_-_Botanischer_Garten_Mainz_IMG_5511.JPG	Asteraceae	Asteraceae	0.8588235294117648	Apiaceae	0.058823529411764705	Poaceae	0.0196078431372549	Saxifragaceae	0.011764705882352941	Thymelaeaceae	0.011764705882352941
ArtemisiaVulgaris.jpg	Asteraceae	Rosaceae	0.7725490196078431	Asteraceae	0.07450980392156863	Apiaceae	0.01568627450980392	Lamiaceae	0.011764705882352941	Salicaceae	0.011764705882352941
Arum_cylindraceum1.JPG	Araceae	Orchidaceae	0.2627450980392157	Araceae	0.21568627450980393	Poaceae	0.07450980392156863	Asparagaceae	0.043137254901960784	Caryophyllaceae	0.03137254901960784
Flor_de_Arum_italicum.jpg	Araceae	Araceae	0.9372549019607843	Solanaceae	0.0196078431372549	Caryophyllaceae	0.0	Rubiaceae	0.0	Asteraceae	0.0
Arundo.donax2web.jpg	Poaceae	Poaceae	0.996078431372549	Fabaceae	0.00392156862745098	Caryophyllaceae	0.0	Rubiaceae	0.0	Asteraceae	0.0
Asparagus_acutifolius_frutos.jpg	Asparagaceae	Asparagaceae	0.8862745098039215	Fabaceae	0.047058823529411764	Caryophyllaceae	0.011764705882352941	Asteraceae	0.00784313725490196	Lamiaceae	0.00784313725490196
Art%C3%A0_-_Ermita_de_Betlem_-_Asparagus_albus_03_ies.jpg	Asparagaceae	Asparagaceae	0.9333333333333333	Fabaceae	0.0196078431372549	Amaranthaceae	0.011764705882352941	Zygophyllaceae	0.00392156862745098	Caryophyllaceae	0.0
Malta_-_Mellieha_-_Triq_l-Armier_-_Asparagus_aphyllus_01_ies.jpg	Asparagaceae	Polygonaceae	0.23529411764705882	Asparagaceae	0.16078431372549018	Fabaceae	0.08235294117647059	Asteraceae	0.06666666666666667	Plantaginaceae	0.06274509803921569
Asperula_aristata_RF.jpg	Rubiaceae	Rubiaceae	0.9725490196078431	Fabaceae	0.0196078431372549	Caryophyllaceae	0.0	Asteraceae	0.0	Lamiaceae	0.0
Asperula_arvensis1.jpg	Rubiaceae	Campanulaceae	0.3686274509803921	Asteraceae	0.12156862745098039	Asparagaceae	0.11372549019607843	Rubiaceae	0.03529411764705882	Plumbaginaceae	0.023529411764705882
Asphodelus_aestivus.jpg	Asphodelaceae	Asphodelaceae	0.9098039215686273	Iridaceae	0.03137254901960784	Amaryllidaceae	0.023529411764705882	Butomaceae	0.01568627450980392	Orchidaceae	0.00392156862745098
Asphodelus_albus.004_-_A_Coru%C3%B1a.jpg	Asphodelaceae	Asphodelaceae	0.9254901960784313	Caryophyllaceae	0.0	Rubiaceae	0.0	Asteraceae	0.0	Fabaceae	0.0
Asphodelus_fistulosus_%28flowers%29.jpg	Asphodelaceae	Asphodelaceae	0.9647058823529412	Caryophyllaceae	0.0	Rubiaceae	0.0	Asteraceae	0.0	Fabaceae	0.0
Asphodelus_macrocarpus_%281%29.jpg	Asphodelaceae	Asphodelaceae	0.8862745098039215	Amaryllidaceae	0.01568627450980392	Poaceae	0.00784313725490196	Plantaginaceae	0.00784313725490196	Brassicaceae	0.00784313725490196
Asphodelus_ramosus_in_Haifa.jpg	Asphodelaceae	Asphodelaceae	0.9333333333333333	Caryophyllaceae	0.00784313725490196	Amaryllidaceae	0.00392156862745098	Apocynaceae	0.00392156862745098	Rubiaceae	0.0
Asplenium_adiantum-nigrum_030208.jpg	Aspleniaceae	Aspleniaceae	0.9019607843137255	Cystopteridaceae	0.06274509803921569	Davalliaceae	0.00784313725490196	Selaginellaceae	0.00392156862745098	Caryophyllaceae	0.0
Asplenium_marinum_001.JPG	Aspleniaceae	Aspleniaceae	0.8980392156862745	Dennstaedtiaceae	0.00784313725490196	Solanaceae	0.00392156862745098	Poaceae	0.00392156862745098	Dryopteridaceae	0.00392156862745098
Asplenium_onopteris_1.jpg	Aspleniaceae	Aspleniaceae	0.8862745098039215	Davalliaceae	0.043137254901960784	Dryopteridaceae	0.023529411764705882	Cystopteridaceae	0.00784313725490196	Caryophyllaceae	0.0
Petrarchae.jpg	Aspleniaceae	Rosaceae	0.5725490196078431	Aspleniaceae	0.1803921568627451	Brassicaceae	0.054901960784313725	Cystopteridaceae	0.0392156862745098	Ranunculaceae	0.023529411764705882
Asplenium_ruta_muraria2.jpg	Aspleniaceae	Aspleniaceae	0.9882352941176471	Caryophyllaceae	0.00784313725490196	Rubiaceae	0.0	Asteraceae	0.0	Fabaceae	0.0
Asplenium_septentrionale_2005.07.11_11.35.02-p7110215.jpg	Aspleniaceae	Aspleniaceae	0.9882352941176471	Caryophyllaceae	0.0	Rubiaceae	0.0	Asteraceae	0.0	Fabaceae	0.0
Asplenium_trichomanes_subsp_quadrivalens.jpg	Aspleniaceae	Aspleniaceae	0.5568627450980392	Dryopteridaceae	0.12549019607843137	Plantaginaceae	0.03137254901960784	Polypodiaceae	0.01568627450980392	Asteraceae	0.011764705882352941
Pampilho-aqu%C3%A1tico_%282462845692%29.jpg	Asteraceae	Asteraceae	0.9490196078431372	Euphorbiaceae	0.00392156862745098	Resedaceae	0.00392156862745098	Caryophyllaceae	0.0	Rubiaceae	0.0
Astragalus_glycyphyllos_fruit.jpg	Fabaceae	Fabaceae	0.8313725490196078	Cyperaceae	0.011764705882352941	Polygonaceae	0.00784313725490196	Papaveraceae	0.00392156862745098	Liliaceae	0.00392156862745098
Gon%C3%AE_%28Astragalus_hamosus%29.jpg	Fabaceae	Fabaceae	0.5058823529411764	Poaceae	0.26274509803921564	Asteraceae	0.11764705882352941	Lamiaceae	0.0196078431372549	Brassicaceae	0.00784313725490196
Astragalus_tragacantha_4.jpg	Fabaceae	Fabaceae	0.996078431372549	Caryophyllaceae	0.0	Rubiaceae	0.0	Asteraceae	0.0	Lamiaceae	0.0
Athyrium_filix-femina0.jpg	Athyriaceae	Dryopteridaceae	0.22745098039215683	Athyriaceae	0.06666666666666667	Thelypteridaceae	0.047058823529411764	Dennstaedtiaceae	0.027450980392156862	Caryophyllaceae	0.01568627450980392
Atriplex_halimus_kz2.JPG	Amaranthaceae	Amaranthaceae	0.7764705882352941	Euphorbiaceae	0.21176470588235294	Cistaceae	0.00784313725490196	Caryophyllaceae	0.0	Rubiaceae	0.0
UitstaandeMeldeSorinnesDSCN4516.JPG	Amaranthaceae	Resedaceae	0.3921568627450981	Asteraceae	0.3686274509803921	Brassicaceae	0.10588235294117647	Scrophulariaceae	0.050980392156862744	Plantaginaceae	0.01568627450980392
Atriplex_prostrata_2017-09-16_4066.jpg	Amaranthaceae	Amaranthaceae	0.9764705882352941	Polygonaceae	0.00392156862745098	Smilacaceae	0.00392156862745098	Caryophyllaceae	0.0	Rubiaceae	0.0
Poaceae_-_Avena_barbata_%288304690940%29.jpg	Poaceae	Poaceae	0.968627450980392	Caryophyllaceae	0.0	Rubiaceae	0.0	Asteraceae	0.0	Fabaceae	0.0
Avena_May_2010-3.jpg	Poaceae	Poaceae	0.8666666666666666	Salicaceae	0.00392156862745098	Caryophyllaceae	0.0	Rubiaceae	0.0	Asteraceae	0.0
Avena_sativa_L.jpg	Poaceae	Poaceae	0.8235294117647056	Fabaceae	0.03137254901960784	Cyperaceae	0.023529411764705882	Amaryllidaceae	0.011764705882352941	Iridaceae	0.00392156862745098
Water_Fern_Azolla_filiculoides_%286165580451%29.jpg	Salviniaceae	Haloragaceae	0.23137254901960785	Salviniaceae	0.17254901960784313	Araceae	0.0784313725490196	Rosaceae	0.050980392156862744	Potamogetonaceae	0.03529411764705882
BaldelliaRanunculoides3.jpg	Alismataceae	Alismataceae	1.0	Caryophyllaceae	0.0	Rubiaceae	0.0	Asteraceae	0.0	Fabaceae	0.0
BaldelliaRanunculoides.jpg	Alismataceae	Alismataceae	0.9843137254901959	Typhaceae	0.00784313725490196	Ranunculaceae	0.00392156862745098	Caryophyllaceae	0.0	Rubiaceae	0.0
Ballota_hirsuta_flowers.jpg	Lamiaceae	Lamiaceae	0.8274509803921568	Polygonaceae	0.00784313725490196	Rubiaceae	0.00392156862745098	Apiaceae	0.00392156862745098	Orobanchaceae	0.00392156862745098
Ballota_nigra_2005.06.19_10.13.06-p6190007.jpg	Lamiaceae	Lamiaceae	0.9450980392156862	Urticaceae	0.00784313725490196	Lythraceae	0.00392156862745098	Geraniaceae	0.00392156862745098	Caryophyllaceae	0.0
Barbarea_intermedia_03.jpg	Brassicaceae	Brassicaceae	0.8901960784313725	Euphorbiaceae	0.011764705882352941	Fabaceae	0.00784313725490196	Asteraceae	0.00392156862745098	Linaceae	0.00392156862745098
%28MHNT%29_Barbarea_vulgaris_-_Habit.jpg	Brassicaceae	Brassicaceae	0.968627450980392	Asteraceae	0.01568627450980392	Caryophyllaceae	0.0	Rubiaceae	0.0	Fabaceae	0.0
Kochia_aka_Fire_bush_7128.JPG	Amaranthaceae	Amaranthaceae	0.984313725490196	Equisetaceae	0.00784313725490196	Caryophyllaceae	0.0	Rubiaceae	0.0	Asteraceae	0.0
Bellisannua1.jpg	Asteraceae	Asteraceae	0.5333333333333333	Convolvulaceae	0.08235294117647059	Caryophyllaceae	0.03137254901960784	Fabaceae	0.0196078431372549	Plantaginaceae	0.01568627450980392
Belis_peremnis_-_panoramio.jpg	Asteraceae	Asteraceae	0.6352941176470588	Aizoaceae	0.01568627450980392	Fabaceae	0.00784313725490196	Cyperaceae	0.00392156862745098	Plantaginaceae	0.00392156862745098
Bellis_2007-1.jpg	Asteraceae	Asteraceae	0.9960784313725489	Caryophyllaceae	0.0	Rubiaceae	0.0	Fabaceae	0.0	Lamiaceae	0.0
Beta_vulgaris_maritima02.jpg	Amaranthaceae	Amaranthaceae	0.14901960784313725	Brassicaceae	0.08627450980392157	Polygonaceae	0.06274509803921569	Asteraceae	0.050980392156862744	Scrophulariaceae	0.050980392156862744
Betula_pubescens_-_Burgwald_002.jpg	Betulaceae	Salicaceae	0.396078431372549	Oleaceae	0.3568627450980392	Fagaceae	0.050980392156862744	Fabaceae	0.023529411764705882	Platanaceae	0.023529411764705882
Bidens_aurea_%289471534051%29.jpg	Asteraceae	Asteraceae	0.9333333333333332	Fabaceae	0.00392156862745098	Potamogetonaceae	0.00392156862745098	Ranunculaceae	0.00392156862745098	Caryophyllaceae	0.0
Bidens_frondosa.jpg	Asteraceae	Asteraceae	0.7137254901960783	Brassicaceae	0.09803921568627451	Rosaceae	0.023529411764705882	Fabaceae	0.0196078431372549	Plantaginaceae	0.0196078431372549
Bidens_pilosa-Silent_Valley-2016-08-13-001.jpg	Asteraceae	Asteraceae	0.972549019607843	Caryophyllaceae	0.0	Rubiaceae	0.0	Fabaceae	0.0	Lamiaceae	0.0
Bituminaria_bituminosa_flower.jpg	Fabaceae	Fabaceae	0.9607843137254901	Asteraceae	0.00784313725490196	Polygalaceae	0.00392156862745098	Caryophyllaceae	0.0	Rubiaceae	0.0
Yellow-wort._Blackstonia_perfoliata._Gentianaceae_%2832287314168%29.jpg	Gentianaceae	Gentianaceae	1.0	Caryophyllaceae	0.0	Rubiaceae	0.0	Asteraceae	0.0	Fabaceae	0.0
Blackstonia_perfoliata1.jpg	Gentianaceae	Gentianaceae	0.9019607843137254	Fabaceae	0.011764705882352941	Asteraceae	0.00392156862745098	Caryophyllaceae	0.0	Rubiaceae	0.0
Bolboschoenus_yagara.jpeg	Cyperaceae	Cyperaceae	0.9725490196078431	Caryophyllaceae	0.0	Rubiaceae	0.0	Asteraceae	0.0	Fabaceae	0.0
BolboschoenusMaritimus2.jpg	Cyperaceae	Cyperaceae	0.972549019607843	Fabaceae	0.00392156862745098	Caryophyllaceae	0.0	Rubiaceae	0.0	Asteraceae	0.0
Bombycilaena_erecta_1_%28Espagne%29.jpg	Asteraceae	Asteraceae	0.8862745098039214	Brassicaceae	0.00784313725490196	Caryophyllaceae	0.00392156862745098	Lamiaceae	0.00392156862745098	Plumbaginaceae	0.00392156862745098
Borage_starflower_Rohtopurasruoho_01.jpg	Boraginaceae	Boraginaceae	0.9764705882352941	Caryophyllaceae	0.0	Rubiaceae	0.0	Asteraceae	0.0	Fabaceae	0.0
Brachypodium_distachyon_Bd21-3.jpg	Poaceae	Poaceae	0.8431372549019609	Fabaceae	0.027450980392156862	Orchidaceae	0.00784313725490196	Linaceae	0.00784313725490196	Asteraceae	0.00392156862745098
Brachypodium_retusum_hivern_Canyelles.jpg	Poaceae	Poaceae	0.8705882352941176	Fabaceae	0.011764705882352941	Cyperaceae	0.011764705882352941	Apiaceae	0.00784313725490196	Juncaceae	0.00784313725490196
Brachypodium_sylvaticum_hivern.jpg	Poaceae	Juncaceae	0.25098039215686274	Poaceae	0.21176470588235297	Salicaceae	0.10196078431372549	Blechnaceae	0.058823529411764705	Fabaceae	0.03137254901960784
Brassica_oleracea0.jpg	Brassicaceae	Asteraceae	0.45490196078431366	Cucurbitaceae	0.1843137254901961	Amaranthaceae	0.12941176470588237	Solanaceae	0.0392156862745098	Brassicaceae	0.03529411764705882
Starr_050530-2059_Briza_maxima.jpg	Poaceae	Poaceae	0.9137254901960784	Caryophyllaceae	0.011764705882352941	Asteraceae	0.00392156862745098	Fabaceae	0.00392156862745098	Ophioglossaceae	0.00392156862745098
Briza_media.jpg	Poaceae	Poaceae	0.38431372549019593	Caryophyllaceae	0.050980392156862744	Asteraceae	0.047058823529411764	Juncaceae	0.047058823529411764	Fabaceae	0.023529411764705882
Briza_minor3.jpg	Poaceae	Poaceae	0.9450980392156862	Euphorbiaceae	0.00392156862745098	Caryophyllaceae	0.0	Rubiaceae	0.0	Asteraceae	0.0
Starr_080418-4233_Bromus_catharticus.jpg	Poaceae	Poaceae	0.9882352941176471	Caryophyllaceae	0.0	Rubiaceae	0.0	Asteraceae	0.0	Fabaceae	0.0
Bromusdiandrus.jpg	Poaceae	Poaceae	0.7176470588235292	Typhaceae	0.043137254901960784	Potamogetonaceae	0.01568627450980392	Caryophyllaceae	0.011764705882352941	Asteraceae	0.011764705882352941
Zachte_dravik_in_bloei_Bromus_mollis.jpg	Poaceae	Poaceae	0.6627450980392156	Apiaceae	0.043137254901960784	Plantaginaceae	0.03529411764705882	Asparagaceae	0.0196078431372549	Juncaceae	0.0196078431372549
Bromus_racemosus.jpg	Poaceae	Poaceae	0.9294117647058822	Cupressaceae	0.0392156862745098	Linaceae	0.00392156862745098	Convolvulaceae	0.00392156862745098	Tamaricaceae	0.00392156862745098
Bromus_ramosus_IP0706072.JPG	Poaceae	Poaceae	0.9647058823529411	Caryophyllaceae	0.0	Rubiaceae	0.0	Asteraceae	0.0	Fabaceae	0.0
Bromus-rubens-20080327.JPG	Poaceae	Poaceae	0.9215686274509804	Melanthiaceae	0.00784313725490196	Asteraceae	0.00392156862745098	Amaryllidaceae	0.00392156862745098	Boraginaceae	0.00392156862745098
Bromus_squarrosus_NRCS-1.jpg	Poaceae	Poaceae	0.4235294117647058	Asteraceae	0.08235294117647059	Paeoniaceae	0.043137254901960784	Platanaceae	0.03137254901960784	Amaryllidaceae	0.027450980392156862
Bromus_sterilis_detail.jpeg	Poaceae	Poaceae	0.8784313725490195	Asteraceae	0.00392156862745098	Onagraceae	0.00392156862745098	Caryophyllaceae	0.0	Rubiaceae	0.0
P1000627_Bryonia_dioica_%28Cucurbitaceae%29_Plant.JPG	Cucurbitaceae	Moraceae	0.8431372549019608	Aizoaceae	0.03137254901960784	Urticaceae	0.01568627450980392	Cistaceae	0.011764705882352941	Sapindaceae	0.011764705882352941
BuddlejaDavidiiStrauch.jpg	Scrophulariaceae	Scrophulariaceae	0.7019607843137254	Apiaceae	0.043137254901960784	Verbenaceae	0.0392156862745098	Asteraceae	0.0196078431372549	Ericaceae	0.011764705882352941
Lithospermum_arvense_W.jpg	Boraginaceae	Boraginaceae	0.9921568627450981	Caryophyllaceae	0.0	Rubiaceae	0.0	Asteraceae	0.0	Fabaceae	0.0
Bunias_orientalis_eF.jpg	Brassicaceae	Brassicaceae	0.2901960784313725	Asteraceae	0.21176470588235294	Poaceae	0.10980392156862745	Ranunculaceae	0.07450980392156863	Fabaceae	0.03529411764705882
Bunium_bulbocatstanum_RH._%283%29.jpg	Apiaceae	Apiaceae	0.9803921568627452	Amaryllidaceae	0.00784313725490196	Caryophyllaceae	0.0	Rubiaceae	0.0	Asteraceae	0.0
Bupleurum_fruticosum3.jpg	Apiaceae	Apiaceae	1.0	Caryophyllaceae	0.0	Rubiaceae	0.0	Asteraceae	0.0	Fabaceae	0.0
Bupleurum_rotundifolium_Llez_001.jpg	Apiaceae	Euphorbiaceae	0.15294117647058825	Apiaceae	0.08627450980392157	Caprifoliaceae	0.054901960784313725	Ranunculaceae	0.054901960784313725	Fabaceae	0.047058823529411764
Bupleurum_tenuissimum.jpeg	Apiaceae	Apiaceae	0.9921568627450981	Linaceae	0.00784313725490196	Juncaceae	0.00392156862745098	Caryophyllaceae	0.0	Rubiaceae	0.0
Butomus_umbellatus_-_harilik_luigelill_Keilas.jpg	Butomaceae	Butomaceae	0.3607843137254902	Fabaceae	0.08235294117647059	Rubiaceae	0.07450980392156863	Amaryllidaceae	0.050980392156862744	Apocynaceae	0.0392156862745098
Buxus_sempervirens.jpg	Buxaceae	Salicaceae	0.5529411764705883	Cupressaceae	0.1411764705882353	Taxaceae	0.12156862745098039	Fabaceae	0.058823529411764705	Fagaceae	0.01568627450980392
Cakile-maritima-%28eurMeersenf%29_1.jpg	Brassicaceae	Caryophyllaceae	0.6	Aizoaceae	0.09411764705882353	Convolvulaceae	0.06666666666666667	Lamiaceae	0.03137254901960784	Oxalidaceae	0.023529411764705882
Calamagrostis.arundinacea.jpg	Poaceae	Poaceae	0.9254901960784312	Primulaceae	0.0196078431372549	Thymelaeaceae	0.00784313725490196	Fabaceae	0.00392156862745098	Plantaginaceae	0.00392156862745098
Calendula_January_2008-1_filtered.jpg	Asteraceae	Asteraceae	0.7960784313725489	Caryophyllaceae	0.027450980392156862	Lamiaceae	0.00392156862745098	Onagraceae	0.00392156862745098	Aristolochiaceae	0.00392156862745098
Calicotome_villosa3.JPG	Fabaceae	Fabaceae	0.9607843137254901	Montiaceae	0.00392156862745098	Caryophyllaceae	0.0	Rubiaceae	0.0	Asteraceae	0.0
Fig._07_Callitriche_brutia%2C_C._lustianica.jpg	Plantaginaceae	Brassicaceae	0.2588235294117647	Ranunculaceae	0.22352941176470587	Apiaceae	0.07058823529411765	Poaceae	0.047058823529411764	Potamogetonaceae	0.0196078431372549
Callitrichestagnalis.jpg	Plantaginaceae	Plantaginaceae	0.5568627450980392	Rubiaceae	0.13333333333333333	Primulaceae	0.027450980392156862	Araceae	0.0196078431372549	Caryophyllaceae	0.01568627450980392
CallunaVulgaris.jpg	Ericaceae	Ericaceae	0.9725490196078431	Caryophyllaceae	0.0	Rubiaceae	0.0	Asteraceae	0.0	Fabaceae	0.0
Caltha_palustris_plant.JPG	Ranunculaceae	Ranunculaceae	0.9921568627450981	Caryophyllaceae	0.0	Rubiaceae	0.0	Asteraceae	0.0	Fabaceae	0.0
Calystegia_April_2008-1.jpg	Convolvulaceae	Convolvulaceae	0.7215686274509803	Cistaceae	0.0196078431372549	Caryophyllaceae	0.00392156862745098	Onagraceae	0.00392156862745098	Orobanchaceae	0.00392156862745098
Calystegia_silvatica.jpg	Convolvulaceae	Convolvulaceae	0.7372549019607842	Malvaceae	0.03137254901960784	Rosaceae	0.023529411764705882	Fabaceae	0.00784313725490196	Cistaceae	0.00784313725490196
Calystegia_soldanella_060524wb.jpg	Convolvulaceae	Convolvulaceae	0.780392156862745	Amaryllidaceae	0.00392156862745098	Orobanchaceae	0.00392156862745098	Frankeniaceae	0.00392156862745098	Caryophyllaceae	0.0
Camelina_microcarpa_NPS-1.jpg	Brassicaceae	Brassicaceae	0.9803921568627451	Asphodelaceae	0.00784313725490196	Primulaceae	0.00392156862745098	Caryophyllaceae	0.0	Rubiaceae	0.0
Campanula_erinus_kz1.JPG	Campanulaceae	Boraginaceae	0.20784313725490194	Caryophyllaceae	0.13725490196078433	Campanulaceae	0.10196078431372549	Fabaceae	0.08235294117647059	Rubiaceae	0.07058823529411765
Campanula_lusitanica_20140501.jpg	Campanulaceae	Campanulaceae	0.9098039215686274	Ranunculaceae	0.01568627450980392	Plantaginaceae	0.00392156862745098	Caprifoliaceae	0.00392156862745098	Caryophyllaceae	0.0
Campanulaceae_-_Campanula_rapunculus-5.JPG	Campanulaceae	Campanulaceae	0.4588235294117647	Gentianaceae	0.09411764705882353	Asparagaceae	0.06274509803921569	Orchidaceae	0.03529411764705882	Lamiaceae	0.027450980392156862
Cinnamon-bellied_flowerpiercer_%28Diglossa_baritula%29_male_on_Indian_shot_%28Canna_indica%29_Finca_El_Pilar.jpg	Cannaceae	Cannaceae	0.16470588235294117	Juncaceae	0.10980392156862745	Orchidaceae	0.050980392156862744	Poaceae	0.043137254901960784	Crassulaceae	0.043137254901960784
A_Field_of_Shepherd%E2%80%99s-purse.jpg	Brassicaceae	Brassicaceae	0.5372549019607843	Rubiaceae	0.27058823529411763	Caryophyllaceae	0.06274509803921569	Apiaceae	0.0196078431372549	Poaceae	0.01568627450980392
Cardamine_flexuosa_eF.jpg	Brassicaceae	Brassicaceae	0.7254901960784312	Heliotropiaceae	0.09019607843137255	Apiaceae	0.043137254901960784	Papaveraceae	0.0392156862745098	Boraginaceae	0.027450980392156862
Kleine_veldkers_Cardamine_hirsuta_plant.jpg	Brassicaceae	Brassicaceae	0.9529411764705882	Plantaginaceae	0.00392156862745098	Caryophyllaceae	0.0	Rubiaceae	0.0	Asteraceae	0.0
Wiesenschaumkraut_%28Cardamine_pratensis%29-20200416-RM-095356.jpg	Brassicaceae	Brassicaceae	0.9921568627450981	Oxalidaceae	0.00392156862745098	Caryophyllaceae	0.0	Rubiaceae	0.0	Asteraceae	0.0
Carduus_pycnocephalus_2.jpg	Asteraceae	Asteraceae	0.9568627450980389	Apiaceae	0.00392156862745098	Caryophyllaceae	0.0	Rubiaceae	0.0	Fabaceae	0.0
Carduus_tenuiflorus1.jpg	Asteraceae	Asteraceae	0.9254901960784314	Poaceae	0.00392156862745098	Caryophyllaceae	0.0	Rubiaceae	0.0	Fabaceae	0.0
CarexArenaria.jpg	Cyperaceae	Cyperaceae	0.5215686274509803	Juncaceae	0.4156862745098039	Asteraceae	0.00392156862745098	Caryophyllaceae	0.0	Rubiaceae	0.0
Carex_caryophyllea_%28Ankstyvoji_viksva%29001.JPG	Cyperaceae	Cyperaceae	0.7921568627450979	Poaceae	0.1764705882352941	Fabaceae	0.00392156862745098	Caryophyllaceae	0.0	Rubiaceae	0.0
Carex.demissa.-.lindsey.jpg	Cyperaceae	Cyperaceae	0.7921568627450979	Typhaceae	0.03529411764705882	Apocynaceae	0.023529411764705882	Poaceae	0.00784313725490196	Apiaceae	0.00784313725490196
Carex_distans_maennl.jpeg	Cyperaceae	Cyperaceae	0.8274509803921567	Poaceae	0.011764705882352941	Caryophyllaceae	0.00392156862745098	Asteraceae	0.00392156862745098	Pteridaceae	0.00392156862745098
Carex_divisa.jpg	Cyperaceae	Cyperaceae	0.8980392156862743	Juncaceae	0.0784313725490196	Poaceae	0.00392156862745098	Caryophyllaceae	0.0	Rubiaceae	0.0
Carex.echinata.jpg	Cyperaceae	Cyperaceae	0.9450980392156862	Juncaceae	0.01568627450980392	Primulaceae	0.00392156862745098	Caryophyllaceae	0.0	Rubiaceae	0.0
Carex_elata.jpg	Cyperaceae	Poaceae	0.4901960784313726	Cyperaceae	0.30196078431372547	Plantaginaceae	0.050980392156862744	Lamiaceae	0.00784313725490196	Asteraceae	0.00392156862745098
Carex_extensa_%281%29.jpg	Cyperaceae	Cyperaceae	0.9490196078431372	Salicaceae	0.00392156862745098	Apiaceae	0.00392156862745098	Ranunculaceae	0.00392156862745098	Thymelaeaceae	0.00392156862745098
Carex_flacca.jpeg	Cyperaceae	Poaceae	0.996078431372549	Cyperaceae	0.00784313725490196	Caryophyllaceae	0.0	Rubiaceae	0.0	Asteraceae	0.0
Carex_hirta_utricles.jpg	Cyperaceae	Cyperaceae	0.5294117647058824	Fabaceae	0.0392156862745098	Apocynaceae	0.023529411764705882	Asteraceae	0.0196078431372549	Plantaginaceae	0.0196078431372549
Carex_hispida_kz1.jpg	Cyperaceae	Cyperaceae	0.6196078431372549	Poaceae	0.2901960784313725	Juncaceae	0.01568627450980392	Asparagaceae	0.00784313725490196	Fabaceae	0.00392156862745098
Carex_lepidocarpa_inflorescens_%2804%29.jpg	Cyperaceae	Cyperaceae	0.996078431372549	Caryophyllaceae	0.0	Rubiaceae	0.0	Asteraceae	0.0	Fabaceae	0.0
Carex.ovalis.2.jpg	Cyperaceae	Cyperaceae	0.780392156862745	Poaceae	0.03137254901960784	Juncaceae	0.0196078431372549	Fabaceae	0.00392156862745098	Orchidaceae	0.00392156862745098
Carex_muricata_-_siiltarn_Keilas.jpg	Cyperaceae	Cyperaceae	0.9098039215686273	Juncaceae	0.011764705882352941	Ericaceae	0.00784313725490196	Fabaceae	0.00392156862745098	Orchidaceae	0.00392156862745098
Carex_nigra.JPG	Cyperaceae	Cyperaceae	0.996078431372549	Caryophyllaceae	0.0	Rubiaceae	0.0	Asteraceae	0.0	Fabaceae	0.0
Carex_panicea_fruchtstand.jpeg	Cyperaceae	Cyperaceae	0.6588235294117646	Poaceae	0.10196078431372549	Plantaginaceae	0.03529411764705882	Orchidaceae	0.011764705882352941	Asphodelaceae	0.011764705882352941
Carex_paniculata_fruchtstand.jpeg	Cyperaceae	Cyperaceae	0.9686274509803922	Juncaceae	0.01568627450980392	Polygonaceae	0.00392156862745098	Scrophulariaceae	0.00392156862745098	Caryophyllaceae	0.0
Carex_pendula_1.jpg	Cyperaceae	Cyperaceae	0.9568627450980391	Juncaceae	0.011764705882352941	Asparagaceae	0.00392156862745098	Poaceae	0.00392156862745098	Liliaceae	0.00392156862745098
Carex_pilulifera.jpeg	Cyperaceae	Cyperaceae	0.9882352941176469	Caryophyllaceae	0.0	Rubiaceae	0.0	Asteraceae	0.0	Fabaceae	0.0
Carex_pseudocyperus.jpeg	Cyperaceae	Cyperaceae	0.9098039215686274	Poaceae	0.011764705882352941	Caryophyllaceae	0.0	Rubiaceae	0.0	Asteraceae	0.0
Carex_punctata_inflorescens_%283%29.jpg	Cyperaceae	Cyperaceae	0.9254901960784313	Fabaceae	0.00392156862745098	Poaceae	0.00392156862745098	Caryophyllaceae	0.0	Rubiaceae	0.0
Carex_remota_by_stream.jpg	Cyperaceae	Cyperaceae	0.9764705882352941	Poaceae	0.00784313725490196	Caryophyllaceae	0.0	Rubiaceae	0.0	Asteraceae	0.0
CarexRiparia1.jpg	Cyperaceae	Cyperaceae	0.9999999999999999	Caryophyllaceae	0.0	Rubiaceae	0.0	Asteraceae	0.0	Fabaceae	0.0
Carex_sylvatica.jpg	Cyperaceae	Cyperaceae	0.6	Poaceae	0.3686274509803922	Asparagaceae	0.00784313725490196	Caryophyllaceae	0.0	Rubiaceae	0.0
Carex_trinervis_inflorescens_%282%29.jpg	Cyperaceae	Cyperaceae	0.7294117647058823	Poaceae	0.09803921568627451	Apiaceae	0.023529411764705882	Asteraceae	0.0196078431372549	Fabaceae	0.01568627450980392
Carex_vesicaria_inflorescense_%2821%29.jpg	Cyperaceae	Cyperaceae	0.9333333333333333	Salicaceae	0.00784313725490196	Poaceae	0.00784313725490196	Apocynaceae	0.00392156862745098	Caryophyllaceae	0.0
Carpobrotus_edulis_on_the_sand_dunes_of_Waimairi_Beach%2C_Christchurch%2C_New_Zealand_05.jpg	Aizoaceae	Aizoaceae	0.9411764705882353	Asteraceae	0.03137254901960784	Caryophyllaceae	0.0	Rubiaceae	0.0	Fabaceae	0.0
C.carricht.-8.JPG	Brassicaceae	Brassicaceae	0.988235294117647	Papaveraceae	0.00392156862745098	Caryophyllaceae	0.0	Rubiaceae	0.0	Asteraceae	0.0
Carthamus_lanatus_1_bgiu.jpg	Asteraceae	Asteraceae	0.5019607843137254	Fabaceae	0.09803921568627451	Solanaceae	0.00784313725490196	Apiaceae	0.00784313725490196	Ranunculaceae	0.00784313725490196
Chestnuts.jpg	Fagaceae	Fagaceae	0.8588235294117647	Fabaceae	0.023529411764705882	Rosaceae	0.01568627450980392	Asteraceae	0.011764705882352941	Euphorbiaceae	0.00784313725490196
Catananche_caerulea_001.jpg	Asteraceae	Asteraceae	0.9294117647058823	Iridaceae	0.00392156862745098	Malvaceae	0.00392156862745098	Ranunculaceae	0.00392156862745098	Caryophyllaceae	0.0
Catapodium_marinum_inflorescence_%282%29.jpg	Poaceae	Poaceae	0.39999999999999997	Aspleniaceae	0.15294117647058825	Apiaceae	0.11764705882352941	Rubiaceae	0.07450980392156863	Euphorbiaceae	0.07058823529411765
Catapodium_rigidum_2.jpg	Poaceae	Poaceae	0.6313725490196076	Fabaceae	0.043137254901960784	Brassicaceae	0.023529411764705882	Caryophyllaceae	0.0196078431372549	Cyperaceae	0.011764705882352941
Centaurea_alba.jpg	Asteraceae	Asteraceae	0.7568627450980391	Caryophyllaceae	0.00392156862745098	Amaryllidaceae	0.00392156862745098	Rosaceae	0.00392156862745098	Plantaginaceae	0.00392156862745098
Centaurea_aspera3.JPG	Asteraceae	Asteraceae	0.8941176470588235	Orchidaceae	0.00784313725490196	Poaceae	0.00784313725490196	Caryophyllaceae	0.00392156862745098	Rubiaceae	0.0
Centaurea_calcitrapa_001.jpg	Asteraceae	Asteraceae	0.41960784313725485	Amaranthaceae	0.011764705882352941	Plantaginaceae	0.00784313725490196	Rubiaceae	0.00392156862745098	Fabaceae	0.00392156862745098
Centaurea_collina_2.jpg	Asteraceae	Asteraceae	0.984313725490196	Caryophyllaceae	0.0	Rubiaceae	0.0	Fabaceae	0.0	Lamiaceae	0.0
Centaurea_cyanus_3.jpg	Asteraceae	Asteraceae	0.9803921568627451	Campanulaceae	0.00784313725490196	Caryophyllaceae	0.0	Rubiaceae	0.0	Fabaceae	0.0
Maltese_star_thistle_%28Centaurea_melitensis%29_%285831615942%29.jpg	Asteraceae	Asteraceae	0.8784313725490196	Fabaceae	0.01568627450980392	Boraginaceae	0.00392156862745098	Caryophyllaceae	0.0	Rubiaceae	0.0
Centaurea_nigra-3233.jpg	Asteraceae	Asteraceae	0.9803921568627451	Caryophyllaceae	0.0	Rubiaceae	0.0	Fabaceae	0.0	Lamiaceae	0.0
Centaurea_pullata_b.JPG	Asteraceae	Asteraceae	0.9686274509803922	Caryophyllaceae	0.0	Rubiaceae	0.0	Fabaceae	0.0	Lamiaceae	0.0
Centaurea_paniculata.JPG	Asteraceae	Asteraceae	0.5372549019607843	Fabaceae	0.01568627450980392	Plantaginaceae	0.01568627450980392	Lamiaceae	0.011764705882352941	Caryophyllaceae	0.00784313725490196
Centaurea_pullata_canada_FlowersCloseup_01May2009_CampodeCalatrava.jpg	Asteraceae	Asteraceae	0.9803921568627451	Caprifoliaceae	0.00392156862745098	Aizoaceae	0.00392156862745098	Caryophyllaceae	0.0	Rubiaceae	0.0
Flower_April_2010-3.jpg	Asteraceae	Asteraceae	0.9803921568627451	Caryophyllaceae	0.0	Rubiaceae	0.0	Fabaceae	0.0	Lamiaceae	0.0
Centaurium_erythraea_220603.jpg	Gentianaceae	Gentianaceae	0.9333333333333333	Lythraceae	0.011764705882352941	Caryophyllaceae	0.00784313725490196	Hypericaceae	0.00392156862745098	Rubiaceae	0.0
Centaurium_erythraea_%28plant%29.jpg	Gentianaceae	Gentianaceae	0.9764705882352941	Caryophyllaceae	0.0	Rubiaceae	0.0	Asteraceae	0.0	Fabaceae	0.0
CentauriumPulchellum.jpg	Gentianaceae	Gentianaceae	0.8274509803921568	Caryophyllaceae	0.06274509803921569	Onagraceae	0.011764705882352941	Geraniaceae	0.00784313725490196	Lythraceae	0.00392156862745098
Centranthus_calcitrapa.JPG	Caprifoliaceae	Caprifoliaceae	0.9882352941176471	Caryophyllaceae	0.0	Rubiaceae	0.0	Asteraceae	0.0	Fabaceae	0.0
GardenValerian.jpg	Caprifoliaceae	Caprifoliaceae	0.8274509803921568	Apiaceae	0.07450980392156863	Crassulaceae	0.00784313725490196	Verbenaceae	0.00784313725490196	Asteraceae	0.00392156862745098
Lysimachia_minima.jpg	Primulaceae	Brassicaceae	0.6862745098039216	Boraginaceae	0.09803921568627451	Thesiaceae	0.054901960784313725	Fabaceae	0.03137254901960784	Elatinaceae	0.03137254901960784
Cephalanthera_longifolia_seglea.jpg	Orchidaceae	Orchidaceae	0.8313725490196079	Aspleniaceae	0.01568627450980392	Acanthaceae	0.011764705882352941	Brassicaceae	0.00784313725490196	Fabaceae	0.00392156862745098
Cephalanthera_rubra_catena-rangeval_55_170602_2.JPG	Orchidaceae	Orchidaceae	0.6901960784313724	Campanulaceae	0.00784313725490196	Iridaceae	0.00784313725490196	Fabaceae	0.00392156862745098	Lamiaceae	0.00392156862745098
Caprifoliaceae_-_Cephalaria_leucantha.JPG	Caprifoliaceae	Caprifoliaceae	0.22745098039215683	Campanulaceae	0.20392156862745095	Amaryllidaceae	0.13333333333333333	Plumbaginaceae	0.12156862745098039	Caryophyllaceae	0.058823529411764705
Cerastium_brachypetalum_W.jpg	Caryophyllaceae	Caryophyllaceae	0.9333333333333333	Plantaginaceae	0.00392156862745098	Geraniaceae	0.00392156862745098	Rubiaceae	0.0	Asteraceae	0.0
Cerastium_diffusum_2.jpg	Caryophyllaceae	Caryophyllaceae	0.9686274509803922	Boraginaceae	0.00784313725490196	Thesiaceae	0.00392156862745098	Rubiaceae	0.0	Asteraceae	0.0
Gewone_hoornbloem_R0019819.JPG	Caryophyllaceae	Caryophyllaceae	0.972549019607843	Rubiaceae	0.0	Asteraceae	0.0	Fabaceae	0.0	Lamiaceae	0.0
%28MHNT%29_Cerastium_glomeratum_-_habitus.jpg	Caryophyllaceae	Caryophyllaceae	0.31372549019607837	Solanaceae	0.11764705882352941	Lamiaceae	0.10196078431372549	Plantaginaceae	0.0784313725490196	Euphorbiaceae	0.07450980392156863
Cerastium_arvense_-_Acker-Hornkraut_Detail.JPG	Caryophyllaceae	Caryophyllaceae	0.34901960784313724	Saxifragaceae	0.22745098039215686	Linaceae	0.023529411764705882	Oxalidaceae	0.023529411764705882	Asteraceae	0.0196078431372549
Corydalis_claviculata.jpeg	Papaveraceae	Papaveraceae	1.0	Caryophyllaceae	0.0	Rubiaceae	0.0	Asteraceae	0.0	Fabaceae	0.0
Ceratonia_siliqua_Keciboynuzu_1370984_Nevit.jpg	Fabaceae	Fabaceae	0.8745098039215685	Salicaceae	0.023529411764705882	Moraceae	0.01568627450980392	Aristolochiaceae	0.011764705882352941	Rosaceae	0.00784313725490196
Ceratophyllum_demersum.jpg	Ceratophyllaceae	Haloragaceae	0.5803921568627451	Ceratophyllaceae	0.08627450980392157	Poaceae	0.027450980392156862	Equisetaceae	0.0196078431372549	Dryopteridaceae	0.00784313725490196
Tiddi_n_we%C9%A3yul_-_cerinthe_major.jpg	Boraginaceae	Boraginaceae	0.9294117647058824	Orobanchaceae	0.00784313725490196	Fabaceae	0.00392156862745098	Orchidaceae	0.00392156862745098	Plantaginaceae	0.00392156862745098
Microrrhinum_minus_sl4.jpg	Plantaginaceae	Plantaginaceae	0.4274509803921569	Asteraceae	0.09803921568627451	Brassicaceae	0.047058823529411764	Scrophulariaceae	0.0392156862745098	Boraginaceae	0.027450980392156862
Chaenorhinum_origanifolium_001.JPG	Plantaginaceae	Caryophyllaceae	0.33725490196078434	Zygophyllaceae	0.10980392156862745	Violaceae	0.08627450980392157	Plantaginaceae	0.0784313725490196	Campanulaceae	0.050980392156862744
Chamaecyparis_lawsoniana_Dorena1.jpg	Cupressaceae	Cupressaceae	0.7686274509803922	Salicaceae	0.10980392156862745	Cyperaceae	0.011764705882352941	Pinaceae	0.011764705882352941	Fabaceae	0.00784313725490196
Chamaerops_humilis_%28Zingaro%29015.jpg	Arecaceae	Arecaceae	0.8666666666666667	Fabaceae	0.03529411764705882	Pinaceae	0.03137254901960784	Oleaceae	0.00784313725490196	Asparagaceae	0.00392156862745098
Cheirolophus_crassifolius_flower.jpg	Asteraceae	Asteraceae	0.7372549019607844	Amaryllidaceae	0.01568627450980392	Rosaceae	0.00784313725490196	Orchidaceae	0.00392156862745098	Euphorbiaceae	0.00392156862745098
Melganzenvoet_bloeiwijze_Chenopodium_album.jpg	Amaranthaceae	Amaranthaceae	0.8117647058823529	Poaceae	0.03137254901960784	Polygonaceae	0.00784313725490196	Brassicaceae	0.00784313725490196	Asteraceae	0.00392156862745098
Chenopodium_opulifolium_sl90.jpg	Amaranthaceae	Amaranthaceae	0.984313725490196	Brassicaceae	0.00392156862745098	Caryophyllaceae	0.0	Rubiaceae	0.0	Asteraceae	0.0
Chondrilla_juncea2.jpg	Asteraceae	Asteraceae	0.6705882352941177	Polygonaceae	0.12156862745098039	Brassicaceae	0.03137254901960784	Fabaceae	0.027450980392156862	Apiaceae	0.023529411764705882
ChrozophoraTinctoria.JPG	Euphorbiaceae	Euphorbiaceae	0.996078431372549	Heliotropiaceae	0.00392156862745098	Caryophyllaceae	0.0	Rubiaceae	0.0	Asteraceae	0.0
Chryso_opp_NN_RT_2.JPG	Saxifragaceae	Saxifragaceae	0.42745098039215684	Euphorbiaceae	0.30980392156862746	Rubiaceae	0.011764705882352941	Caryophyllaceae	0.00392156862745098	Fabaceae	0.00392156862745098
Cicendia_filiformis_%28detail%29.jpg	Gentianaceae	Gentianaceae	0.9921568627450981	Asteraceae	0.00392156862745098	Caryophyllaceae	0.0	Rubiaceae	0.0	Fabaceae	0.0
Cirsium_arvense_with_Bees_Richard_Bartz.jpg	Asteraceae	Asteraceae	0.8588235294117645	Apiaceae	0.01568627450980392	Lamiaceae	0.011764705882352941	Fabaceae	0.00392156862745098	Amaryllidaceae	0.00392156862745098
Cirsium_palustre_inflorescence_-_Niitv%C3%A4lja.jpg	Asteraceae	Asteraceae	0.8196078431372549	Fabaceae	0.00392156862745098	Euphorbiaceae	0.00392156862745098	Amaranthaceae	0.00392156862745098	Rosaceae	0.00392156862745098
20160729Cirsium_vulgare5.jpg	Asteraceae	Asteraceae	0.5254901960784312	Caprifoliaceae	0.047058823529411764	Poaceae	0.0392156862745098	Brassicaceae	0.027450980392156862	Ranunculaceae	0.01568627450980392
CistanchePhelypaea.jpg	Orobanchaceae	Orobanchaceae	0.9333333333333333	Orchidaceae	0.0196078431372549	Plantaginaceae	0.00392156862745098	Caryophyllaceae	0.0	Rubiaceae	0.0
CISTUS_ALBIDUS_-_AGUDA_-_IB-614_%28Estepa_blanca%29.JPG	Cistaceae	Cistaceae	0.5254901960784313	Frankeniaceae	0.45098039215686275	Caryophyllaceae	0.00784313725490196	Zygophyllaceae	0.00392156862745098	Rubiaceae	0.0
Cistus_May_2014-11.jpg	Cistaceae	Cistaceae	0.9137254901960783	Solanaceae	0.00784313725490196	Alismataceae	0.00784313725490196	Lythraceae	0.00784313725490196	Iridaceae	0.00392156862745098
Cistus_April_2017-2.jpg	Cistaceae	Cistaceae	0.9647058823529411	Caryophyllaceae	0.0	Rubiaceae	0.0	Asteraceae	0.0	Fabaceae	0.0
Cistus_laurifolius2LEST.jpg	Cistaceae	Cistaceae	0.803921568627451	Rosaceae	0.023529411764705882	Amaryllidaceae	0.011764705882352941	Ranunculaceae	0.00784313725490196	Asteraceae	0.00392156862745098
Cistus_May_2014-3.jpg	Cistaceae	Cistaceae	0.6235294117647059	Rosaceae	0.050980392156862744	Ranunculaceae	0.0196078431372549	Convolvulaceae	0.01568627450980392	Caryophyllaceae	0.00784313725490196
Cistus_May_2014-7.jpg	Cistaceae	Cistaceae	0.6274509803921569	Ranunculaceae	0.027450980392156862	Convolvulaceae	0.027450980392156862	Caryophyllaceae	0.0196078431372549	Asteraceae	0.01568627450980392
Cistus_April_2008-1.jpg	Cistaceae	Cistaceae	0.7490196078431373	Lamiaceae	0.054901960784313725	Rosaceae	0.00784313725490196	Verbenaceae	0.00392156862745098	Caryophyllaceae	0.0
Cladium_mariscus.jpeg	Cyperaceae	Juncaceae	0.7647058823529411	Cyperaceae	0.10980392156862745	Rosaceae	0.03529411764705882	Apiaceae	0.00392156862745098	Ericaceae	0.00392156862745098
Clematis_cirrhosa_Bl%C3%BCte.JPG	Ranunculaceae	Ranunculaceae	0.7725490196078432	Fabaceae	0.027450980392156862	Caprifoliaceae	0.023529411764705882	Asteraceae	0.0196078431372549	Lamiaceae	0.01568627450980392
Clematis_flamula_flor.jpg	Ranunculaceae	Ranunculaceae	1.0	Caryophyllaceae	0.0	Rubiaceae	0.0	Asteraceae	0.0	Fabaceae	0.0
Clematis-vitalba-Waldrebe%28Samenstand%29.jpg	Ranunculaceae	Asteraceae	0.4274509803921568	Apocynaceae	0.2196078431372549	Ranunculaceae	0.15294117647058825	Boraginaceae	0.01568627450980392	Fabaceae	0.00784313725490196
Cleome_%28Spider_Flower%29_in_Gavi.jpg	Cleomaceae	Amaryllidaceae	0.3999999999999999	Fabaceae	0.058823529411764705	Asteraceae	0.027450980392156862	Ericaceae	0.027450980392156862	Euphorbiaceae	0.0196078431372549
Cleonia_lusitanica_EnfoquedeFrente_2010-6-15_DehesaBoyaldePuertollano.jpg	Lamiaceae	Lamiaceae	0.8509803921568627	Malvaceae	0.023529411764705882	Boraginaceae	0.0196078431372549	Plantaginaceae	0.011764705882352941	Asteraceae	0.00784313725490196
Clinopodium_vulgare_inflorescence.jpg	Lamiaceae	Lamiaceae	0.6431372549019608	Fabaceae	0.0196078431372549	Caryophyllaceae	0.00784313725490196	Onagraceae	0.00784313725490196	Rosaceae	0.00784313725490196
Cochlearia_danica_Crozon_060416w.jpg	Brassicaceae	Brassicaceae	0.7686274509803921	Crassulaceae	0.08627450980392157	Zygophyllaceae	0.01568627450980392	Plantaginaceae	0.00784313725490196	Caryophyllaceae	0.0
Colchicum_lusitanum.jpg	Colchicaceae	Colchicaceae	0.5450980392156862	Iridaceae	0.3803921568627451	Fabaceae	0.00784313725490196	Amaryllidaceae	0.00392156862745098	Asparagaceae	0.00392156862745098
Asteraceae_-_Coleostephus_myconis-3.JPG	Asteraceae	Asteraceae	0.9294117647058824	Papaveraceae	0.011764705882352941	Fabaceae	0.00392156862745098	Apiaceae	0.00392156862745098	Caryophyllaceae	0.0
Songe-R%C3%A9union.JPG	Araceae	Araceae	0.40784313725490196	Euphorbiaceae	0.11372549019607843	Apiaceae	0.047058823529411764	Solanaceae	0.043137254901960784	Apocynaceae	0.043137254901960784
Conium.jpg	Apiaceae	Thymelaeaceae	0.5764705882352941	Asteraceae	0.07058823529411765	Brassicaceae	0.047058823529411764	Apiaceae	0.027450980392156862	Rosaceae	0.023529411764705882
Convolvulus_althaeoides01.jpg	Convolvulaceae	Convolvulaceae	0.8980392156862745	Malvaceae	0.0196078431372549	Cistaceae	0.00392156862745098	Polypodiaceae	0.00392156862745098	Caryophyllaceae	0.0
Bindweed_%28Convolvulus_Arvensis%29_%283105112704%29.jpg	Convolvulaceae	Convolvulaceae	0.8745098039215686	Onagraceae	0.00784313725490196	Caryophyllaceae	0.0	Rubiaceae	0.0	Asteraceae	0.0
Convolvulus_lineatus_1.JPG	Convolvulaceae	Convolvulaceae	0.9607843137254902	Caryophyllaceae	0.0	Rubiaceae	0.0	Asteraceae	0.0	Fabaceae	0.0
Convolvulus_siculus.JPG	Convolvulaceae	Convolvulaceae	0.4313725490196078	Plantaginaceae	0.09803921568627451	Caryophyllaceae	0.058823529411764705	Violaceae	0.043137254901960784	Iridaceae	0.03529411764705882
Corema_album_berries.jpg	Ericaceae	Ericaceae	0.5411764705882351	Asteraceae	0.03529411764705882	Cupressaceae	0.0196078431372549	Fabaceae	0.01568627450980392	Araceae	0.011764705882352941
Coronilla_minima8.jpg	Fabaceae	Fabaceae	0.811764705882353	Apiaceae	0.043137254901960784	Rutaceae	0.03529411764705882	Plantaginaceae	0.027450980392156862	Liliaceae	0.027450980392156862
Coronilla_minima_2.JPG	Fabaceae	Fabaceae	0.396078431372549	Apiaceae	0.3176470588235294	Brassicaceae	0.1333333333333333	Boraginaceae	0.01568627450980392	Caryophyllaceae	0.00784313725490196
Coronilla_scorpioides_kz02.jpg	Fabaceae	Fabaceae	0.9882352941176471	Plantaginaceae	0.00392156862745098	Caryophyllaceae	0.0	Rubiaceae	0.0	Asteraceae	0.0
Corrigiola_littoralis_1.jpg	Caryophyllaceae	Caryophyllaceae	0.996078431372549	Rubiaceae	0.0	Asteraceae	0.0	Fabaceae	0.0	Lamiaceae	0.0
CorrigiolaLitoralis1.jpg	Caryophyllaceae	Caryophyllaceae	0.6823529411764706	Brassicaceae	0.0784313725490196	Polygonaceae	0.0392156862745098	Aizoaceae	0.0196078431372549	Asteraceae	0.011764705882352941
Herbe_Pampa_FR_2008.jpg	Poaceae	Poaceae	0.8392156862745097	Asteraceae	0.00784313725490196	Fabaceae	0.00784313725490196	Caryophyllaceae	0.0	Rubiaceae	0.0
Corydalis_cava_a1.jpg	Papaveraceae	Papaveraceae	0.9411764705882353	Apiaceae	0.01568627450980392	Fabaceae	0.00784313725490196	Ranunculaceae	0.00392156862745098	Caryophyllaceae	0.0
Silbergras2.jpg	Poaceae	Poaceae	0.988235294117647	Plumbaginaceae	0.00392156862745098	Caryophyllaceae	0.0	Rubiaceae	0.0	Asteraceae	0.0
Cosentinia_vellea_kz02.jpg	Pteridaceae	Pteridaceae	0.7450980392156863	Brassicaceae	0.03137254901960784	Plantaginaceae	0.01568627450980392	Crassulaceae	0.011764705882352941	Aspleniaceae	0.011764705882352941
Cotula_australis.jpg	Asteraceae	Asteraceae	0.27450980392156865	Ranunculaceae	0.2588235294117647	Fabaceae	0.13725490196078433	Amaryllidaceae	0.09411764705882353	Ericaceae	0.050980392156862744
Crambe_Maritima_Estonia.jpg	Brassicaceae	Papaveraceae	0.18431372549019603	Apiaceae	0.16470588235294117	Brassicaceae	0.08235294117647059	Asteraceae	0.07058823529411765	Solanaceae	0.03529411764705882
Crassula_tillaea.jpg	Crassulaceae	Crassulaceae	0.9568627450980391	Aizoaceae	0.00784313725490196	Caryophyllaceae	0.00392156862745098	Rubiaceae	0.0	Asteraceae	0.0
Common_hawthorn.jpg	Rosaceae	Oleaceae	0.8313725490196079	Salicaceae	0.07450980392156863	Fabaceae	0.00784313725490196	Rosaceae	0.00784313725490196	Ericaceae	0.00784313725490196
Crepis_capillaris_2005.07.10_09.09.34.jpg	Asteraceae	Brassicaceae	0.403921568627451	Asteraceae	0.28235294117647053	Caprifoliaceae	0.08627450980392157	Verbenaceae	0.050980392156862744	Ranunculaceae	0.0196078431372549
Crepis_foetida_1.jpg	Asteraceae	Asteraceae	0.8117647058823526	Caryophyllaceae	0.011764705882352941	Oxalidaceae	0.00784313725490196	Euphorbiaceae	0.00392156862745098	Brassicaceae	0.00392156862745098
Crepis_taraxacifolia.jpg	Asteraceae	Asteraceae	0.8274509803921566	Crassulaceae	0.03137254901960784	Papaveraceae	0.027450980392156862	Apiaceae	0.011764705882352941	Ranunculaceae	0.00392156862745098
Perce-pierre.jpg	Apiaceae	Apiaceae	0.4392156862745098	Caryophyllaceae	0.34509803921568627	Brassicaceae	0.058823529411764705	Plantaginaceae	0.027450980392156862	Pteridaceae	0.023529411764705882
Crocus_carpetanus_in_Castro_Laboreiro_10.jpg	Iridaceae	Iridaceae	0.8549019607843137	Asparagaceae	0.023529411764705882	Fabaceae	0.011764705882352941	Amaryllidaceae	0.011764705882352941	Violaceae	0.00392156862745098
Flor_del_azafran_de_la_sierra_de_Gibalto.jpg	Iridaceae	Iridaceae	0.8313725490196079	Colchicaceae	0.06274509803921569	Caryophyllaceae	0.0	Rubiaceae	0.0	Asteraceae	0.0
Cruciata_glabra_kz04.jpg	Rubiaceae	Rubiaceae	0.9843137254901961	Caryophyllaceae	0.00392156862745098	Plantaginaceae	0.00392156862745098	Asteraceae	0.0	Fabaceae	0.0
%28MHNT%29_Cruciata_laevipes_-_Inflorescence.jpg	Rubiaceae	Rubiaceae	0.9254901960784314	Apiaceae	0.050980392156862744	Lamiaceae	0.00392156862745098	Euphorbiaceae	0.00392156862745098	Thelypteridaceae	0.00392156862745098
Cruciata_pedemontana_RF.jpg	Rubiaceae	Rubiaceae	0.9411764705882353	Plantaginaceae	0.0196078431372549	Lamiaceae	0.011764705882352941	Haloragaceae	0.00392156862745098	Caryophyllaceae	0.0
Crupina_vulgaris_3.jpg	Asteraceae	Asteraceae	0.5490196078431371	Juncaceae	0.054901960784313725	Hypericaceae	0.054901960784313725	Fabaceae	0.03529411764705882	Brassicaceae	0.0196078431372549
Cryptogramma_crispa.jpg	Pteridaceae	Pteridaceae	1.0	Caryophyllaceae	0.0	Rubiaceae	0.0	Asteraceae	0.0	Fabaceae	0.0
Cuscuta_epithymum1.jpg	Convolvulaceae	Convolvulaceae	0.7686274509803922	Amaranthaceae	0.058823529411764705	Polygonaceae	0.043137254901960784	Lythraceae	0.011764705882352941	Smilacaceae	0.011764705882352941
Ivy-leaved_Toadflax.JPG	Plantaginaceae	Plantaginaceae	0.9058823529411765	Oxalidaceae	0.01568627450980392	Brassicaceae	0.00784313725490196	Rubiaceae	0.00392156862745098	Euphorbiaceae	0.00392156862745098
Cymodocea_nodosa.jpg	Cymodoceaceae	Cyperaceae	0.2470588235294117	Cymodoceaceae	0.23137254901960785	Poaceae	0.18823529411764706	Zosteraceae	0.0392156862745098	Fabaceae	0.023529411764705882
C._acutum-3.jpg	Apocynaceae	Apocynaceae	0.996078431372549	Caryophyllaceae	0.0	Rubiaceae	0.0	Asteraceae	0.0	Fabaceae	0.0
Costa_Vicentina_4.jpg	Asteraceae	Asteraceae	0.9450980392156862	Caprifoliaceae	0.00392156862745098	Caryophyllaceae	0.0	Rubiaceae	0.0	Fabaceae	0.0
Cynara_humilis_%2814225491129%29.jpg	Asteraceae	Asteraceae	0.7372549019607841	Tamaricaceae	0.023529411764705882	Dryopteridaceae	0.01568627450980392	Resedaceae	0.01568627450980392	Fabaceae	0.011764705882352941
Cynodon_dactylon_2.jpg	Poaceae	Poaceae	0.33333333333333326	Plumbaginaceae	0.15294117647058825	Apiaceae	0.1411764705882353	Asteraceae	0.09019607843137255	Caryophyllaceae	0.08627450980392157
CynoglossumOfficinale-bloem-kl.jpg	Boraginaceae	Boraginaceae	0.6196078431372549	Plantaginaceae	0.03137254901960784	Asteraceae	0.023529411764705882	Solanaceae	0.023529411764705882	Fabaceae	0.01568627450980392
4445-Cynoglossum_creticum-5.06.jpg	Boraginaceae	Boraginaceae	0.9176470588235294	Plantaginaceae	0.00784313725490196	Caryophyllaceae	0.0	Rubiaceae	0.0	Asteraceae	0.0
Cynomorium_coccineum_2.jpg	Cynomoriaceae	Cynomoriaceae	0.8196078431372549	Aristolochiaceae	0.03529411764705882	Lamiaceae	0.027450980392156862	Orchidaceae	0.01568627450980392	Amaryllidaceae	0.011764705882352941
Kamgras_%28Cynosurus_cristatus%29.jpg	Poaceae	Poaceae	0.34901960784313724	Plumbaginaceae	0.17647058823529413	Amaryllidaceae	0.16470588235294115	Caryophyllaceae	0.043137254901960784	Plantaginaceae	0.011764705882352941
Cynosurus_echinatus.jpg	Poaceae	Poaceae	0.6588235294117646	Typhaceae	0.050980392156862744	Fabaceae	0.027450980392156862	Asteraceae	0.023529411764705882	Caprifoliaceae	0.023529411764705882
Cyperus_capitatus_Sousse_2009.jpg	Cyperaceae	Cyperaceae	0.9411764705882353	Asteraceae	0.00392156862745098	Caryophyllaceae	0.0	Rubiaceae	0.0	Fabaceae	0.0
Cyperus_eragrostis_goldengatepark.jpg	Cyperaceae	Cyperaceae	0.6235294117647058	Amaryllidaceae	0.1411764705882353	Apiaceae	0.058823529411764705	Juncaceae	0.027450980392156862	Thymelaeaceae	0.011764705882352941
Cyperus_Fuscus_crop.jpg	Cyperaceae	Cyperaceae	0.9725490196078431	Typhaceae	0.00392156862745098	Caryophyllaceae	0.0	Rubiaceae	0.0	Asteraceae	0.0
Nutgrass_Cyperus_rotundus02.jpg	Cyperaceae	Cyperaceae	0.9372549019607843	Juncaceae	0.0196078431372549	Amaryllidaceae	0.00392156862745098	Apiaceae	0.00392156862745098	Caryophyllaceae	0.0
Cystopteris_fragilis_3.jpg	Cystopteridaceae	Pteridaceae	0.6745098039215687	Cystopteridaceae	0.1411764705882353	Davalliaceae	0.06274509803921569	Aspleniaceae	0.03137254901960784	Polypodiaceae	0.00392156862745098
Cytinus_hypocistis.jpg	Cytinaceae	Cytinaceae	0.984313725490196	Aizoaceae	0.00392156862745098	Caryophyllaceae	0.0	Rubiaceae	0.0	Asteraceae	0.0
Cytinus_ruber_%28flowers%29.jpg	Cytinaceae	Cytinaceae	0.8313725490196079	Rosaceae	0.00784313725490196	Brassicaceae	0.00784313725490196	Caryophyllaceae	0.00392156862745098	Rubiaceae	0.0
Cytisus_multiflorus.jpg	Fabaceae	Fabaceae	0.584313725490196	Ulmaceae	0.08627450980392157	Solanaceae	0.054901960784313725	Orobanchaceae	0.054901960784313725	Amaranthaceae	0.0392156862745098
Cytisus_oromediterraneus_2601.jpg	Fabaceae	Fabaceae	0.992156862745098	Caryophyllaceae	0.0	Rubiaceae	0.0	Asteraceae	0.0	Lamiaceae	0.0
Cytisus_scoparius_by_Danny_S._-_001.JPG	Fabaceae	Fabaceae	0.9882352941176471	Caryophyllaceae	0.0	Rubiaceae	0.0	Asteraceae	0.0	Lamiaceae	0.0
Cytisus_striatus_2.jpg	Fabaceae	Fabaceae	0.9372549019607843	Apiaceae	0.0196078431372549	Linaceae	0.00392156862745098	Orobanchaceae	0.00392156862745098	Ruppiaceae	0.00392156862745098
Daboecia_cantabrica1373917974.jpg	Ericaceae	Ericaceae	0.9137254901960784	Plantaginaceae	0.01568627450980392	Lamiaceae	0.00784313725490196	Caryophyllaceae	0.0	Rubiaceae	0.0
Dactylis_glomerata_Habitus_Valderrepisa_2012-5-31_SierraMadrona.jpg	Poaceae	Poaceae	0.8862745098039215	Asparagaceae	0.01568627450980392	Juncaceae	0.00784313725490196	Salicaceae	0.00392156862745098	Cyperaceae	0.00392156862745098
Dactylorhiza_fuchsii_Mariazell_01.JPG	Orchidaceae	Orchidaceae	0.8431372549019608	Lamiaceae	0.00392156862745098	Plumbaginaceae	0.00392156862745098	Campanulaceae	0.00392156862745098	Plantaginaceae	0.00392156862745098
Dactylorhiza_insularis_Orchi_014.jpg	Orchidaceae	Orchidaceae	0.9333333333333333	Rubiaceae	0.00392156862745098	Ericaceae	0.00392156862745098	Oleaceae	0.00392156862745098	Apocynaceae	0.00392156862745098
Dactylorhiza_maculata_LC0232.jpg	Orchidaceae	Orchidaceae	0.9725490196078431	Lamiaceae	0.00392156862745098	Plantaginaceae	0.00392156862745098	Phytolaccaceae	0.00392156862745098	Caryophyllaceae	0.0
Danthonia_decumbens_horst.jpeg	Poaceae	Poaceae	0.5882352941176471	Cyperaceae	0.3372549019607843	Juncaceae	0.023529411764705882	Gentianaceae	0.00392156862745098	Caryophyllaceae	0.0
Daphne_gnidium3.jpg	Thymelaeaceae	Thymelaeaceae	0.8313725490196079	Oleaceae	0.043137254901960784	Pittosporaceae	0.027450980392156862	Rubiaceae	0.00392156862745098	Asteraceae	0.00392156862745098
Daphne_laureola_8703.jpg	Thymelaeaceae	Thymelaeaceae	0.6823529411764706	Euphorbiaceae	0.027450980392156862	Caryophyllaceae	0.023529411764705882	Rubiaceae	0.01568627450980392	Iridaceae	0.01568627450980392
Datura_stramonium_2_%282005_07_07%29.jpg	Solanaceae	Solanaceae	0.607843137254902	Fagaceae	0.07058823529411765	Convolvulaceae	0.07058823529411765	Platanaceae	0.043137254901960784	Lamiaceae	0.01568627450980392
Daucus_carota_May_2008-1_edit.jpg	Apiaceae	Apiaceae	0.996078431372549	Asteraceae	0.00784313725490196	Caryophyllaceae	0.0	Rubiaceae	0.0	Fabaceae	0.0
Daucus_carota0.jpg	Apiaceae	Apiaceae	0.9764705882352941	Caryophyllaceae	0.0	Rubiaceae	0.0	Asteraceae	0.0	Fabaceae	0.0
Davallia_canariensis_1_ies.jpg	Davalliaceae	Dryopteridaceae	0.6549019607843136	Davalliaceae	0.23921568627450981	Aspleniaceae	0.0392156862745098	Cystopteridaceae	0.00784313725490196	Athyriaceae	0.00392156862745098
Aconitum_variegatum_110807f.jpg	Ranunculaceae	Ranunculaceae	0.7294117647058823	Fabaceae	0.16078431372549018	Plantaginaceae	0.011764705882352941	Iridaceae	0.011764705882352941	Caryophyllaceae	0.0
DeschampsiaCesp.jpg	Poaceae	Poaceae	0.8901960784313725	Juncaceae	0.047058823529411764	Cyperaceae	0.011764705882352941	Scrophulariaceae	0.00392156862745098	Caryophyllaceae	0.0
%28MHNT%29_Dianthus_armeria_-_Plant_habit.jpg	Caryophyllaceae	Caryophyllaceae	0.49019607843137253	Onagraceae	0.23529411764705885	Iridaceae	0.20392156862745098	Brassicaceae	0.0196078431372549	Cyperaceae	0.00784313725490196
Dianthus_broteri.jpg	Caryophyllaceae	Caryophyllaceae	0.807843137254902	Asteraceae	0.047058823529411764	Poaceae	0.023529411764705882	Orchidaceae	0.00392156862745098	Rubiaceae	0.0
Dianthus_caryophyllus_L_%28Clove_pink%29.JPG	Caryophyllaceae	Caryophyllaceae	0.9921568627450981	Rubiaceae	0.0	Asteraceae	0.0	Fabaceae	0.0	Lamiaceae	0.0
Clavellina_de_rocas_-_Dianthus_lusitanus_%2814563902177%29.jpg	Caryophyllaceae	Caryophyllaceae	0.8941176470588236	Asteraceae	0.047058823529411764	Amaryllidaceae	0.00392156862745098	Colchicaceae	0.00392156862745098	Aspleniaceae	0.00392156862745098
Digitalis_purpurea_LC0101.jpg	Plantaginaceae	Plantaginaceae	0.9725490196078431	Lythraceae	0.00784313725490196	Caryophyllaceae	0.0	Rubiaceae	0.0	Asteraceae	0.0
Digitalis_thapsi_01.JPG	Plantaginaceae	Plantaginaceae	0.8156862745098039	Fabaceae	0.00392156862745098	Ericaceae	0.00392156862745098	Convolvulaceae	0.00392156862745098	Caryophyllaceae	0.0
Harig_vingergras_plant_%28Digitaria_sanguinalis%29.jpg	Poaceae	Poaceae	0.9411764705882351	Cyperaceae	0.011764705882352941	Plantaginaceae	0.00392156862745098	Juncaceae	0.00392156862745098	Caryophyllaceae	0.0
Dipcadi_serotinum-IMG_4331.jpg	Asparagaceae	Asparagaceae	0.9882352941176471	Caryophyllaceae	0.0	Rubiaceae	0.0	Asteraceae	0.0	Fabaceae	0.0
Kleine_zandkool_R0013711.JPG	Brassicaceae	Brassicaceae	0.4470588235294117	Rutaceae	0.20392156862745098	Fabaceae	0.18823529411764706	Ranunculaceae	0.0392156862745098	Liliaceae	0.01568627450980392
Dipsacus_fullonum1.jpg	Caprifoliaceae	Caprifoliaceae	0.8352941176470589	Asteraceae	0.14901960784313723	Caryophyllaceae	0.0	Rubiaceae	0.0	Fabaceae	0.0
Pigface_Disphyma_crassifolium_%288274152316%29.jpg	Aizoaceae	Aizoaceae	0.43529411764705883	Asteraceae	0.23921568627450984	Crassulaceae	0.11372549019607843	Lamiaceae	0.0784313725490196	Caryophyllaceae	0.03529411764705882
Dittrichia_graveolens_Habitus_20September2009_DehesaBoyaldePuertollano.jpg	Asteraceae	Asteraceae	0.7999999999999999	Scrophulariaceae	0.1843137254901961	Fabaceae	0.00392156862745098	Caryophyllaceae	0.0	Rubiaceae	0.0
Dittrichia_viscosa_InflorescencesCloseup2_27September2009_DehesaBoyaldePuertollano.jpg	Asteraceae	Asteraceae	0.9568627450980393	Lamiaceae	0.00392156862745098	Plantaginaceae	0.00392156862745098	Caryophyllaceae	0.0	Rubiaceae	0.0
Doronicum_plantagineum_StG_040418B.jpg	Asteraceae	Asteraceae	0.7294117647058822	Rubiaceae	0.0196078431372549	Crassulaceae	0.0196078431372549	Rosaceae	0.01568627450980392	Ranunculaceae	0.011764705882352941
Drosanthemum_candens.jpg	Aizoaceae	Aizoaceae	0.9686274509803923	Asteraceae	0.00784313725490196	Lamiaceae	0.00392156862745098	Caryophyllaceae	0.0	Rubiaceae	0.0
Drosera_intermedia_ne1.jpg	Droseraceae	Droseraceae	0.8980392156862745	Apiaceae	0.011764705882352941	Drosophyllaceae	0.011764705882352941	Amaryllidaceae	0.00392156862745098	Brassicaceae	0.00392156862745098
Drosera-rotundifolia.jpg	Droseraceae	Droseraceae	0.8745098039215686	Fabaceae	0.0196078431372549	Apiaceae	0.0196078431372549	Asteraceae	0.00784313725490196	Fagaceae	0.00392156862745098
Drosophyllum_lusitanicum_a.JPG	Drosophyllaceae	Drosophyllaceae	0.984313725490196	Boraginaceae	0.00392156862745098	Caryophyllaceae	0.0	Rubiaceae	0.0	Asteraceae	0.0
Dryopteris_affinis0.jpg	Dryopteridaceae	Dryopteridaceae	0.4745098039215686	Blechnaceae	0.2980392156862745	Dennstaedtiaceae	0.027450980392156862	Poaceae	0.00784313725490196	Polypodiaceae	0.00784313725490196
Dryopteris_carthusiana1.jpg	Dryopteridaceae	Dryopteridaceae	0.27450980392156865	Athyriaceae	0.13725490196078433	Dennstaedtiaceae	0.07450980392156863	Blechnaceae	0.03137254901960784	Thelypteridaceae	0.027450980392156862
Dryopteris_dilatata_im_weissen_moor2.jpg	Dryopteridaceae	Dryopteridaceae	0.7764705882352941	Athyriaceae	0.0784313725490196	Dennstaedtiaceae	0.023529411764705882	Polypodiaceae	0.01568627450980392	Davalliaceae	0.011764705882352941
Dryopteris_expansa.jpg	Dryopteridaceae	Dennstaedtiaceae	0.38823529411764707	Dryopteridaceae	0.20392156862745098	Athyriaceae	0.050980392156862744	Thelypteridaceae	0.0196078431372549	Blechnaceae	0.0196078431372549
Ecballium_elaterium1.jpg	Cucurbitaceae	Cucurbitaceae	0.6470588235294118	Boraginaceae	0.027450980392156862	Lamiaceae	0.01568627450980392	Solanaceae	0.01568627450980392	Plantaginaceae	0.01568627450980392
Echinochloa_crus-galli01.jpg	Poaceae	Poaceae	0.7999999999999999	Cyperaceae	0.011764705882352941	Asteraceae	0.00784313725490196	Apiaceae	0.00784313725490196	Amaryllidaceae	0.00392156862745098
Echinospartum_horridum_1.JPG	Fabaceae	Fabaceae	0.784313725490196	Polygonaceae	0.0392156862745098	Cistaceae	0.01568627450980392	Ephedraceae	0.01568627450980392	Caryophyllaceae	0.00784313725490196
KM16EchiumBoissieri.jpg	Boraginaceae	Poaceae	0.2431372549019608	Orchidaceae	0.14509803921568626	Orobanchaceae	0.09019607843137255	Equisetaceae	0.0392156862745098	Lamiaceae	0.03529411764705882
Viperine_crete.jpg	Boraginaceae	Boraginaceae	0.9490196078431372	Fabaceae	0.011764705882352941	Orchidaceae	0.00784313725490196	Papaveraceae	0.00392156862745098	Ranunculaceae	0.00392156862745098
Echium_April_2010-2.jpg	Boraginaceae	Boraginaceae	0.7529411764705882	Asteraceae	0.09411764705882353	Linaceae	0.027450980392156862	Plantaginaceae	0.011764705882352941	Plumbaginaceae	0.00784313725490196
Echium_vulgare_L.jpg	Boraginaceae	Boraginaceae	0.7921568627450981	Plantaginaceae	0.0196078431372549	Lamiaceae	0.011764705882352941	Poaceae	0.011764705882352941	Apiaceae	0.00784313725490196
False_daisy_or_bhringraj_%28Eclipta_prostrata%29_flower.jpg	Asteraceae	Asteraceae	0.5450980392156862	Boraginaceae	0.0196078431372549	Caryophyllaceae	0.011764705882352941	Lamiaceae	0.011764705882352941	Amaranthaceae	0.00784313725490196
Eichhornia_crassipes_C.jpg	Pontederiaceae	Pontederiaceae	0.41568627450980394	Ericaceae	0.12941176470588237	Iridaceae	0.043137254901960784	Amaryllidaceae	0.023529411764705882	Asparagaceae	0.023529411764705882
Korina_2012-05-15_Elaeagnus_angustifolia_1.jpg	Elaeagnaceae	Fagaceae	0.27058823529411763	Fabaceae	0.2	Salicaceae	0.1843137254901961	Oleaceae	0.09803921568627451	Rosaceae	0.06666666666666667
Eleocharis_acicularis.jpeg	Cyperaceae	Cyperaceae	0.9803921568627451	Caryophyllaceae	0.0	Rubiaceae	0.0	Asteraceae	0.0	Fabaceae	0.0
EleocharisPalustrisAspekt.jpg	Cyperaceae	Cyperaceae	0.8509803921568627	Typhaceae	0.06666666666666667	Poaceae	0.00784313725490196	Amaranthaceae	0.00392156862745098	Hypericaceae	0.00392156862745098
Eleocharis_uniglumis.jpeg	Cyperaceae	Cyperaceae	0.992156862745098	Poaceae	0.00392156862745098	Caryophyllaceae	0.0	Rubiaceae	0.0	Asteraceae	0.0
Kweek_Elytrigia_repens.jpg	Poaceae	Poaceae	0.8784313725490194	Cyperaceae	0.01568627450980392	Liliaceae	0.011764705882352941	Asteraceae	0.00784313725490196	Apiaceae	0.00784313725490196
Ephedra_fragilis_3.JPG	Ephedraceae	Ephedraceae	0.0784313725490196	Pinaceae	0.0392156862745098	Juncaceae	0.03529411764705882	Fabaceae	0.023529411764705882	Asteraceae	0.0196078431372549
Epilobiumbrachycarpum.jpg	Onagraceae	Onagraceae	0.792156862745098	Caryophyllaceae	0.023529411764705882	Malvaceae	0.011764705882352941	Brassicaceae	0.00784313725490196	Ranunculaceae	0.00392156862745098
Epilobium_hirsutum_jfg.jpg	Onagraceae	Onagraceae	0.9490196078431372	Nyctaginaceae	0.00784313725490196	Ericaceae	0.00392156862745098	Apocynaceae	0.00392156862745098	Hydrangeaceae	0.00392156862745098
Epilobium_lanceolatum_2005.07.11_11.02.32.jpg	Onagraceae	Onagraceae	0.3490196078431373	Asteraceae	0.18823529411764706	Amaranthaceae	0.1411764705882353	Brassicaceae	0.08627450980392157	Cistaceae	0.043137254901960784
Epilobium_hirsutum_04_ies.jpg	Onagraceae	Onagraceae	0.6274509803921569	Brassicaceae	0.11764705882352941	Caryophyllaceae	0.027450980392156862	Apocynaceae	0.027450980392156862	Lamiaceae	0.01568627450980392
Epilobium_palustre_bluete.jpeg	Onagraceae	Onagraceae	0.780392156862745	Caryophyllaceae	0.1607843137254902	Geraniaceae	0.00784313725490196	Butomaceae	0.00392156862745098	Rubiaceae	0.0
Epilobium_parviflorum_kz04.jpg	Onagraceae	Onagraceae	0.6392156862745098	Caprifoliaceae	0.2196078431372549	Caryophyllaceae	0.0196078431372549	Plantaginaceae	0.00784313725490196	Brassicaceae	0.00784313725490196
Epilobium_tetragonum_flower%2C_kantige_basterdwederik_bloem.jpg	Onagraceae	Onagraceae	0.8862745098039215	Plantaginaceae	0.023529411764705882	Geraniaceae	0.023529411764705882	Campanulaceae	0.00392156862745098	Lythraceae	0.00392156862745098
Epipactis_helleborine_flowers1_220703.jpg	Orchidaceae	Orchidaceae	0.7568627450980392	Ericaceae	0.058823529411764705	Poaceae	0.01568627450980392	Melanthiaceae	0.011764705882352941	Plantaginaceae	0.00784313725490196
Epipactis_termolsii_Habitus_2011-5-22_SierraMadrona.jpg	Orchidaceae	Orchidaceae	0.9803921568627451	Plantaginaceae	0.00784313725490196	Caryophyllaceae	0.0	Rubiaceae	0.0	Asteraceae	0.0
Equisetum_arvense_foliage.jpg	Equisetaceae	Haloragaceae	0.9019607843137255	Equisetaceae	0.03137254901960784	Thymelaeaceae	0.0196078431372549	Fabaceae	0.00784313725490196	Lamiaceae	0.00784313725490196
Equisetum_palustre_detail.jpeg	Equisetaceae	Equisetaceae	1.0	Caryophyllaceae	0.0	Rubiaceae	0.0	Asteraceae	0.0	Fabaceae	0.0
Starr_020124-8001_Eragrostis_cilianensis.jpg	Poaceae	Poaceae	0.5568627450980392	Caryophyllaceae	0.09411764705882353	Asteraceae	0.058823529411764705	Fabaceae	0.050980392156862744	Cyperaceae	0.03137254901960784
Eragrostis_pilosa_1.jpg	Poaceae	Poaceae	0.9372549019607843	Fagaceae	0.00392156862745098	Caryophyllaceae	0.0	Rubiaceae	0.0	Asteraceae	0.0
Erica_arborea_JPG1.jpg	Ericaceae	Ericaceae	0.9019607843137255	Lamiaceae	0.023529411764705882	Caprifoliaceae	0.011764705882352941	Brassicaceae	0.00784313725490196	Asteraceae	0.00392156862745098
Erica_australis.JPG	Ericaceae	Ericaceae	0.8901960784313725	Lythraceae	0.03529411764705882	Fabaceae	0.00392156862745098	Caryophyllaceae	0.0	Rubiaceae	0.0
Erica_ciliaris.jpg	Ericaceae	Ericaceae	0.9647058823529412	Lythraceae	0.00392156862745098	Caryophyllaceae	0.0	Rubiaceae	0.0	Asteraceae	0.0
Bell_Heather_-_geograph.org.uk_-_493968.jpg	Ericaceae	Ericaceae	0.9254901960784314	Brassicaceae	0.03137254901960784	Plantaginaceae	0.00392156862745098	Caryophyllaceae	0.0	Rubiaceae	0.0
Erica_erigena_2c.JPG	Ericaceae	Ericaceae	0.9215686274509804	Lamiaceae	0.00784313725490196	Rosaceae	0.00784313725490196	Papaveraceae	0.00392156862745098	Caryophyllaceae	0.0
Ericalusitanica.jpg	Ericaceae	Ericaceae	0.9529411764705882	Tamaricaceae	0.00784313725490196	Caryophyllaceae	0.0	Rubiaceae	0.0	Asteraceae	0.0
Erica_scoparia.jpg	Ericaceae	Ericaceae	0.4392156862745098	Phyllanthaceae	0.19215686274509805	Myricaceae	0.07450980392156863	Fabaceae	0.06666666666666667	Pinaceae	0.058823529411764705
EricaTetralix.jpg	Ericaceae	Ericaceae	0.9372549019607843	Lamiaceae	0.00784313725490196	Asteraceae	0.00392156862745098	Caryophyllaceae	0.0	Rubiaceae	0.0
Erica_umbellata._Queiruega.jpg	Ericaceae	Ericaceae	0.7607843137254902	Brassicaceae	0.0392156862745098	Poaceae	0.01568627450980392	Apiaceae	0.00784313725490196	Oxalidaceae	0.00784313725490196
Erigeron_acre0.jpg	Asteraceae	Asteraceae	0.9333333333333332	Plantaginaceae	0.00784313725490196	Campanulaceae	0.00392156862745098	Caryophyllaceae	0.0	Rubiaceae	0.0
Erigeron_karvinskianus_-_blossom_top_%28aka%29.jpg	Asteraceae	Asteraceae	0.9568627450980391	Caryophyllaceae	0.0	Rubiaceae	0.0	Fabaceae	0.0	Lamiaceae	0.0
Eriophorum_angustifolium_upernavik_2007-08-01_1.jpg	Cyperaceae	Cyperaceae	0.788235294117647	Asteraceae	0.0392156862745098	Poaceae	0.03137254901960784	Asparagaceae	0.00784313725490196	Ranunculaceae	0.00784313725490196
Erodium_acaule_1.JPG	Geraniaceae	Caryophyllaceae	0.4392156862745098	Geraniaceae	0.18823529411764706	Zygophyllaceae	0.06274509803921569	Aspleniaceae	0.011764705882352941	Dryopteridaceae	0.00784313725490196
Erodium_botrys_2004-04-07.jpg	Geraniaceae	Geraniaceae	0.8039215686274509	Iridaceae	0.011764705882352941	Fabaceae	0.00784313725490196	Caryophyllaceae	0.00392156862745098	Asteraceae	0.00392156862745098
Erodium_chium_%288816168606%29.jpg	Geraniaceae	Geraniaceae	0.9529411764705882	Caryophyllaceae	0.00392156862745098	Rubiaceae	0.0	Asteraceae	0.0	Fabaceae	0.0
Erodium_January_2008-2.jpg	Geraniaceae	Geraniaceae	0.9137254901960784	Caryophyllaceae	0.0196078431372549	Plumbaginaceae	0.00392156862745098	Papaveraceae	0.00392156862745098	Brassicaceae	0.00392156862745098
Astragalus_lusitanicus_056b.JPG	Fabaceae	Fabaceae	0.6196078431372549	Thymelaeaceae	0.01568627450980392	Apiaceae	0.011764705882352941	Brassicaceae	0.011764705882352941	Apocynaceae	0.011764705882352941
Eruca_vesicaria_re.jpg	Brassicaceae	Brassicaceae	0.8549019607843137	Asteraceae	0.023529411764705882	Lamiaceae	0.023529411764705882	Amaryllidaceae	0.00784313725490196	Iridaceae	0.00784313725490196
Eryngium_campestre_310705b.jpg	Apiaceae	Apiaceae	0.6666666666666665	Poaceae	0.027450980392156862	Cyperaceae	0.027450980392156862	Asteraceae	0.01568627450980392	Caprifoliaceae	0.01568627450980392
Eryngium_pandanifolium.jpg	Apiaceae	Asteraceae	0.10980392156862745	Brassicaceae	0.08235294117647059	Euphorbiaceae	0.07450980392156863	Asparagaceae	0.047058823529411764	Apiaceae	0.047058823529411764
Erythronium_dens-canis_AT2.JPG	Liliaceae	Liliaceae	0.26666666666666666	Paeoniaceae	0.054901960784313725	Butomaceae	0.054901960784313725	Orchidaceae	0.050980392156862744	Amaryllidaceae	0.03529411764705882
Kaldari_Eschscholzia_californica_01.jpg	Papaveraceae	Papaveraceae	0.8431372549019607	Ranunculaceae	0.023529411764705882	Asteraceae	0.011764705882352941	Amaryllidaceae	0.00784313725490196	Rosaceae	0.00392156862745098
700_yr_red_river_gum02.jpg	Myrtaceae	Fagaceae	0.34509803921568627	Rosaceae	0.1607843137254902	Fabaceae	0.13333333333333333	Salicaceae	0.10588235294117647	Oleaceae	0.0784313725490196
Eucalyptus_globulus_subsp._maidenii.jpg	Myrtaceae	Pinaceae	0.22352941176470587	Fabaceae	0.15686274509803916	Salicaceae	0.0784313725490196	Poaceae	0.047058823529411764	Oleaceae	0.047058823529411764
Euonymus_europaeus2.jpg	Celastraceae	Celastraceae	0.9490196078431372	Fabaceae	0.00784313725490196	Polygonaceae	0.00784313725490196	Rosaceae	0.00392156862745098	Santalaceae	0.00392156862745098
Eupatorium_cannabinum_%28xndr%29.jpg	Asteraceae	Asteraceae	0.9137254901960784	Caprifoliaceae	0.0196078431372549	Lamiaceae	0.00392156862745098	Campanulaceae	0.00392156862745098	Crassulaceae	0.00392156862745098
Amandelwolfsmelk_Euphorbia_amygdaloides_closeup.jpg	Euphorbiaceae	Euphorbiaceae	0.8509803921568628	Apiaceae	0.01568627450980392	Caprifoliaceae	0.00784313725490196	Brassicaceae	0.00392156862745098	Orobanchaceae	0.00392156862745098
Euphorbia_characias_RJB.jpg	Euphorbiaceae	Euphorbiaceae	0.9568627450980391	Lamiaceae	0.00784313725490196	Rubiaceae	0.00392156862745098	Brassicaceae	0.00392156862745098	Caryophyllaceae	0.0
Euphorbia_dulcis5_ies.jpg	Euphorbiaceae	Euphorbiaceae	0.7764705882352939	Caryophyllaceae	0.023529411764705882	Ericaceae	0.01568627450980392	Rubiaceae	0.00784313725490196	Asteraceae	0.00784313725490196
Euphorbia_esula_-_kibe_piimalill.jpg	Euphorbiaceae	Euphorbiaceae	0.3294117647058823	Asteraceae	0.1725490196078432	Nartheciaceae	0.09411764705882353	Apiaceae	0.027450980392156862	Brassicaceae	0.023529411764705882
Euphorbia_helioscopia2.jpg	Euphorbiaceae	Euphorbiaceae	0.7294117647058823	Saxifragaceae	0.00392156862745098	Lythraceae	0.00392156862745098	Caryophyllaceae	0.0	Rubiaceae	0.0
Euphorbiaceae_-_Euphorbia_nicaeensis.JPG	Euphorbiaceae	Euphorbiaceae	0.8392156862745098	Santalaceae	0.07450980392156863	Caryophyllaceae	0.0	Rubiaceae	0.0	Asteraceae	0.0
Euphorbia_paniculata_Habitus_2011-4-21_SierraMadrona.jpg	Euphorbiaceae	Euphorbiaceae	0.9058823529411766	Apiaceae	0.00784313725490196	Aristolochiaceae	0.00392156862745098	Plantaginaceae	0.00392156862745098	Oxalidaceae	0.00392156862745098
Euphorbia_paralias01.jpg	Euphorbiaceae	Lamiaceae	0.26274509803921564	Euphorbiaceae	0.20392156862745098	Asteraceae	0.054901960784313725	Ericaceae	0.054901960784313725	Fabaceae	0.050980392156862744
E_peplus.jpg	Euphorbiaceae	Euphorbiaceae	0.9294117647058824	Ranunculaceae	0.01568627450980392	Rubiaceae	0.011764705882352941	Caprifoliaceae	0.00784313725490196	Campanulaceae	0.00392156862745098
Euphorbia_segetalis.001_-_Ponferrada.jpg	Euphorbiaceae	Euphorbiaceae	0.29803921568627445	Thymelaeaceae	0.1607843137254902	Fabaceae	0.14901960784313725	Oxalidaceae	0.07058823529411765	Asteraceae	0.03529411764705882
Euphorbia_February_2008-2.jpg	Euphorbiaceae	Euphorbiaceae	0.8431372549019608	Caryophyllaceae	0.00392156862745098	Thesiaceae	0.00392156862745098	Aizoaceae	0.00392156862745098	Rubiaceae	0.0
Euphorbiaterracina.jpg	Euphorbiaceae	Euphorbiaceae	0.7333333333333334	Hypericaceae	0.06274509803921569	Apiaceae	0.00392156862745098	Caryophyllaceae	0.0	Rubiaceae	0.0
Fagonia_cretica.jpg	Zygophyllaceae	Zygophyllaceae	0.9725490196078431	Geraniaceae	0.00784313725490196	Caryophyllaceae	0.00392156862745098	Rubiaceae	0.0	Asteraceae	0.0
Japanese_Buckwheat_Flower.JPG	Polygonaceae	Polygonaceae	0.6588235294117647	Fabaceae	0.18823529411764706	Brassicaceae	0.054901960784313725	Apocynaceae	0.01568627450980392	Apiaceae	0.011764705882352941
Fallopia_convolvulus1pl.jpg	Polygonaceae	Polygonaceae	0.9294117647058824	Aristolochiaceae	0.03529411764705882	Amaranthaceae	0.023529411764705882	Apocynaceae	0.00784313725490196	Caryophyllaceae	0.0
Fedia_graciliflora_in_Jardin_des_Plantes_01.JPG	Caprifoliaceae	Caprifoliaceae	0.7098039215686275	Lamiaceae	0.2549019607843137	Asteraceae	0.011764705882352941	Caryophyllaceae	0.0	Rubiaceae	0.0
Riesenfenchel.JPG	Apiaceae	Apiaceae	0.807843137254902	Fabaceae	0.03137254901960784	Orobanchaceae	0.0196078431372549	Asteraceae	0.01568627450980392	Lamiaceae	0.01568627450980392
Festuca_rubra_detail.jpeg	Poaceae	Poaceae	0.9882352941176469	Caryophyllaceae	0.0	Rubiaceae	0.0	Asteraceae	0.0	Fabaceae	0.0
Ficus_carica_L%2C_1771.jpg	Moraceae	Amaranthaceae	0.10196078431372549	Rosaceae	0.07058823529411765	Polypodiaceae	0.06274509803921569	Fabaceae	0.047058823529411764	Heliotropiaceae	0.0392156862745098
Filago_arvensis2_W.jpg	Asteraceae	Asteraceae	0.8078431372549019	Lamiaceae	0.09803921568627451	Asparagaceae	0.011764705882352941	Caryophyllaceae	0.00784313725490196	Euphorbiaceae	0.00784313725490196
Filago_pyramidata_S924547.JPG	Asteraceae	Caryophyllaceae	0.3137254901960784	Asteraceae	0.188235294117647	Linaceae	0.1411764705882353	Lamiaceae	0.0784313725490196	Apiaceae	0.07450980392156863
20140715Filipendula_ulmaria.jpg	Rosaceae	Rosaceae	0.9686274509803922	Caprifoliaceae	0.00784313725490196	Asteraceae	0.00392156862745098	Hydrocharitaceae	0.00392156862745098	Caryophyllaceae	0.0
Filipendula_vulgaris_-_inflorescence_-_Kulna.jpg	Rosaceae	Rosaceae	0.996078431372549	Caryophyllaceae	0.0	Rubiaceae	0.0	Asteraceae	0.0	Fabaceae	0.0
Flueggea_tinctoria_2009-7-26_RioFresnedas_ValledeAlcudia.jpg	Phyllanthaceae	Phyllanthaceae	0.796078431372549	Rosaceae	0.07450980392156863	Rhamnaceae	0.01568627450980392	Anacardiaceae	0.011764705882352941	Plantaginaceae	0.00784313725490196
Foeniculum_July_2011-1a.jpg	Apiaceae	Apiaceae	0.9764705882352941	Asteraceae	0.00392156862745098	Brassicaceae	0.00392156862745098	Rutaceae	0.00392156862745098	Caryophyllaceae	0.0
Frangula-alnus-fruits.JPG	Rhamnaceae	Rhamnaceae	0.8666666666666666	Adoxaceae	0.0392156862745098	Rosaceae	0.00784313725490196	Asparagaceae	0.00392156862745098	Anacardiaceae	0.00392156862745098
Frankenia_laevis_5_%28Corse%29.JPG	Frankeniaceae	Frankeniaceae	0.7686274509803921	Zygophyllaceae	0.054901960784313725	Caryophyllaceae	0.050980392156862744	Ericaceae	0.0196078431372549	Brassicaceae	0.01568627450980392
Frankenia_pulverulenta_kz2.jpg	Frankeniaceae	Frankeniaceae	0.9764705882352941	Aizoaceae	0.00392156862745098	Caryophyllaceae	0.0	Rubiaceae	0.0	Asteraceae	0.0
Fraxinus_angustifolia_foliage.jpg	Oleaceae	Salicaceae	0.5294117647058824	Fabaceae	0.06274509803921569	Asteraceae	0.054901960784313725	Apiaceae	0.050980392156862744	Oleaceae	0.050980392156862744
Fritillaria_lusitanica_c1.JPG	Liliaceae	Liliaceae	0.9568627450980393	Orchidaceae	0.00784313725490196	Asparagaceae	0.00392156862745098	Poaceae	0.00392156862745098	Iridaceae	0.00392156862745098
Fumana_thymifolia.jpg	Cistaceae	Cistaceae	0.8431372549019608	Asteraceae	0.09803921568627451	Fabaceae	0.01568627450980392	Brassicaceae	0.00784313725490196	Rubiaceae	0.00392156862745098
F._agraria-img-000222579O.jpg	Papaveraceae	Papaveraceae	0.8392156862745098	Rubiaceae	0.00392156862745098	Orchidaceae	0.00392156862745098	Amaryllidaceae	0.00392156862745098	Caprifoliaceae	0.00392156862745098
Fumaria_bastardii_imported_from_iNaturalist_photo_12889957_on_28_March_2020.jpg	Papaveraceae	Papaveraceae	0.9921568627450981	Brassicaceae	0.00392156862745098	Caryophyllaceae	0.0	Rubiaceae	0.0	Asteraceae	0.0
Fumaria_April_2010-1.jpg	Papaveraceae	Papaveraceae	0.972549019607843	Caryophyllaceae	0.0	Rubiaceae	0.0	Asteraceae	0.0	Fabaceae	0.0
Fumaria_densiflora%2C_floral_world_and_garden_guide_1877.jpg	Papaveraceae	Papaveraceae	0.1764705882352941	Rubiaceae	0.058823529411764705	Resedaceae	0.058823529411764705	Fabaceae	0.047058823529411764	Euphorbiaceae	0.0392156862745098
Fumaria_muralis.jpg	Papaveraceae	Papaveraceae	0.9803921568627452	Fabaceae	0.00392156862745098	Caryophyllaceae	0.0	Rubiaceae	0.0	Asteraceae	0.0
%28MHNT%29_Fumaria_officinalis_-_Habit.jpg	Papaveraceae	Papaveraceae	0.7450980392156863	Fabaceae	0.08235294117647059	Apiaceae	0.01568627450980392	Asteraceae	0.00784313725490196	Asparagaceae	0.00784313725490196
Gagea_bohemica_sl2.jpg	Liliaceae	Liliaceae	0.984313725490196	Brassicaceae	0.00784313725490196	Asteraceae	0.00392156862745098	Caryophyllaceae	0.0	Rubiaceae	0.0
Gagea_pratensis2.jpg	Liliaceae	Liliaceae	0.9725490196078431	Asteraceae	0.00392156862745098	Asparagaceae	0.00392156862745098	Crassulaceae	0.00392156862745098	Caryophyllaceae	0.0
Galegaofficinalis03.jpg	Fabaceae	Fabaceae	0.9529411764705882	Asparagaceae	0.011764705882352941	Plantaginaceae	0.00392156862745098	Ericaceae	0.00392156862745098	Caryophyllaceae	0.0
Galeopsis_tetrahit_-_kare_k%C3%B5rvik_Keilas.jpg	Lamiaceae	Lamiaceae	0.819607843137255	Amaranthaceae	0.023529411764705882	Orobanchaceae	0.00784313725490196	Fabaceae	0.00392156862745098	Rosaceae	0.00392156862745098
Galinsoga_parviflora_bluete.jpeg	Asteraceae	Asteraceae	0.9607843137254902	Caryophyllaceae	0.0	Rubiaceae	0.0	Fabaceae	0.0	Lamiaceae	0.0
Galinsoga.ciliata.1.jpg	Asteraceae	Asteraceae	0.8509803921568626	Lamiaceae	0.00784313725490196	Caryophyllaceae	0.00392156862745098	Rubiaceae	0.0	Fabaceae	0.0
Galium_glaucum_eF.jpg	Rubiaceae	Apiaceae	0.4039215686274509	Rubiaceae	0.34509803921568627	Euphorbiaceae	0.00784313725490196	Poaceae	0.00784313725490196	Caprifoliaceae	0.00784313725490196
Galium_lucidum_1.jpg	Rubiaceae	Asparagaceae	0.4117647058823529	Rutaceae	0.1411764705882353	Asteraceae	0.09019607843137255	Poaceae	0.07058823529411765	Fabaceae	0.03529411764705882
Rubiaceae_-_Galium_mollugo.JPG	Rubiaceae	Rubiaceae	0.5647058823529412	Crassulaceae	0.11764705882352941	Caprifoliaceae	0.06274509803921569	Adoxaceae	0.0392156862745098	Ranunculaceae	0.023529411764705882
Galium_murale_sl9.jpg	Rubiaceae	Rubiaceae	0.6941176470588235	Caryophyllaceae	0.050980392156862744	Crassulaceae	0.027450980392156862	Cistaceae	0.01568627450980392	Zygophyllaceae	0.011764705882352941
Galium_palustre.jpeg	Rubiaceae	Rubiaceae	0.9372549019607843	Fabaceae	0.00392156862745098	Apiaceae	0.00392156862745098	Caprifoliaceae	0.00392156862745098	Caryophyllaceae	0.0
Galium_parisiense.jpg	Rubiaceae	Rubiaceae	0.3450980392156862	Apiaceae	0.07450980392156863	Cucurbitaceae	0.058823529411764705	Euphorbiaceae	0.03137254901960784	Amaryllidaceae	0.027450980392156862
Galium_rotundifolium_2006.07.06_15.02.45-p7060182.jpg	Rubiaceae	Rubiaceae	0.6509803921568628	Caryophyllaceae	0.26666666666666666	Plantaginaceae	0.01568627450980392	Boraginaceae	0.01568627450980392	Primulaceae	0.011764705882352941
Galium_harcynicum_detail.jpeg	Rubiaceae	Rubiaceae	0.9058823529411765	Oleaceae	0.011764705882352941	Thesiaceae	0.011764705882352941	Brassicaceae	0.00784313725490196	Primulaceae	0.00784313725490196
Galium_verrucosum_Sebkhat_Kelbia_2.jpg	Rubiaceae	Rubiaceae	0.7333333333333334	Asteraceae	0.12156862745098039	Lamiaceae	0.023529411764705882	Caprifoliaceae	0.0196078431372549	Caryophyllaceae	0.011764705882352941
Galium_verum01.jpg	Rubiaceae	Rubiaceae	0.8627450980392156	Brassicaceae	0.011764705882352941	Apiaceae	0.00784313725490196	Salicaceae	0.00392156862745098	Cannabaceae	0.00392156862745098
Gamochaeta_pensylvanica-_R%C3%ADo_Negro%2C_Palmar%2C_Suelo_arcilloso_entre_rocas_cerca_al_dique_de_la_represa_1.jpg	Asteraceae	Asteraceae	0.8666666666666667	Brassicaceae	0.050980392156862744	Plantaginaceae	0.023529411764705882	Davalliaceae	0.01568627450980392	Boraginaceae	0.00392156862745098
Gaudinia_fragilis_-_Botanischer_Garten_M%C3%BCnchen-Nymphenburg_-_DSC07884.JPG	Poaceae	Poaceae	0.41176470588235287	Plumbaginaceae	0.1450980392156863	Cyperaceae	0.09803921568627451	Lamiaceae	0.03529411764705882	Equisetaceae	0.027450980392156862
Gazania_rigens-2.jpg	Asteraceae	Asteraceae	0.7137254901960783	Ranunculaceae	0.18039215686274512	Caryophyllaceae	0.0	Rubiaceae	0.0	Fabaceae	0.0
Genista_anglica.jpeg	Fabaceae	Fabaceae	0.984313725490196	Caryophyllaceae	0.0	Rubiaceae	0.0	Asteraceae	0.0	Lamiaceae	0.0
Genista_florida_2601.JPG	Fabaceae	Fabaceae	0.3294117647058823	Apiaceae	0.14901960784313723	Tamaricaceae	0.10196078431372549	Salicaceae	0.09803921568627451	Phyllanthaceae	0.0784313725490196
Gennaria_diphylla_-_Las_Canarias_1.jpg	Orchidaceae	Orchidaceae	0.9921568627450981	Crassulaceae	0.00392156862745098	Caryophyllaceae	0.0	Rubiaceae	0.0	Asteraceae	0.0
Gelber_Enzian_%28Gentiana_lutea%29%2C_Bl%C3%BCtenstand.jpg	Gentianaceae	Gentianaceae	0.34901960784313724	Asteraceae	0.07058823529411765	Fabaceae	0.043137254901960784	Ranunculaceae	0.027450980392156862	Acanthaceae	0.0196078431372549
Gentiana_pneumonanthe_130805a.jpg	Gentianaceae	Gentianaceae	0.7725490196078432	Campanulaceae	0.03529411764705882	Fabaceae	0.023529411764705882	Iridaceae	0.0196078431372549	Aquifoliaceae	0.01568627450980392
Geraniaceae_-_Geranium_columbinum-1.JPG	Geraniaceae	Geraniaceae	0.9725490196078431	Caryophyllaceae	0.0	Rubiaceae	0.0	Asteraceae	0.0	Fabaceae	0.0
Geranium_February_2008-1.jpg	Geraniaceae	Geraniaceae	0.9529411764705882	Boraginaceae	0.00392156862745098	Malvaceae	0.00392156862745098	Caryophyllaceae	0.0	Rubiaceae	0.0
Geranium_molle-01_%28xndr%29.jpg	Geraniaceae	Geraniaceae	0.8862745098039215	Caryophyllaceae	0.011764705882352941	Campanulaceae	0.011764705882352941	Verbenaceae	0.011764705882352941	Rubiaceae	0.0
Geranium_purpureum_3.jpg	Geraniaceae	Geraniaceae	0.9294117647058824	Zygophyllaceae	0.011764705882352941	Asteraceae	0.00392156862745098	Ranunculaceae	0.00392156862745098	Caryophyllaceae	0.0
Geranium_pusillum.jpeg	Geraniaceae	Geraniaceae	0.5647058823529412	Rosaceae	0.2901960784313726	Papaveraceae	0.047058823529411764	Crassulaceae	0.00392156862745098	Oxalidaceae	0.00392156862745098
Geranium_pyrenaicum_5_RF.jpg	Geraniaceae	Geraniaceae	0.9764705882352941	Caryophyllaceae	0.0	Rubiaceae	0.0	Asteraceae	0.0	Fabaceae	0.0
Herb-Robert_800.jpg	Geraniaceae	Geraniaceae	0.8117647058823529	Plumbaginaceae	0.00392156862745098	Amaryllidaceae	0.00392156862745098	Pteridaceae	0.00392156862745098	Saxifragaceae	0.00392156862745098
Geranium_February_2008-3.jpg	Geraniaceae	Geraniaceae	0.8352941176470587	Onagraceae	0.00392156862745098	Plantaginaceae	0.00392156862745098	Adoxaceae	0.00392156862745098	Sapindaceae	0.00392156862745098
Geranium_Sanguineum_Portland_Maine.jpg	Geraniaceae	Geraniaceae	0.9019607843137255	Violaceae	0.00392156862745098	Caryophyllaceae	0.0	Rubiaceae	0.0	Asteraceae	0.0
Geum_coccineum2.jpg	Rosaceae	Rosaceae	0.8901960784313724	Cannabaceae	0.027450980392156862	Malvaceae	0.01568627450980392	Geraniaceae	0.011764705882352941	Ranunculaceae	0.00392156862745098
%28MHNT%29_Geum_urbanum_-_Habit.jpg	Rosaceae	Asteraceae	0.23137254901960772	Brassicaceae	0.2117647058823529	Apiaceae	0.12549019607843137	Rosaceae	0.08627450980392157	Fabaceae	0.03529411764705882
Gladiolus_illyricus_037.JPG	Iridaceae	Iridaceae	0.9882352941176471	Caryophyllaceae	0.0	Rubiaceae	0.0	Asteraceae	0.0	Fabaceae	0.0
0_Gladiolus_italicus_-_Samo%C3%ABns_%281%29.JPG	Iridaceae	Iridaceae	0.9254901960784314	Poaceae	0.0196078431372549	Asteraceae	0.00392156862745098	Caryophyllaceae	0.0	Rubiaceae	0.0
Glaucium_corniculatum_flor.jpg	Papaveraceae	Papaveraceae	0.8235294117647057	Cistaceae	0.00784313725490196	Malvaceae	0.00784313725490196	Fabaceae	0.00392156862745098	Solanaceae	0.00392156862745098
Glaucium_flavum_2015-06-16_442.JPG	Papaveraceae	Papaveraceae	0.9725490196078431	Ranunculaceae	0.00392156862745098	Caryophyllaceae	0.0	Rubiaceae	0.0	Asteraceae	0.0
Glechoma_hederacea_-_Keila.jpg	Lamiaceae	Lamiaceae	0.4509803921568627	Plantaginaceae	0.17254901960784313	Orobanchaceae	0.050980392156862744	Onagraceae	0.011764705882352941	Caryophyllaceae	0.00392156862745098
Gleditsia_triacanthos_Maryhill_Museum_01.jpg	Fabaceae	Fabaceae	0.8823529411764706	Asteraceae	0.0392156862745098	Fagaceae	0.00784313725490196	Asparagaceae	0.00392156862745098	Taxaceae	0.00392156862745098
Globularia_alypum_02.jpg	Plantaginaceae	Plantaginaceae	0.8313725490196079	Campanulaceae	0.023529411764705882	Asteraceae	0.00392156862745098	Lamiaceae	0.00392156862745098	Plumbaginaceae	0.00392156862745098
Globularia_vulgaris01.jpg	Plantaginaceae	Plantaginaceae	1.0	Caprifoliaceae	0.00392156862745098	Caryophyllaceae	0.0	Rubiaceae	0.0	Asteraceae	0.0
Glyceria_striata.jpg	Poaceae	Poaceae	0.8705882352941177	Cyperaceae	0.027450980392156862	Araceae	0.00392156862745098	Haloragaceae	0.00392156862745098	Cystopteridaceae	0.00392156862745098
Glyceria.fluitans.2.jpg	Poaceae	Cyperaceae	0.6470588235294117	Poaceae	0.1411764705882353	Juncaceae	0.027450980392156862	Typhaceae	0.011764705882352941	Nymphaeaceae	0.00784313725490196
Moerasdroogbloem_plant_Gnaphalium_uliginosum_%281%29.jpg	Asteraceae	Asteraceae	1.0	Caryophyllaceae	0.0	Rubiaceae	0.0	Fabaceae	0.0	Lamiaceae	0.0
Asclepias_fruticosa_fruits.jpg	Apocynaceae	Apocynaceae	0.9411764705882353	Fabaceae	0.00784313725490196	Asteraceae	0.00392156862745098	Caryophyllaceae	0.0	Rubiaceae	0.0
Asclepias_physocarpa2.jpg	Apocynaceae	Apocynaceae	0.5764705882352941	Poaceae	0.06274509803921569	Caryophyllaceae	0.027450980392156862	Fabaceae	0.023529411764705882	Asteraceae	0.0196078431372549
Gratiola_officinalis3.jpg	Plantaginaceae	Plantaginaceae	0.2823529411764706	Thymelaeaceae	0.06274509803921569	Cistaceae	0.058823529411764705	Fabaceae	0.050980392156862744	Poaceae	0.0392156862745098
Groenlandia_densa_01_by-dpc.jpg	Potamogetonaceae	Cymodoceaceae	0.47058823529411764	Hydrocharitaceae	0.2901960784313725	Dryopteridaceae	0.07058823529411765	Zosteraceae	0.01568627450980392	Potamogetonaceae	0.011764705882352941
M%C3%BCcken-H%C3%A4ndelwurz_Gymnadenia_conopsea.jpg	Orchidaceae	Orchidaceae	0.9607843137254902	Fabaceae	0.00392156862745098	Caryophyllaceae	0.0	Rubiaceae	0.0	Asteraceae	0.0
Willow-leaved_Hakea.jpg	Proteaceae	Proteaceae	0.5803921568627451	Fabaceae	0.10588235294117647	Euphorbiaceae	0.03529411764705882	Amaranthaceae	0.03137254901960784	Caryophyllaceae	0.023529411764705882
Halimium_halimifolium_Corse0.jpg	Cistaceae	Cistaceae	0.9098039215686274	Caryophyllaceae	0.0	Rubiaceae	0.0	Asteraceae	0.0	Fabaceae	0.0
Halimium_lasianthum_2.jpg	Cistaceae	Cistaceae	0.796078431372549	Boraginaceae	0.043137254901960784	Orobanchaceae	0.023529411764705882	Euphorbiaceae	0.01568627450980392	Asteraceae	0.011764705882352941
Halimium_ocymoides_20190521a.jpg	Cistaceae	Cistaceae	0.9882352941176471	Solanaceae	0.00392156862745098	Caryophyllaceae	0.0	Rubiaceae	0.0	Asteraceae	0.0
Hedera_hibernica1.jpg	Araliaceae	Araliaceae	0.8470588235294118	Apocynaceae	0.043137254901960784	Smilacaceae	0.023529411764705882	Amaranthaceae	0.00784313725490196	Salicaceae	0.00392156862745098
Helianthemum_apenninum1.jpg	Cistaceae	Cistaceae	0.976470588235294	Caryophyllaceae	0.00784313725490196	Rubiaceae	0.0	Asteraceae	0.0	Fabaceae	0.0
Sonnenr%C3%B6schen.jpg	Cistaceae	Cistaceae	0.44705882352941173	Rosaceae	0.050980392156862744	Amaryllidaceae	0.043137254901960784	Ranunculaceae	0.043137254901960784	Asteraceae	0.03137254901960784
Sunflower_sky_backdrop.jpg	Asteraceae	Asteraceae	0.9019607843137255	Phytolaccaceae	0.00392156862745098	Hydrangeaceae	0.00392156862745098	Caryophyllaceae	0.0	Rubiaceae	0.0
Helichrysum_italicum_%28immortelle%29.JPG	Asteraceae	Fabaceae	0.2901960784313725	Asteraceae	0.16470588235294117	Lamiaceae	0.06666666666666667	Ericaceae	0.06274509803921569	Poaceae	0.050980392156862744
HELICHRYSUM_STOECHAS_-_AGUDA_-_IB-813_%28Sempreviva_borda%29.JPG	Asteraceae	Asteraceae	0.5294117647058822	Apiaceae	0.050980392156862744	Poaceae	0.0196078431372549	Fabaceae	0.01568627450980392	Crassulaceae	0.01568627450980392
Heliotropium_curassavicum_Cambria_CA_%28cropped%29.jpg	Heliotropiaceae	Brassicaceae	0.5411764705882353	Caryophyllaceae	0.19215686274509802	Apiaceae	0.0196078431372549	Heliotropiaceae	0.0196078431372549	Oxalidaceae	0.011764705882352941
Heliotropium_europaeum3.jpg	Heliotropiaceae	Heliotropiaceae	0.996078431372549	Caryophyllaceae	0.0	Rubiaceae	0.0	Asteraceae	0.0	Fabaceae	0.0
HelleborusFoetidus-plant.jpg	Ranunculaceae	Ranunculaceae	0.984313725490196	Caryophyllaceae	0.0	Rubiaceae	0.0	Asteraceae	0.0	Fabaceae	0.0
Heracleum_sphondylium_Berenklauw.jpg	Apiaceae	Apiaceae	0.8823529411764706	Caprifoliaceae	0.027450980392156862	Verbenaceae	0.01568627450980392	Asteraceae	0.011764705882352941	Poaceae	0.00784313725490196
Herniaria_hirsuta_cinerea.jpg	Caryophyllaceae	Caryophyllaceae	0.9921568627450981	Pteridaceae	0.00392156862745098	Rubiaceae	0.0	Asteraceae	0.0	Fabaceae	0.0
Herniaria_glabra_2005.06.12_14.50.22.jpg	Caryophyllaceae	Caryophyllaceae	0.9686274509803922	Rubiaceae	0.01568627450980392	Amaranthaceae	0.00392156862745098	Plantaginaceae	0.00392156862745098	Montiaceae	0.00392156862745098
Hesperis_matronalis_flowers.jpg	Brassicaceae	Caryophyllaceae	0.2784313725490196	Butomaceae	0.13725490196078433	Cyperaceae	0.11372549019607843	Brassicaceae	0.08627450980392157	Asteraceae	0.023529411764705882
Hieracium_amplexicaule_002.JPG	Asteraceae	Asteraceae	0.9607843137254901	Caryophyllaceae	0.0	Rubiaceae	0.0	Fabaceae	0.0	Lamiaceae	0.0
Hawkweed_2007-5.jpg	Asteraceae	Asteraceae	0.9725490196078431	Caryophyllaceae	0.0	Rubiaceae	0.0	Fabaceae	0.0	Lamiaceae	0.0
Hieracium_laevigatum_Willd._%287608628280%29.jpg	Asteraceae	Asteraceae	0.5960784313725489	Brassicaceae	0.2235294117647058	Campanulaceae	0.00392156862745098	Apiaceae	0.00392156862745098	Caprifoliaceae	0.00392156862745098
Hieracium_murorum_blatt.jpeg	Asteraceae	Asteraceae	0.9294117647058823	Lamiaceae	0.011764705882352941	Onagraceae	0.00392156862745098	Amaranthaceae	0.00392156862745098	Brassicaceae	0.00392156862745098
Hieracium_sabaudum_flower_head.jpg	Asteraceae	Asteraceae	0.8392156862745097	Ranunculaceae	0.011764705882352941	Caryophyllaceae	0.0	Rubiaceae	0.0	Fabaceae	0.0
Canada_Hawkweed.jpg	Asteraceae	Asteraceae	0.780392156862745	Poaceae	0.011764705882352941	Amaryllidaceae	0.00784313725490196	Ranunculaceae	0.00784313725490196	Fabaceae	0.00392156862745098
Hippocrepis_unisiliquosa_1.jpg	Fabaceae	Fabaceae	0.9686274509803923	Caryophyllaceae	0.00392156862745098	Plantaginaceae	0.00392156862745098	Rubiaceae	0.0	Asteraceae	0.0
3672-Hippocrepis_ciliata-5.06.JPG	Fabaceae	Fabaceae	0.9882352941176471	Caryophyllaceae	0.0	Rubiaceae	0.0	Asteraceae	0.0	Lamiaceae	0.0
Hirschfeldia_incana_plant1_%2814445285567%29.jpg	Brassicaceae	Brassicaceae	0.9686274509803922	Asteraceae	0.023529411764705882	Caryophyllaceae	0.0	Rubiaceae	0.0	Fabaceae	0.0
Vellosilla_de_Espa%C3%B1a_%286942388172%29.jpg	Asteraceae	Asteraceae	0.9529411764705883	Cistaceae	0.00392156862745098	Caryophyllaceae	0.0	Rubiaceae	0.0	Fabaceae	0.0
Holcus_lanatus_Gestreepte_witbol_%282%29.jpg	Poaceae	Poaceae	0.44705882352941173	Typhaceae	0.37254901960784315	Cyperaceae	0.13333333333333333	Caryophyllaceae	0.0	Rubiaceae	0.0
Holcus.mollis.2.jpg	Poaceae	Poaceae	0.9372549019607843	Brassicaceae	0.00392156862745098	Equisetaceae	0.00392156862745098	Caryophyllaceae	0.0	Rubiaceae	0.0
Honckenya_peploides_kz2.jpg	Caryophyllaceae	Caryophyllaceae	0.8901960784313725	Euphorbiaceae	0.07058823529411765	Asteraceae	0.00784313725490196	Scrophulariaceae	0.00784313725490196	Lamiaceae	0.00392156862745098
Hordeum_marinum_-_Oslo_botanical_garden_-_IMG_8875.jpg	Poaceae	Poaceae	0.8117647058823529	Plumbaginaceae	0.047058823529411764	Cyperaceae	0.0196078431372549	Amaryllidaceae	0.01568627450980392	Plantaginaceae	0.011764705882352941
Kruipertje_Hordeum_murinum_plant.jpg	Poaceae	Poaceae	0.8352941176470585	Cyperaceae	0.0196078431372549	Typhaceae	0.01568627450980392	Euphorbiaceae	0.00784313725490196	Amaranthaceae	0.00784313725490196
Hordeum_secalinum300612a.jpg	Poaceae	Poaceae	0.9490196078431372	Caryophyllaceae	0.0	Rubiaceae	0.0	Asteraceae	0.0	Fabaceae	0.0
Hornungia_petraea2_eF.jpg	Brassicaceae	Brassicaceae	0.9568627450980393	Plantaginaceae	0.00784313725490196	Caryophyllaceae	0.00392156862745098	Lamiaceae	0.00392156862745098	Cistaceae	0.00392156862745098
Hopfen1.jpg	Cannabaceae	Cannabaceae	0.9098039215686274	Adoxaceae	0.011764705882352941	Ranunculaceae	0.00784313725490196	Crassulaceae	0.00392156862745098	Caryophyllaceae	0.0
Scilla_hispanica_1.JPG	Asparagaceae	Asparagaceae	0.8	Campanulaceae	0.08627450980392157	Amaryllidaceae	0.023529411764705882	Orchidaceae	0.01568627450980392	Asphodelaceae	0.00392156862745098
Hyacinthoides_non-scripta_%28Common_Bluebell%29.jpg	Asparagaceae	Asparagaceae	0.9411764705882353	Asteraceae	0.00392156862745098	Plantaginaceae	0.00392156862745098	Iridaceae	0.00392156862745098	Boraginaceae	0.00392156862745098
Hydrangea_macrophylla_01_Crop.jpg	Hydrangeaceae	Hydrangeaceae	0.7215686274509804	Verbenaceae	0.12156862745098039	Plantaginaceae	0.0392156862745098	Adoxaceae	0.03529411764705882	Scrophulariaceae	0.011764705882352941
Hydrocotyle_bonariensis.jpg	Apiaceae	Apiaceae	0.37254901960784315	Violaceae	0.1764705882352941	Brassicaceae	0.08235294117647059	Rubiaceae	0.058823529411764705	Plantaginaceae	0.047058823529411764
HydrocotyleVulgaris.jpg	Apiaceae	Apiaceae	0.788235294117647	Crassulaceae	0.09019607843137255	Saxifragaceae	0.047058823529411764	Lamiaceae	0.01568627450980392	Ranunculaceae	0.00784313725490196
Hyoscyamus_albus_habitus.jpg	Solanaceae	Moraceae	0.5764705882352941	Solanaceae	0.2823529411764706	Euphorbiaceae	0.047058823529411764	Fagaceae	0.03529411764705882	Brassicaceae	0.027450980392156862
Hyparrhenia_hirta_espiguetes_albellatge.jpg	Poaceae	Poaceae	0.9450980392156862	Caryophyllaceae	0.00392156862745098	Rubiaceae	0.0	Asteraceae	0.0	Fabaceae	0.0
Hypecoum_imberbe_Palencia.jpg	Papaveraceae	Papaveraceae	0.9098039215686274	Asteraceae	0.011764705882352941	Amaryllidaceae	0.00784313725490196	Ranunculaceae	0.00784313725490196	Onagraceae	0.00392156862745098
%28MHNT%29_Hypericum_androsaemum_-_Habit.jpg	Hypericaceae	Pteridaceae	0.5098039215686274	Osmundaceae	0.17647058823529413	Apiaceae	0.050980392156862744	Asteraceae	0.03529411764705882	Convolvulaceae	0.011764705882352941
Hypericum_Calycinum_photos.jpg	Hypericaceae	Asteraceae	0.2549019607843137	Fabaceae	0.12941176470588234	Hypericaceae	0.09803921568627451	Amaryllidaceae	0.06274509803921569	Menyanthaceae	0.047058823529411764
Hypericum_elodes1.jpg	Hypericaceae	Hypericaceae	1.0	Caryophyllaceae	0.0	Rubiaceae	0.0	Asteraceae	0.0	Fabaceae	0.0
Hypericum_humifusum_W.jpg	Hypericaceae	Hypericaceae	0.9882352941176471	Liliaceae	0.00784313725490196	Caryophyllaceae	0.0	Rubiaceae	0.0	Asteraceae	0.0
Hypericum_montanum06.jpg	Hypericaceae	Hypericaceae	0.9686274509803922	Papaveraceae	0.00784313725490196	Caryophyllaceae	0.0	Rubiaceae	0.0	Asteraceae	0.0
Saint_John%27s_wort_flowers.jpg	Hypericaceae	Hypericaceae	0.996078431372549	Rosaceae	0.00392156862745098	Caryophyllaceae	0.0	Rubiaceae	0.0	Asteraceae	0.0
Hypericum_pulchrum.jpg	Hypericaceae	Hypericaceae	0.9921568627450981	Caryophyllaceae	0.0	Rubiaceae	0.0	Asteraceae	0.0	Fabaceae	0.0
Hypericum_tomentosum1.jpg	Hypericaceae	Hypericaceae	0.6431372549019607	Rosaceae	0.03137254901960784	Lamiaceae	0.027450980392156862	Geraniaceae	0.0196078431372549	Commelinaceae	0.0196078431372549
Hypochoeris_glabra_fruits_2003-05-19.jpg	Asteraceae	Asteraceae	0.9215686274509803	Poaceae	0.011764705882352941	Caprifoliaceae	0.00392156862745098	Ranunculaceae	0.00392156862745098	Caryophyllaceae	0.0
Hypochaeris_radicata_3285.JPG	Asteraceae	Asteraceae	0.9058823529411764	Poaceae	0.0196078431372549	Caryophyllaceae	0.00392156862745098	Plantaginaceae	0.00392156862745098	Ranunculaceae	0.00392156862745098
Illecebrum_verticillatum-IMG_4272.jpg	Caryophyllaceae	Caryophyllaceae	0.196078431372549	Crassulaceae	0.11372549019607843	Salviniaceae	0.043137254901960784	Rubiaceae	0.03529411764705882	Fabaceae	0.03529411764705882
Inula_salicina_240606.jpg	Asteraceae	Asteraceae	0.980392156862745	Caryophyllaceae	0.0	Rubiaceae	0.0	Fabaceae	0.0	Lamiaceae	0.0
Ipomoea_July_2007-1.jpg	Convolvulaceae	Convolvulaceae	0.5254901960784313	Araceae	0.011764705882352941	Cistaceae	0.00784313725490196	Plumbaginaceae	0.00392156862745098	Malvaceae	0.00392156862745098
BlueMorningGlory.jpg	Convolvulaceae	Convolvulaceae	0.7803921568627452	Iridaceae	0.0392156862745098	Boraginaceae	0.027450980392156862	Lamiaceae	0.00784313725490196	Plantaginaceae	0.00784313725490196
Iris_albicans_fort_worth.jpg	Iridaceae	Iridaceae	0.8980392156862744	Plantaginaceae	0.01568627450980392	Poaceae	0.00392156862745098	Araceae	0.00392156862745098	Caryophyllaceae	0.0
Iris_foetidissima_PaR.JPG	Iridaceae	Iridaceae	0.9372549019607843	Fabaceae	0.00392156862745098	Sapindaceae	0.00392156862745098	Caryophyllaceae	0.0	Rubiaceae	0.0
Iris_Germanica_2012-2.jpg	Iridaceae	Iridaceae	0.8941176470588235	Plantaginaceae	0.00392156862745098	Cistaceae	0.00392156862745098	Cannaceae	0.00392156862745098	Caryophyllaceae	0.0
Iris_planifolia_01.JPG	Iridaceae	Iridaceae	0.6705882352941176	Asparagaceae	0.047058823529411764	Lamiaceae	0.0196078431372549	Amaryllidaceae	0.01568627450980392	Linaceae	0.01568627450980392
Iris_pseudacorus_iris_des_marais.jpg	Iridaceae	Iridaceae	0.9607843137254901	Papaveraceae	0.00392156862745098	Ranunculaceae	0.00392156862745098	Hypericaceae	0.00392156862745098	Lentibulariaceae	0.00392156862745098
Iris-xiphium.JPG	Iridaceae	Iridaceae	0.9137254901960784	Ranunculaceae	0.00784313725490196	Amaryllidaceae	0.00392156862745098	Asparagaceae	0.00392156862745098	Violaceae	0.00392156862745098
Isatis_tinctoria02.JPG	Brassicaceae	Apiaceae	0.34901960784313724	Brassicaceae	0.1568627450980392	Crassulaceae	0.13333333333333333	Asparagaceae	0.09019607843137255	Fagaceae	0.08627450980392157
Fig._09_Isolepis_fluitans.jpg	Cyperaceae	Cyperaceae	0.807843137254902	Potamogetonaceae	0.050980392156862744	Juncaceae	0.050980392156862744	Caprifoliaceae	0.011764705882352941	Alismataceae	0.00784313725490196
Jasione_levis.jpg	Campanulaceae	Campanulaceae	0.9411764705882353	Asteraceae	0.050980392156862744	Caryophyllaceae	0.0	Rubiaceae	0.0	Fabaceae	0.0
Bombus_soroeensis_-_Jasione_montana_-_Tallinn.jpg	Campanulaceae	Campanulaceae	0.6862745098039217	Asteraceae	0.12549019607843137	Asparagaceae	0.01568627450980392	Amaryllidaceae	0.00392156862745098	Plantaginaceae	0.00392156862745098
Jasonia_3.JPG	Asteraceae	Asteraceae	0.9019607843137254	Liliaceae	0.03137254901960784	Fabaceae	0.027450980392156862	Caryophyllaceae	0.0	Rubiaceae	0.0
Noyer_centenaire_en_automne.JPG	Juglandaceae	Salicaceae	0.35686274509803917	Rosaceae	0.27450980392156865	Fagaceae	0.1450980392156863	Oleaceae	0.09411764705882353	Fabaceae	0.043137254901960784
Juncus.acutiflorus2.-.lindsey.jpg	Juncaceae	Juncaceae	0.7647058823529411	Equisetaceae	0.11372549019607843	Cyperaceae	0.07450980392156863	Poaceae	0.01568627450980392	Typhaceae	0.00392156862745098
Juncus_acutus_at_Lake_Walyungup%2C_Rockingham_Lakes_Regional_Park%2C_June_2022_02.jpg	Juncaceae	Poaceae	0.16078431372549012	Asteraceae	0.0784313725490196	Pinaceae	0.0392156862745098	Juncaceae	0.03137254901960784	Fabaceae	0.023529411764705882
JuncusArticulatus.jpg	Juncaceae	Juncaceae	0.8823529411764706	Poaceae	0.01568627450980392	Asteraceae	0.00784313725490196	Cyperaceae	0.00784313725490196	Lamiaceae	0.00392156862745098
Juncus_bufonius.jpeg	Juncaceae	Juncaceae	0.7960784313725491	Poaceae	0.06666666666666667	Caryophyllaceae	0.050980392156862744	Asteraceae	0.011764705882352941	Cyperaceae	0.00784313725490196
Juncus_conglomeratus_-_Oslo_botanical_garden_-_IMG_8916.jpg	Juncaceae	Cyperaceae	0.7882352941176469	Poaceae	0.09019607843137255	Juncaceae	0.0196078431372549	Equisetaceae	0.01568627450980392	Typhaceae	0.00392156862745098
Juncus_effuses.jpg	Juncaceae	Cyperaceae	0.8078431372549019	Apiaceae	0.027450980392156862	Juncaceae	0.01568627450980392	Fabaceae	0.011764705882352941	Orchidaceae	0.011764705882352941
Juncus_hybridus_inflorescence_%2801%29.jpg	Juncaceae	Juncaceae	0.8235294117647058	Asteraceae	0.027450980392156862	Poaceae	0.023529411764705882	Apiaceae	0.00784313725490196	Plumbaginaceae	0.00392156862745098
Meerstrand-Binse.JPG	Juncaceae	Juncaceae	0.6705882352941176	Typhaceae	0.1607843137254902	Cyperaceae	0.047058823529411764	Asteraceae	0.03529411764705882	Poaceae	0.00784313725490196
Juncus.conglomeratus.2.jpg	Juncaceae	Juncaceae	0.6980392156862745	Cyperaceae	0.1411764705882353	Poaceae	0.03137254901960784	Asteraceae	0.0196078431372549	Typhaceae	0.0196078431372549
Juncus_ranarius.jpeg	Juncaceae	Juncaceae	0.992156862745098	Caryophyllaceae	0.0	Rubiaceae	0.0	Asteraceae	0.0	Fabaceae	0.0
Juncus-subnodulosus.jpg	Juncaceae	Cyperaceae	0.21176470588235297	Poaceae	0.18823529411764706	Myricaceae	0.11372549019607843	Marsileaceae	0.09019607843137255	Typhaceae	0.050980392156862744
Juncus_tenageia_plant_%2803%29.jpg	Juncaceae	Juncaceae	0.3764705882352941	Cyperaceae	0.30588235294117644	Asteraceae	0.07450980392156863	Poaceae	0.0392156862745098	Fabaceae	0.0196078431372549
Jute_002_lvp.jpg	Juncaceae	Juncaceae	1.0	Caryophyllaceae	0.0	Rubiaceae	0.0	Asteraceae	0.0	Fabaceae	0.0
Jeneverbes.jpg	Cupressaceae	Fabaceae	0.27450980392156865	Ericaceae	0.21176470588235297	Taxaceae	0.11372549019607843	Pinaceae	0.09411764705882353	Anacardiaceae	0.07450980392156863
Cade1.jpg	Cupressaceae	Cupressaceae	0.9490196078431372	Asteraceae	0.011764705882352941	Asparagaceae	0.00392156862745098	Pinaceae	0.00392156862745098	Caryophyllaceae	0.0
Jurinea_bocconei.jpg	Asteraceae	Asteraceae	0.9647058823529412	Fabaceae	0.00784313725490196	Cupressaceae	0.00392156862745098	Caryophyllaceae	0.0	Rubiaceae	0.0
Vivipary_in_Kalanchoe_daigremontiana.jpg	Crassulaceae	Crassulaceae	0.8784313725490196	Dryopteridaceae	0.03529411764705882	Cyperaceae	0.027450980392156862	Poaceae	0.00784313725490196	Heliotropiaceae	0.00784313725490196
Kickxia_elatine1.jpg	Plantaginaceae	Plantaginaceae	0.9803921568627452	Caryophyllaceae	0.0	Rubiaceae	0.0	Asteraceae	0.0	Fabaceae	0.0
Kickxia_spuria_eF.jpg	Plantaginaceae	Plantaginaceae	0.45098039215686275	Fabaceae	0.22352941176470592	Cistaceae	0.09019607843137255	Asteraceae	0.043137254901960784	Brassicaceae	0.027450980392156862
Klasea_flavescens0001_04.jpg	Asteraceae	Brassicaceae	0.2901960784313725	Asteraceae	0.20392156862745092	Fabaceae	0.07450980392156863	Convolvulaceae	0.054901960784313725	Scrophulariaceae	0.043137254901960784
Koeleria_vallesiana_-_Berlin_Botanical_Garden_-_IMG_8569.JPG	Poaceae	Juncaceae	0.2823529411764706	Poaceae	0.2784313725490195	Cyperaceae	0.12156862745098039	Haloragaceae	0.03529411764705882	Asteraceae	0.01568627450980392
Kundmannia_sicula_2.jpg	Apiaceae	Apiaceae	0.8470588235294116	Asteraceae	0.13725490196078433	Caryophyllaceae	0.0	Rubiaceae	0.0	Fabaceae	0.0
Lactucaserriola2web.jpg	Asteraceae	Asteraceae	0.764705882352941	Brassicaceae	0.06274509803921569	Apiaceae	0.0196078431372549	Fagaceae	0.011764705882352941	Lamiaceae	0.00784313725490196
Lactuca_viminea.jpg	Asteraceae	Asteraceae	0.9333333333333333	Hypericaceae	0.011764705882352941	Fabaceae	0.00392156862745098	Cistaceae	0.00392156862745098	Caryophyllaceae	0.0
Cuminoides_vulgare_-_Lagoecia_-_Cimio_-_Le_Cumin._%28Wild_Cumin%29_%28NYPL_b14444147-1130618%29.tiff	Apiaceae	Aspleniaceae	0.30196078431372547	Dennstaedtiaceae	0.18823529411764706	Poaceae	0.1333333333333333	Selaginellaceae	0.023529411764705882	Caryophyllaceae	0.0196078431372549
Lagurus_ovatus.jpg	Poaceae	Poaceae	0.8705882352941176	Fabaceae	0.011764705882352941	Papaveraceae	0.00784313725490196	Asteraceae	0.00392156862745098	Typhaceae	0.00392156862745098
Lamarckia_aurea_%28plant%29.jpg	Poaceae	Poaceae	1.0	Caryophyllaceae	0.0	Rubiaceae	0.0	Asteraceae	0.0	Fabaceae	0.0
Lamium_amplexicaule_Kaldari_01.jpg	Lamiaceae	Lamiaceae	0.9490196078431372	Caryophyllaceae	0.0	Rubiaceae	0.0	Asteraceae	0.0	Fabaceae	0.0
Lamium_bifidum_imported_from_iNaturalist_photo_16334565_on_18_November_2021.jpg	Lamiaceae	Lamiaceae	0.9450980392156864	Urticaceae	0.0196078431372549	Scrophulariaceae	0.00784313725490196	Caryophyllaceae	0.0	Rubiaceae	0.0
Lamium_maculatum_cm01.jpg	Lamiaceae	Lamiaceae	0.784313725490196	Brassicaceae	0.01568627450980392	Asteraceae	0.00784313725490196	Urticaceae	0.00784313725490196	Caryophyllaceae	0.00392156862745098
Lamium_purpureum_-_Tutermaa.jpg	Lamiaceae	Lamiaceae	0.8980392156862744	Caryophyllaceae	0.0	Rubiaceae	0.0	Asteraceae	0.0	Fabaceae	0.0
LantanaFlowerLeaves.jpg	Verbenaceae	Verbenaceae	0.8705882352941177	Adoxaceae	0.023529411764705882	Rosaceae	0.00392156862745098	Scrophulariaceae	0.00392156862745098	Caryophyllaceae	0.0
Lapsana_communis_003.JPG	Asteraceae	Asteraceae	0.9411764705882353	Caryophyllaceae	0.0	Rubiaceae	0.0	Fabaceae	0.0	Lamiaceae	0.0
Lathyrus_angulatus.jpg	Fabaceae	Fabaceae	0.996078431372549	Caryophyllaceae	0.0	Rubiaceae	0.0	Asteraceae	0.0	Lamiaceae	0.0
Lathyrus_sp._01.jpg	Fabaceae	Fabaceae	0.9372549019607842	Cyperaceae	0.00392156862745098	Iridaceae	0.00392156862745098	Caryophyllaceae	0.0	Rubiaceae	0.0
Lathyrus_aphaca_var._aphaca1LEST.jpg	Fabaceae	Fabaceae	0.34901960784313724	Menyanthaceae	0.1450980392156863	Asparagaceae	0.08627450980392157	Ranunculaceae	0.054901960784313725	Caryophyllaceae	0.01568627450980392
Lathyrus_cicera.JPG	Fabaceae	Fabaceae	0.8980392156862744	Poaceae	0.00392156862745098	Cannaceae	0.00392156862745098	Scrophulariaceae	0.00392156862745098	Santalaceae	0.00392156862745098
Lathyrus_clymenum1LEST.jpg	Fabaceae	Fabaceae	0.8941176470588234	Plantaginaceae	0.00392156862745098	Malvaceae	0.00392156862745098	Caryophyllaceae	0.0	Rubiaceae	0.0
Lathyrus_hirsutus_bgiu.jpg	Fabaceae	Fabaceae	0.8666666666666667	Violaceae	0.023529411764705882	Plantaginaceae	0.0196078431372549	Lentibulariaceae	0.00392156862745098	Caryophyllaceae	0.0
Lathyrus_latifolius_flowers.jpg	Fabaceae	Fabaceae	0.9529411764705883	Orchidaceae	0.00392156862745098	Brassicaceae	0.00392156862745098	Caryophyllaceae	0.0	Rubiaceae	0.0
Lathyrus_linifolius_RF.jpg	Fabaceae	Fabaceae	0.9882352941176471	Caryophyllaceae	0.0	Rubiaceae	0.0	Asteraceae	0.0	Lamiaceae	0.0
Lathyrus_niger_%28Schwarz-Platterbse%29_IMG_7523.JPG	Fabaceae	Fabaceae	0.9725490196078431	Caryophyllaceae	0.0	Rubiaceae	0.0	Asteraceae	0.0	Lamiaceae	0.0
Grass_Vetchling_%28Lathyrus_nissolia%29_%283552393290%29.jpg	Fabaceae	Fabaceae	0.976470588235294	Caryophyllaceae	0.0	Rubiaceae	0.0	Asteraceae	0.0	Lamiaceae	0.0
Lathyrus_ochrus.jpg	Fabaceae	Brassicaceae	0.3607843137254902	Asteraceae	0.28235294117647053	Fabaceae	0.16470588235294115	Apiaceae	0.03529411764705882	Salicaceae	0.01568627450980392
Sweet_Pea-7.jpg	Fabaceae	Fabaceae	0.41960784313725485	Malvaceae	0.058823529411764705	Papaveraceae	0.03137254901960784	Paeoniaceae	0.011764705882352941	Plantaginaceae	0.00784313725490196
%28MHNT%29_Lathyrus_pratensis-_Habit.jpg	Fabaceae	Fabaceae	0.6745098039215686	Plantaginaceae	0.08627450980392157	Ranunculaceae	0.050980392156862744	Hypericaceae	0.03137254901960784	Linaceae	0.0196078431372549
Lathyrus_setifolius-Gesse_%C3%A0_feuille_fines-20160417.jpg	Fabaceae	Fabaceae	0.8313725490196077	Apiaceae	0.00392156862745098	Boraginaceae	0.00392156862745098	Ranunculaceae	0.00392156862745098	Cupressaceae	0.00392156862745098
Lathyrus_sphaericus_Follateres.jpg	Fabaceae	Fabaceae	0.9999999999999999	Caryophyllaceae	0.0	Rubiaceae	0.0	Asteraceae	0.0	Lamiaceae	0.0
Lathyrus_sylvestris1.jpg	Fabaceae	Fabaceae	0.8352941176470587	Caryophyllaceae	0.011764705882352941	Amaryllidaceae	0.011764705882352941	Orchidaceae	0.00392156862745098	Euphorbiaceae	0.00392156862745098
Lathyrus_tingitanus1CEJO.jpg	Fabaceae	Fabaceae	0.9568627450980391	Malvaceae	0.00392156862745098	Caryophyllaceae	0.0	Rubiaceae	0.0	Asteraceae	0.0
Starr-071024-0195-Laurus_nobilis-leaves-Enchanting_Floral_Gardens_of_Kula-Maui_%2824867859296%29.jpg	Lauraceae	Lauraceae	0.5529411764705883	Oleaceae	0.16862745098039217	Fagaceae	0.16078431372549018	Rhamnaceae	0.050980392156862744	Ericaceae	0.023529411764705882
Lavandula_latifolia_DehesaBoyalPuertollano.jpg	Lamiaceae	Lamiaceae	0.3137254901960784	Fabaceae	0.12156862745098039	Plumbaginaceae	0.10588235294117647	Asparagaceae	0.047058823529411764	Plantaginaceae	0.03529411764705882
Lavandula_multifida.jpg	Lamiaceae	Lamiaceae	0.2392156862745098	Orchidaceae	0.047058823529411764	Poaceae	0.047058823529411764	Asparagaceae	0.0392156862745098	Amaryllidaceae	0.03529411764705882
Lstoechas.jpg	Lamiaceae	Lamiaceae	0.9882352941176471	Caryophyllaceae	0.0	Rubiaceae	0.0	Asteraceae	0.0	Fabaceae	0.0
Topped_lavendar_flowerhead.jpg	Lamiaceae	Lamiaceae	0.9764705882352941	Orobanchaceae	0.00392156862745098	Caryophyllaceae	0.0	Rubiaceae	0.0	Asteraceae	0.0
L.viridis.JPG	Lamiaceae	Lamiaceae	0.9529411764705882	Asteraceae	0.023529411764705882	Boraginaceae	0.00392156862745098	Caryophyllaceae	0.0	Rubiaceae	0.0
Leersia_oryzoides_NRCS-1.jpg	Poaceae	Poaceae	0.9372549019607843	Cystopteridaceae	0.00784313725490196	Caryophyllaceae	0.0	Rubiaceae	0.0	Asteraceae	0.0
Legousia_hybrida_A.JPG	Campanulaceae	Campanulaceae	0.9294117647058824	Plantaginaceae	0.011764705882352941	Caryophyllaceae	0.00784313725490196	Geraniaceae	0.00784313725490196	Brassicaceae	0.00392156862745098
L_gibba2.jpg	Araceae	Araceae	0.9568627450980393	Plantaginaceae	0.023529411764705882	Caryophyllaceae	0.0	Rubiaceae	0.0	Asteraceae	0.0
Eendekroos_dicht_bijeen.JPG	Araceae	Araceae	0.4431372549019608	Montiaceae	0.23137254901960785	Caryophyllaceae	0.047058823529411764	Lamiaceae	0.027450980392156862	Plantaginaceae	0.023529411764705882
Lemnaminuta.jpg	Araceae	Araceae	0.4470588235294118	Caryophyllaceae	0.08627450980392157	Lamiaceae	0.050980392156862744	Poaceae	0.0392156862745098	Cyperaceae	0.0392156862745098
Leontodon_hispidus_hyoseroides.jpg	Asteraceae	Asteraceae	0.9882352941176469	Caryophyllaceae	0.0	Rubiaceae	0.0	Fabaceae	0.0	Lamiaceae	0.0
Leontodon_tuberosus_EnfoqueInflorescencia_2010-4-02_SierraMadrona.jpg	Asteraceae	Asteraceae	0.9372549019607843	Caryophyllaceae	0.0	Rubiaceae	0.0	Fabaceae	0.0	Lamiaceae	0.0
Lepidium_graminifolium_2005.08.11_16.41.17.jpg	Brassicaceae	Brassicaceae	0.8431372549019608	Cyperaceae	0.03529411764705882	Alismataceae	0.027450980392156862	Linaceae	0.023529411764705882	Ranunculaceae	0.0196078431372549
Downy_Pepperwort_%28Lepidium_heterophyllum%29_-_geograph.org.uk_-_1393693.jpg	Brassicaceae	Brassicaceae	0.7607843137254902	Apiaceae	0.06666666666666667	Caprifoliaceae	0.0196078431372549	Adoxaceae	0.01568627450980392	Asteraceae	0.011764705882352941
20140523-Lepidium_latifolium-1.jpg	Brassicaceae	Asteraceae	0.4274509803921568	Brassicaceae	0.36470588235294116	Boraginaceae	0.023529411764705882	Amaranthaceae	0.01568627450980392	Polygonaceae	0.01568627450980392
Lepidium_sativum_2019-05-04_2820.jpg	Brassicaceae	Apiaceae	0.27058823529411763	Papaveraceae	0.12941176470588234	Brassicaceae	0.11372549019607843	Ranunculaceae	0.10196078431372549	Asteraceae	0.09019607843137255
Lepidium_virginicum_ssp_virginicum.jpg	Brassicaceae	Brassicaceae	0.36862745098039207	Plantaginaceae	0.12156862745098039	Caryophyllaceae	0.0784313725490196	Lamiaceae	0.047058823529411764	Caprifoliaceae	0.03529411764705882
Leucanthemum_ircutianum_ENBLA02.JPG	Asteraceae	Asteraceae	0.9411764705882353	Caryophyllaceae	0.0	Rubiaceae	0.0	Fabaceae	0.0	Lamiaceae	0.0
Leucanthemum_vulgare_%27Filigran%27_Flower_2200px.jpg	Asteraceae	Asteraceae	0.8941176470588235	Papaveraceae	0.00392156862745098	Caryophyllaceae	0.0	Rubiaceae	0.0	Fabaceae	0.0
FloweringLigustrumLucidumTree.jpg	Oleaceae	Fabaceae	0.988235294117647	Ericaceae	0.00784313725490196	Caryophyllaceae	0.0	Rubiaceae	0.0	Asteraceae	0.0
Wilde_liguster_%28Ligustrum_vulgare%29.jpg	Oleaceae	Rhamnaceae	0.3176470588235294	Anacardiaceae	0.2156862745098039	Rosaceae	0.11764705882352941	Fabaceae	0.0784313725490196	Euphorbiaceae	0.043137254901960784
T%C3%BCrkenbund_Lilie%2C_Lilium_martagon_2.JPG	Liliaceae	Liliaceae	0.9764705882352941	Plantaginaceae	0.00392156862745098	Caryophyllaceae	0.0	Rubiaceae	0.0	Asteraceae	0.0
%D0%9D%D0%B5%D0%B4%D0%BE%D1%80%D0%B0%D0%B7%D0%B2%D0%B8%D1%82_%D0%BB%D0%B8%D0%BC%D0%BE%D0%B4%D0%BE%D1%80%D1%83%D0%BC_Limodorum_abortivum.jpg	Orchidaceae	Orchidaceae	0.9294117647058823	Caryophyllaceae	0.0	Rubiaceae	0.0	Asteraceae	0.0	Fabaceae	0.0
Limodorum_abortivum_Orchi_2013-04-16_022.jpg	Orchidaceae	Orchidaceae	0.43137254901960786	Iridaceae	0.08627450980392157	Asparagaceae	0.0392156862745098	Brassicaceae	0.01568627450980392	Caryophyllaceae	0.011764705882352941
Salgado_plant_on_the_beach.jpg	Plumbaginaceae	Plumbaginaceae	0.9254901960784314	Ericaceae	0.023529411764705882	Caryophyllaceae	0.00784313725490196	Convolvulaceae	0.00784313725490196	Lamiaceae	0.00392156862745098
Limonium_perezii_3.jpg	Plumbaginaceae	Asparagaceae	0.39215686274509803	Campanulaceae	0.1411764705882353	Adoxaceae	0.050980392156862744	Plumbaginaceae	0.047058823529411764	Amaryllidaceae	0.043137254901960784
Tema_Nezahat_Gokyigit_Park_1060783_20080513133708.JPG	Plumbaginaceae	Plumbaginaceae	0.9019607843137255	Brassicaceae	0.043137254901960784	Asteraceae	0.00784313725490196	Campanulaceae	0.00392156862745098	Caryophyllaceae	0.0
Limonium_virgatum_%2AStatice_virgata.jpg	Plumbaginaceae	Plumbaginaceae	0.815686274509804	Plantaginaceae	0.023529411764705882	Caryophyllaceae	0.01568627450980392	Polygonaceae	0.011764705882352941	Brassicaceae	0.011764705882352941
Limonium_vulgare_001.JPG	Plumbaginaceae	Plumbaginaceae	0.403921568627451	Asparagaceae	0.2274509803921569	Pontederiaceae	0.1450980392156863	Amaryllidaceae	0.023529411764705882	Aizoaceae	0.011764705882352941
Linaria_triornithophora.JPG	Plantaginaceae	Plantaginaceae	0.46666666666666673	Fabaceae	0.18823529411764703	Violaceae	0.023529411764705882	Rosaceae	0.0196078431372549	Lamiaceae	0.01568627450980392
Lindernia_dubia.jpg	Linderniaceae	Linderniaceae	0.8980392156862745	Lamiaceae	0.043137254901960784	Caryophyllaceae	0.00392156862745098	Plantaginaceae	0.00392156862745098	Apocynaceae	0.00392156862745098
Linum_austriacum_flora2.jpg	Linaceae	Linaceae	0.968627450980392	Violaceae	0.00392156862745098	Caryophyllaceae	0.0	Rubiaceae	0.0	Asteraceae	0.0
Flower_March_2008-13_edit.jpg	Linaceae	Linaceae	0.984313725490196	Violaceae	0.00392156862745098	Caryophyllaceae	0.0	Rubiaceae	0.0	Asteraceae	0.0
Liunum_catharticum1.jpg	Linaceae	Linaceae	0.5843137254901961	Caryophyllaceae	0.0784313725490196	Saxifragaceae	0.06274509803921569	Oxalidaceae	0.011764705882352941	Asparagaceae	0.00784313725490196
Linum_narbonense_flor.jpg	Linaceae	Linaceae	0.8901960784313725	Plantaginaceae	0.011764705882352941	Violaceae	0.00392156862745098	Malvaceae	0.00392156862745098	Ranunculaceae	0.00392156862745098
Linus_strictum-Lin_raide-Boutons-20160610.jpg	Linaceae	Linaceae	0.9686274509803922	Rubiaceae	0.00392156862745098	Caryophyllaceae	0.0	Asteraceae	0.0	Fabaceae	0.0
Linum_trigynum_Dingli_Cliffs_Malta_04.jpg	Linaceae	Linaceae	0.7176470588235294	Cistaceae	0.12156862745098039	Fabaceae	0.023529411764705882	Rosaceae	0.01568627450980392	Oxalidaceae	0.01568627450980392
Littorella_uniflora.jpeg	Plantaginaceae	Plantaginaceae	0.6156862745098038	Poaceae	0.11372549019607843	Araceae	0.03137254901960784	Juncaceae	0.023529411764705882	Asteraceae	0.0196078431372549
Lobelia_close-up_%28aka%29.jpg	Campanulaceae	Campanulaceae	0.9098039215686274	Violaceae	0.0392156862745098	Ranunculaceae	0.0196078431372549	Brassicaceae	0.00392156862745098	Caryophyllaceae	0.0
Lobelia_urens_%28spike%29.jpg	Campanulaceae	Campanulaceae	0.9803921568627451	Plantaginaceae	0.00392156862745098	Caryophyllaceae	0.0	Rubiaceae	0.0	Asteraceae	0.0
Smagliczka_nadmorska_1.jpg	Brassicaceae	Apiaceae	0.38431372549019605	Caryophyllaceae	0.18823529411764706	Lamiaceae	0.10196078431372549	Brassicaceae	0.058823529411764705	Rubiaceae	0.0392156862745098
Logfia_gallica_3_%2814289082519%29.jpg	Asteraceae	Asteraceae	0.4941176470588235	Poaceae	0.13333333333333333	Cyperaceae	0.10196078431372549	Juncaceae	0.09019607843137255	Caprifoliaceae	0.0196078431372549
Logfia_minima.jpg	Asteraceae	Asteraceae	0.8235294117647058	Caryophyllaceae	0.03137254901960784	Juncaceae	0.01568627450980392	Cistaceae	0.00784313725490196	Rubiaceae	0.00392156862745098
Lolium_multiflorum_detail.jpeg	Poaceae	Poaceae	0.992156862745098	Caryophyllaceae	0.0	Rubiaceae	0.0	Asteraceae	0.0	Fabaceae	0.0
Lolium_perenne_Engels_raaigras_doorschietend.jpg	Poaceae	Apiaceae	0.45098039215686275	Poaceae	0.4	Cymodoceaceae	0.10980392156862745	Cyperaceae	0.027450980392156862	Caryophyllaceae	0.0
Lonicera_etrusca_3.jpg	Caprifoliaceae	Caprifoliaceae	0.9764705882352941	Papaveraceae	0.00392156862745098	Caryophyllaceae	0.0	Rubiaceae	0.0	Asteraceae	0.0
Loniceraimplexa.jpg	Caprifoliaceae	Caprifoliaceae	0.8941176470588235	Papaveraceae	0.023529411764705882	Fabaceae	0.00784313725490196	Phytolaccaceae	0.00784313725490196	Rubiaceae	0.00392156862745098
European_honeysuckle_800.jpg	Caprifoliaceae	Caprifoliaceae	0.9764705882352941	Fabaceae	0.00784313725490196	Caryophyllaceae	0.0	Rubiaceae	0.0	Asteraceae	0.0
%28MHNT%29_Lotus_corniculatus_-_Plant_habit.jpg	Fabaceae	Fabaceae	0.8901960784313723	Solanaceae	0.043137254901960784	Cistaceae	0.00784313725490196	Oxalidaceae	0.00784313725490196	Asteraceae	0.00392156862745098
Lotus_creticus.JPG	Fabaceae	Fabaceae	0.9607843137254902	Caryophyllaceae	0.0	Rubiaceae	0.0	Asteraceae	0.0	Lamiaceae	0.0
Lotus_edulis_kz1.jpg	Fabaceae	Fabaceae	0.6196078431372546	Cistaceae	0.01568627450980392	Caryophyllaceae	0.011764705882352941	Ranunculaceae	0.00784313725490196	Rosaceae	0.00392156862745098
Lotus_ornithopodioides_RF_01.jpg	Fabaceae	Fabaceae	0.972549019607843	Caryophyllaceae	0.0	Rubiaceae	0.0	Asteraceae	0.0	Lamiaceae	0.0
Lotus_uliginosus.jpg	Fabaceae	Fabaceae	0.5960784313725489	Araceae	0.0196078431372549	Asteraceae	0.011764705882352941	Apiaceae	0.011764705882352941	Rubiaceae	0.00784313725490196
Starr_070515-7067_Ludwigia_palustris.jpg	Onagraceae	Onagraceae	0.5333333333333333	Myrtaceae	0.23921568627450981	Oleaceae	0.12156862745098039	Cornaceae	0.027450980392156862	Rosaceae	0.01568627450980392
Lunaria_annua_flowers.jpg	Brassicaceae	Brassicaceae	0.8627450980392156	Cistaceae	0.10196078431372549	Asteraceae	0.00784313725490196	Caryophyllaceae	0.0	Rubiaceae	0.0
Lupinus_angustifolius_20150331_a.jpg	Fabaceae	Fabaceae	0.20784313725490192	Asparagaceae	0.1568627450980392	Plantaginaceae	0.09803921568627451	Cupressaceae	0.03529411764705882	Rubiaceae	0.03137254901960784
Luzula_campestris_in_Wales.JPG	Juncaceae	Juncaceae	0.3019607843137254	Orobanchaceae	0.29411764705882354	Cyperaceae	0.08235294117647059	Poaceae	0.07058823529411765	Polygonaceae	0.027450980392156862
Luzula_multiflora_-_Berlin_Botanical_Garden_-_IMG_8554.JPG	Juncaceae	Poaceae	0.4627450980392156	Juncaceae	0.4235294117647058	Cyperaceae	0.0392156862745098	Asteraceae	0.027450980392156862	Brassicaceae	0.00392156862745098
Luzula_sylvatica_in_natural_setting.JPG	Juncaceae	Cyperaceae	0.44705882352941173	Plantaginaceae	0.25098039215686274	Juncaceae	0.06274509803921569	Poaceae	0.043137254901960784	Amaryllidaceae	0.03529411764705882
Lycium_europaeum.jpg	Solanaceae	Solanaceae	0.9607843137254902	Asteraceae	0.00392156862745098	Fabaceae	0.00392156862745098	Salicaceae	0.00392156862745098	Cistaceae	0.00392156862745098
Lycopodiella_inundata_002.jpg	Lycopodiaceae	Lycopodiaceae	0.6745098039215686	Crassulaceae	0.00784313725490196	Ranunculaceae	0.00784313725490196	Selaginellaceae	0.00784313725490196	Caryophyllaceae	0.00392156862745098
Lycopodium_clavatum_151207.jpg	Lycopodiaceae	Lycopodiaceae	0.6509803921568628	Ericaceae	0.08235294117647059	Asteraceae	0.01568627450980392	Fabaceae	0.01568627450980392	Haloragaceae	0.01568627450980392
Wolfspoot_R0012816.JPG	Lamiaceae	Lamiaceae	0.9843137254901961	Thelypteridaceae	0.00784313725490196	Caryophyllaceae	0.0	Rubiaceae	0.0	Asteraceae	0.0
Lysimachia_ephemerum_kz01.jpg	Primulaceae	Primulaceae	0.5019607843137255	Orchidaceae	0.06666666666666667	Orobanchaceae	0.050980392156862744	Asphodelaceae	0.0392156862745098	Brassicaceae	0.03137254901960784
Yellow_pimpernel.jpg	Primulaceae	Primulaceae	0.29411764705882354	Gentianaceae	0.058823529411764705	Hypericaceae	0.054901960784313725	Cistaceae	0.050980392156862744	Fabaceae	0.047058823529411764
Lysimachia_vulgaris_%28flowers%29_2.jpg	Primulaceae	Primulaceae	0.9568627450980393	Brassicaceae	0.03529411764705882	Caryophyllaceae	0.0	Rubiaceae	0.0	Asteraceae	0.0
LythrumHyssopifolia2.jpg	Lythraceae	Lythraceae	0.9490196078431373	Lamiaceae	0.011764705882352941	Plantaginaceae	0.00392156862745098	Polygalaceae	0.00392156862745098	Caryophyllaceae	0.0
Lythrum_junceum.jpg	Lythraceae	Lythraceae	0.9647058823529412	Gentianaceae	0.011764705882352941	Campanulaceae	0.00392156862745098	Caryophyllaceae	0.0	Rubiaceae	0.0
LythrumPortula.jpg	Lythraceae	Lythraceae	0.9607843137254902	Montiaceae	0.011764705882352941	Caryophyllaceae	0.00784313725490196	Rubiaceae	0.0	Asteraceae	0.0
Lythrum_salicaria_-_harilik_kukesaba.jpg	Lythraceae	Lythraceae	0.7450980392156863	Lamiaceae	0.047058823529411764	Plumbaginaceae	0.00784313725490196	Amaranthaceae	0.00784313725490196	Caprifoliaceae	0.00784313725490196
Malcolmia_littorea.jpg	Brassicaceae	Brassicaceae	0.9764705882352942	Caryophyllaceae	0.0	Rubiaceae	0.0	Asteraceae	0.0	Fabaceae	0.0
Malus_sylvestris_005.JPG	Rosaceae	Rosaceae	0.5568627450980391	Solanaceae	0.03529411764705882	Ranunculaceae	0.023529411764705882	Pittosporaceae	0.0196078431372549	Passifloraceae	0.0196078431372549
Malva_hispanica.jpg	Malvaceae	Malvaceae	0.9764705882352941	Caryophyllaceae	0.0	Rubiaceae	0.0	Asteraceae	0.0	Fabaceae	0.0
Malva_neglecta-flower.jpg	Malvaceae	Malvaceae	0.9137254901960784	Geraniaceae	0.023529411764705882	Lythraceae	0.00392156862745098	Convolvulaceae	0.00392156862745098	Caryophyllaceae	0.0
Malvanicaeensis.jpg	Malvaceae	Malvaceae	0.807843137254902	Caryophyllaceae	0.023529411764705882	Geraniaceae	0.023529411764705882	Solanaceae	0.011764705882352941	Convolvulaceae	0.011764705882352941
Malva_parviflora_small.jpg	Malvaceae	Malvaceae	0.9450980392156864	Solanaceae	0.00392156862745098	Salicaceae	0.00392156862745098	Thesiaceae	0.00392156862745098	Platanaceae	0.00392156862745098
Mallow_January_2008-1.jpg	Malvaceae	Malvaceae	0.6980392156862745	Convolvulaceae	0.011764705882352941	Geraniaceae	0.011764705882352941	Amaryllidaceae	0.00784313725490196	Iridaceae	0.00784313725490196
Malva_tournefortiana_20100707.jpg	Malvaceae	Caryophyllaceae	0.5372549019607842	Brassicaceae	0.21568627450980388	Verbenaceae	0.09803921568627451	Plumbaginaceae	0.054901960784313725	Asteraceae	0.0196078431372549
Mantisalca_salmantica1.jpg	Asteraceae	Asteraceae	0.9294117647058824	Papaveraceae	0.00784313725490196	Amaryllidaceae	0.00392156862745098	Caryophyllaceae	0.0	Rubiaceae	0.0
Marsilea_quadrifolia_plants.jpg	Marsileaceae	Euphorbiaceae	0.6745098039215685	Cannabaceae	0.0392156862745098	Plantaginaceae	0.03529411764705882	Pteridaceae	0.027450980392156862	Oxalidaceae	0.0196078431372549
P1070367.jpg	Brassicaceae	Brassicaceae	1.0	Caryophyllaceae	0.0	Rubiaceae	0.0	Asteraceae	0.0	Fabaceae	0.0
Matthiola_incana6.jpg	Brassicaceae	Brassicaceae	0.9333333333333333	Caprifoliaceae	0.01568627450980392	Rubiaceae	0.00392156862745098	Plumbaginaceae	0.00392156862745098	Apocynaceae	0.00392156862745098
Matthiola_sinuata1.jpg	Brassicaceae	Brassicaceae	0.9450980392156862	Caryophyllaceae	0.00392156862745098	Amaryllidaceae	0.00392156862745098	Plantaginaceae	0.00392156862745098	Rubiaceae	0.0
Medicago_arborea1.jpg	Fabaceae	Fabaceae	0.976470588235294	Asteraceae	0.00784313725490196	Caryophyllaceae	0.0	Rubiaceae	0.0	Lamiaceae	0.0
Medicago_falcata_bgiu.jpg	Fabaceae	Fabaceae	0.9372549019607843	Brassicaceae	0.00784313725490196	Primulaceae	0.00392156862745098	Rutaceae	0.00392156862745098	Caryophyllaceae	0.0
Medicago_littoralis2.jpg	Fabaceae	Fabaceae	0.996078431372549	Caryophyllaceae	0.0	Rubiaceae	0.0	Asteraceae	0.0	Lamiaceae	0.0
MedicagoLupulina02.jpg	Fabaceae	Fabaceae	0.9529411764705882	Euphorbiaceae	0.00784313725490196	Caryophyllaceae	0.0	Rubiaceae	0.0	Asteraceae	0.0
Medicago_marina2.jpg	Fabaceae	Fabaceae	0.7568627450980391	Asteraceae	0.0196078431372549	Plantaginaceae	0.01568627450980392	Brassicaceae	0.01568627450980392	Apiaceae	0.011764705882352941
Medicago_minima_W.jpg	Fabaceae	Fabaceae	0.5137254901960784	Poaceae	0.023529411764705882	Brassicaceae	0.0196078431372549	Asteraceae	0.011764705882352941	Boraginaceae	0.011764705882352941
Medicago_orbicularis1.jpg	Fabaceae	Fabaceae	0.8705882352941177	Asteraceae	0.00392156862745098	Caryophyllaceae	0.0	Rubiaceae	0.0	Lamiaceae	0.0
Medicago_polymorpha_%28Flower%29.jpg	Fabaceae	Fabaceae	0.45490196078431366	Primulaceae	0.027450980392156862	Asteraceae	0.023529411764705882	Rosaceae	0.01568627450980392	Poaceae	0.01568627450980392
Medicago_rigidula576.JPG	Fabaceae	Fabaceae	0.7686274509803921	Salicaceae	0.050980392156862744	Euphorbiaceae	0.03137254901960784	Caryophyllaceae	0.011764705882352941	Lamiaceae	0.00784313725490196
Medicago_truncatula_A17_branch.JPG	Fabaceae	Fabaceae	0.8901960784313725	Oxalidaceae	0.023529411764705882	Euphorbiaceae	0.01568627450980392	Papaveraceae	0.01568627450980392	Amaranthaceae	0.00784313725490196
Melampyrum_pratense.jpeg	Orobanchaceae	Orobanchaceae	0.9294117647058824	Fabaceae	0.00392156862745098	Plantaginaceae	0.00392156862745098	Caryophyllaceae	0.0	Rubiaceae	0.0
Melica_ciliata_010707.jpg	Poaceae	Poaceae	0.9450980392156862	Resedaceae	0.047058823529411764	Caryophyllaceae	0.0	Rubiaceae	0.0	Asteraceae	0.0
Melica-uniflora-fruits.jpg	Poaceae	Poaceae	1.0	Caryophyllaceae	0.0	Rubiaceae	0.0	Asteraceae	0.0	Fabaceae	0.0
Apis_mellifera_-_Melilotus_albus_-_Keila.jpg	Fabaceae	Fabaceae	0.19215686274509802	Asteraceae	0.058823529411764705	Orchidaceae	0.058823529411764705	Lamiaceae	0.047058823529411764	Resedaceae	0.043137254901960784
Melilotus_indicus_%28Flower%29.jpg	Fabaceae	Fabaceae	0.48627450980392156	Brassicaceae	0.050980392156862744	Salicaceae	0.027450980392156862	Cyperaceae	0.01568627450980392	Plantaginaceae	0.01568627450980392
Bombus_lapidarius_-_Melilotus_officinalis_-_Tallinn.jpg	Fabaceae	Fabaceae	0.5137254901960784	Asteraceae	0.047058823529411764	Poaceae	0.023529411764705882	Boraginaceae	0.01568627450980392	Ranunculaceae	0.01568627450980392
Melilotus_segetalis_flowers.jpg	Fabaceae	Fabaceae	1.0	Caryophyllaceae	0.0	Rubiaceae	0.0	Asteraceae	0.0	Lamiaceae	0.0
Lemon_balm_plant.jpg	Lamiaceae	Lamiaceae	0.7294117647058823	Scrophulariaceae	0.047058823529411764	Amaranthaceae	0.03137254901960784	Brassicaceae	0.03137254901960784	Urticaceae	0.023529411764705882
Melittis_melissophyllum_010603.jpg	Lamiaceae	Lamiaceae	0.9568627450980393	Caryophyllaceae	0.0	Rubiaceae	0.0	Asteraceae	0.0	Fabaceae	0.0
Mentha_aquatica_02.jpg	Lamiaceae	Lamiaceae	0.992156862745098	Orobanchaceae	0.00392156862745098	Caryophyllaceae	0.0	Rubiaceae	0.0	Asteraceae	0.0
Mentha_cervina_flower.jpg	Lamiaceae	Lamiaceae	0.9176470588235294	Apiaceae	0.03529411764705882	Amaryllidaceae	0.00392156862745098	Caprifoliaceae	0.00392156862745098	Caryophyllaceae	0.0
Gardenology.org-IMG_2751_rbgs11jan.jpg	Lamiaceae	Lamiaceae	0.9764705882352941	Campanulaceae	0.011764705882352941	Caryophyllaceae	0.0	Rubiaceae	0.0	Asteraceae	0.0
Minze.jpg	Lamiaceae	Lamiaceae	0.6235294117647059	Euphorbiaceae	0.18823529411764706	Scrophulariaceae	0.07058823529411765	Asteraceae	0.03529411764705882	Caprifoliaceae	0.011764705882352941
Apple_Mint.jpg	Lamiaceae	Lamiaceae	0.9450980392156862	Cistaceae	0.00392156862745098	Boraginaceae	0.00392156862745098	Caryophyllaceae	0.0	Rubiaceae	0.0
Menyanthes_trifoliata_Bukkeblad.JPG	Menyanthaceae	Menyanthaceae	0.9803921568627451	Caryophyllaceae	0.0	Rubiaceae	0.0	Asteraceae	0.0	Fabaceae	0.0
Mercuralis_perennis.jpg	Euphorbiaceae	Euphorbiaceae	0.5607843137254902	Lamiaceae	0.35294117647058826	Urticaceae	0.08627450980392157	Caryophyllaceae	0.0	Rubiaceae	0.0
Ro%C5%9Blina_zielna_00pl.jpg	Euphorbiaceae	Euphorbiaceae	0.4549019607843137	Asteraceae	0.06274509803921569	Amaranthaceae	0.0392156862745098	Caryophyllaceae	0.03529411764705882	Solanaceae	0.03529411764705882
Unk_desert_flower_2.jpg	Aizoaceae	Aizoaceae	0.5999999999999999	Asteraceae	0.03529411764705882	Droseraceae	0.011764705882352941	Rubiaceae	0.00784313725490196	Fabaceae	0.00784313725490196
Mesambryanthemum_nodiflorum.jpg	Aizoaceae	Aizoaceae	0.9058823529411765	Caryophyllaceae	0.01568627450980392	Crassulaceae	0.01568627450980392	Asteraceae	0.00392156862745098	Salviniaceae	0.00392156862745098
Mibora_minima_Estepona_1.JPG	Poaceae	Poaceae	0.4901960784313725	Juncaceae	0.12156862745098039	Cyperaceae	0.054901960784313725	Asteraceae	0.050980392156862744	Apiaceae	0.01568627450980392
Micromeria_graeca_1.jpg	Lamiaceae	Lamiaceae	0.7686274509803921	Lythraceae	0.050980392156862744	Plantaginaceae	0.03529411764705882	Acanthaceae	0.011764705882352941	Asteraceae	0.00392156862745098
Milium.effusum2.-.lindsey.jpg	Poaceae	Poaceae	0.8392156862745095	Haloragaceae	0.047058823529411764	Alismataceae	0.00784313725490196	Asteraceae	0.00392156862745098	Fabaceae	0.00392156862745098
Gul-Abas-4-O%27clock_plant.JPG	Nyctaginaceae	Nyctaginaceae	0.8666666666666667	Convolvulaceae	0.027450980392156862	Onagraceae	0.00784313725490196	Ericaceae	0.00392156862745098	Boraginaceae	0.00392156862745098
Misopates_calycinum_Lateral_2011-5-22_SierraMadrona.jpg	Plantaginaceae	Plantaginaceae	0.5882352941176471	Fabaceae	0.3294117647058823	Linaceae	0.00392156862745098	Violaceae	0.00392156862745098	Convolvulaceae	0.00392156862745098
Misopates_orontium1.jpg	Plantaginaceae	Plantaginaceae	0.9803921568627451	Caryophyllaceae	0.00392156862745098	Rubiaceae	0.0	Asteraceae	0.0	Fabaceae	0.0
Moehringia_trinervia_2005.04.30_16.27.42.jpg	Caryophyllaceae	Caryophyllaceae	0.9254901960784314	Rubiaceae	0.0196078431372549	Caprifoliaceae	0.00392156862745098	Asteraceae	0.0	Fabaceae	0.0
Molinia.jpg	Poaceae	Poaceae	0.7529411764705878	Thymelaeaceae	0.0196078431372549	Cyperaceae	0.01568627450980392	Fagaceae	0.011764705882352941	Fabaceae	0.00784313725490196
Montia_fontana_%28mezenc%2C_43%2C_France%292.JPG	Montiaceae	Pontederiaceae	0.4980392156862745	Montiaceae	0.396078431372549	Caryophyllaceae	0.03529411764705882	Aizoaceae	0.027450980392156862	Haloragaceae	0.01568627450980392
Flores_moricandia_arvensis.jpg	Brassicaceae	Brassicaceae	0.9137254901960783	Violaceae	0.00784313725490196	Linaceae	0.00392156862745098	Caryophyllaceae	0.0	Rubiaceae	0.0
Muscari_comosum_08-05-2010_%281%29.JPG	Asparagaceae	Asparagaceae	0.9921568627450981	Caryophyllaceae	0.0	Rubiaceae	0.0	Asteraceae	0.0	Fabaceae	0.0
Muscari_neglectum_%28flowers%29.jpg	Asparagaceae	Asparagaceae	0.9921568627450981	Caryophyllaceae	0.0	Rubiaceae	0.0	Asteraceae	0.0	Fabaceae	0.0
Myosotis_arvensis.jpeg	Boraginaceae	Boraginaceae	0.9490196078431371	Caryophyllaceae	0.00784313725490196	Solanaceae	0.00784313725490196	Rubiaceae	0.0	Asteraceae	0.0
Myosotis_discolor_habitus.jpeg	Boraginaceae	Boraginaceae	0.6509803921568627	Brassicaceae	0.2	Asteraceae	0.0196078431372549	Cistaceae	0.00784313725490196	Thymelaeaceae	0.00784313725490196
Myosotis_laxa.jpeg	Boraginaceae	Boraginaceae	0.9647058823529412	Amaryllidaceae	0.00392156862745098	Caryophyllaceae	0.0	Rubiaceae	0.0	Asteraceae	0.0
Myosotis_arvensis_ois.JPG	Boraginaceae	Boraginaceae	0.5411764705882351	Caryophyllaceae	0.047058823529411764	Gentianaceae	0.03137254901960784	Plantaginaceae	0.027450980392156862	Brassicaceae	0.0196078431372549
Myosotis_ramosissima-02_%28xndr%29.jpg	Boraginaceae	Boraginaceae	0.8941176470588235	Rubiaceae	0.00784313725490196	Fabaceae	0.00392156862745098	Plantaginaceae	0.00392156862745098	Linderniaceae	0.00392156862745098
Myrica-gale-hunlig.JPG	Myricaceae	Myricaceae	0.9529411764705882	Fabaceae	0.00784313725490196	Ericaceae	0.00784313725490196	Fagaceae	0.00784313725490196	Salicaceae	0.00392156862745098
Fig._06_Myriophyllum_alternifolium.jpg	Haloragaceae	Haloragaceae	0.5215686274509804	Primulaceae	0.09803921568627451	Lythraceae	0.07450980392156863	Crassulaceae	0.043137254901960784	Potamogetonaceae	0.03529411764705882
Myriophyllum_verticillatum.jpeg	Haloragaceae	Haloragaceae	0.8784313725490196	Lentibulariaceae	0.0196078431372549	Apiaceae	0.00784313725490196	Asparagaceae	0.00392156862745098	Ranunculaceae	0.00392156862745098
Myrtus_communis_L._subsp._communis_-_52505075873.png	Myrtaceae	Myrtaceae	0.8980392156862744	Rosaceae	0.027450980392156862	Amaryllidaceae	0.00392156862745098	Ericaceae	0.00392156862745098	Adoxaceae	0.00392156862745098
Najas_marina_060628_Korea.jpg	Hydrocharitaceae	Hydrocharitaceae	0.3607843137254902	Ceratophyllaceae	0.13725490196078433	Zosteraceae	0.06274509803921569	Potamogetonaceae	0.0392156862745098	Asteraceae	0.027450980392156862
Najas_minor_NRCS_%28original%29.jpg	Hydrocharitaceae	Ceratophyllaceae	0.4196078431372549	Haloragaceae	0.09019607843137255	Ranunculaceae	0.054901960784313725	Potamogetonaceae	0.047058823529411764	Juncaceae	0.0196078431372549
Narcissus_bulbocodium_citrinus_01.JPG	Amaryllidaceae	Amaryllidaceae	0.988235294117647	Onagraceae	0.00392156862745098	Iridaceae	0.00392156862745098	Caryophyllaceae	0.0	Rubiaceae	0.0
Narcissus_cyclamineus01.jpg	Amaryllidaceae	Amaryllidaceae	0.8705882352941177	Fabaceae	0.043137254901960784	Apocynaceae	0.03137254901960784	Iridaceae	0.011764705882352941	Solanaceae	0.00392156862745098
Narcissus_jonquilla_3.jpg	Amaryllidaceae	Amaryllidaceae	0.996078431372549	Caryophyllaceae	0.0	Rubiaceae	0.0	Asteraceae	0.0	Fabaceae	0.0
Narcissus_papyraceus_%27Paperwhite%27_02.JPG	Amaryllidaceae	Amaryllidaceae	0.8823529411764707	Caryophyllaceae	0.00392156862745098	Asteraceae	0.00392156862745098	Asparagaceae	0.00392156862745098	Fagaceae	0.00392156862745098
Narcissus_pseudonarcissus_flower_300303.jpg	Amaryllidaceae	Amaryllidaceae	0.9764705882352942	Caryophyllaceae	0.0	Rubiaceae	0.0	Asteraceae	0.0	Fabaceae	0.0
Narcissus_rupicola_Habitus_2011-3-09_PtoNiefla_SierraMadrona.jpg	Amaryllidaceae	Amaryllidaceae	1.0	Caryophyllaceae	0.0	Rubiaceae	0.0	Asteraceae	0.0	Fabaceae	0.0
Narcissus_serotinus5656.jpg	Amaryllidaceae	Amaryllidaceae	0.4156862745098039	Asteraceae	0.054901960784313725	Ranunculaceae	0.054901960784313725	Asparagaceae	0.03529411764705882	Caryophyllaceae	0.03137254901960784
Narcissus-tazetta-0006a.jpg	Amaryllidaceae	Amaryllidaceae	0.9764705882352941	Asteraceae	0.0196078431372549	Caryophyllaceae	0.0	Rubiaceae	0.0	Fabaceae	0.0
Narcissus_triandrus_4.jpg	Amaryllidaceae	Amaryllidaceae	0.9294117647058823	Fabaceae	0.00392156862745098	Orobanchaceae	0.00392156862745098	Caryophyllaceae	0.0	Rubiaceae	0.0
Nardus_stricta_mountain_medow.JPG	Poaceae	Poaceae	0.9647058823529412	Cyperaceae	0.011764705882352941	Caryophyllaceae	0.0	Rubiaceae	0.0	Asteraceae	0.0
Rome_%283%29.jpg	Nartheciaceae	Nartheciaceae	0.4470588235294118	Poaceae	0.0784313725490196	Cyperaceae	0.043137254901960784	Brassicaceae	0.03529411764705882	Asteraceae	0.023529411764705882
Neatostema_apulum_kz6.jpg	Boraginaceae	Boraginaceae	0.7450980392156863	Asteraceae	0.01568627450980392	Lamiaceae	0.01568627450980392	Fabaceae	0.011764705882352941	Plantaginaceae	0.011764705882352941
Neotinea_maculata_%28Sardinia%29.jpg	Orchidaceae	Orchidaceae	1.0	Caryophyllaceae	0.0	Rubiaceae	0.0	Asteraceae	0.0	Fabaceae	0.0
Neottia_nidus-avis_-_Pruunikas_pesajuur_Keila.jpg	Orchidaceae	Orchidaceae	0.6392156862745098	Asteraceae	0.10980392156862745	Brassicaceae	0.07058823529411765	Plantaginaceae	0.0196078431372549	Euphorbiaceae	0.01568627450980392
Catnip-blossom.jpg	Lamiaceae	Lamiaceae	0.6274509803921569	Phytolaccaceae	0.03137254901960784	Apiaceae	0.027450980392156862	Fabaceae	0.023529411764705882	Poaceae	0.0196078431372549
Nerium_oleander_flowers_leaves.jpg	Apocynaceae	Apocynaceae	0.8509803921568627	Caryophyllaceae	0.01568627450980392	Brassicaceae	0.00784313725490196	Fabaceae	0.00392156862745098	Euphorbiaceae	0.00392156862745098
Nicotiana_glauca_%288694803666%29.jpg	Solanaceae	Solanaceae	0.3411764705882353	Fabaceae	0.26274509803921564	Santalaceae	0.1843137254901961	Euphorbiaceae	0.09411764705882353	Caryophyllaceae	0.0196078431372549
2007-10-25Nigella_damascena_10.jpg	Ranunculaceae	Ranunculaceae	0.5137254901960784	Asteraceae	0.40784313725490196	Campanulaceae	0.0196078431372549	Plantaginaceae	0.01568627450980392	Fabaceae	0.00392156862745098
Nonea_rossica_flowers_3.jpg	Boraginaceae	Boraginaceae	0.8431372549019608	Asteraceae	0.01568627450980392	Solanaceae	0.011764705882352941	Orobanchaceae	0.011764705882352941	Fabaceae	0.00784313725490196
Nothoscordum_gracile_%288486631578%29.jpg	Amaryllidaceae	Amaryllidaceae	0.9098039215686274	Asparagaceae	0.011764705882352941	Butomaceae	0.00784313725490196	Orchidaceae	0.00392156862745098	Brassicaceae	0.00392156862745098
Notobasis_syriaca.jpg	Asteraceae	Asteraceae	0.992156862745098	Orchidaceae	0.00392156862745098	Caryophyllaceae	0.0	Rubiaceae	0.0	Fabaceae	0.0
2016_Kwiat_grzybieni_bia%C5%82ych_2.jpg	Nymphaeaceae	Nymphaeaceae	0.796078431372549	Iridaceae	0.00784313725490196	Asteraceae	0.00392156862745098	Amaryllidaceae	0.00392156862745098	Colchicaceae	0.00392156862745098
NymphoidesPeltata-flower2-hr.jpg	Menyanthaceae	Menyanthaceae	0.9372549019607843	Asteraceae	0.023529411764705882	Ranunculaceae	0.00392156862745098	Haloragaceae	0.00392156862745098	Moraceae	0.00392156862745098
Red_bartsia_800.jpg	Orobanchaceae	Orobanchaceae	0.2666666666666667	Lamiaceae	0.16078431372549012	Orchidaceae	0.0392156862745098	Caryophyllaceae	0.027450980392156862	Amaranthaceae	0.0196078431372549
Oenanthe_crocata_kz04.jpg	Apiaceae	Apiaceae	0.8666666666666666	Asteraceae	0.011764705882352941	Amaryllidaceae	0.011764705882352941	Ranunculaceae	0.00784313725490196	Adoxaceae	0.00392156862745098
Oenanthe_fistulosa_flowers.jpg	Apiaceae	Apiaceae	0.988235294117647	Rosaceae	0.00392156862745098	Caryophyllaceae	0.0	Rubiaceae	0.0	Asteraceae	0.0
Oenanthe_pimpinelloides2.jpg	Apiaceae	Apiaceae	0.9568627450980391	Amaryllidaceae	0.00392156862745098	Caprifoliaceae	0.00392156862745098	Caryophyllaceae	0.0	Rubiaceae	0.0
Oenothera_biennis%2C_Vic-la-Gardiole_01.jpg	Onagraceae	Onagraceae	0.2431372549019608	Cistaceae	0.14509803921568626	Orobanchaceae	0.12156862745098039	Fabaceae	0.054901960784313725	Plantaginaceae	0.03137254901960784
Oenothera_glazioviana_03_ies.jpg	Onagraceae	Onagraceae	0.9019607843137255	Fabaceae	0.00392156862745098	Amaryllidaceae	0.00392156862745098	Orobanchaceae	0.00392156862745098	Caryophyllaceae	0.0
Oenothera_rosea1.jpg	Onagraceae	Onagraceae	0.9921568627450981	Caryophyllaceae	0.00392156862745098	Rubiaceae	0.0	Asteraceae	0.0	Fabaceae	0.0
Oenothera_rubricaulis_2014_G1.jpg	Onagraceae	Fabaceae	0.24313725490196075	Onagraceae	0.1411764705882353	Brassicaceae	0.0784313725490196	Haloragaceae	0.027450980392156862	Orobanchaceae	0.023529411764705882
Olivesfromjordan.jpg	Oleaceae	Oleaceae	0.3411764705882353	Caryophyllaceae	0.16470588235294117	Juglandaceae	0.1450980392156863	Cupressaceae	0.07450980392156863	Rosaceae	0.06666666666666667
Onobrychis_arenaria1.jpg	Fabaceae	Fabaceae	0.5098039215686274	Gentianaceae	0.07450980392156863	Orobanchaceae	0.06274509803921569	Orchidaceae	0.03529411764705882	Amaryllidaceae	0.03137254901960784
Onobrychis_viciifolia_Inflorescence_11April2009_CampoCalatrava.jpg	Fabaceae	Fabaceae	0.8352941176470587	Orobanchaceae	0.00392156862745098	Crassulaceae	0.00392156862745098	Caryophyllaceae	0.0	Rubiaceae	0.0
Ononis_natrix_Sardinia_LM.jpg	Fabaceae	Fabaceae	0.7960784313725486	Solanaceae	0.00392156862745098	Papaveraceae	0.00392156862745098	Oxalidaceae	0.00392156862745098	Caryophyllaceae	0.0
CresminaDunes1.jpg	Fabaceae	Asteraceae	0.3333333333333333	Poaceae	0.19215686274509802	Arecaceae	0.06274509803921569	Fabaceae	0.054901960784313725	Taxaceae	0.027450980392156862
Ononis_reclinata_sl5.jpg	Fabaceae	Fabaceae	0.8784313725490195	Lamiaceae	0.00784313725490196	Campanulaceae	0.00784313725490196	Boraginaceae	0.00784313725490196	Plantaginaceae	0.00392156862745098
Ononis_spinosa_1.jpg	Fabaceae	Fabaceae	0.8196078431372547	Plantaginaceae	0.023529411764705882	Amaryllidaceae	0.00784313725490196	Lamiaceae	0.00392156862745098	Asparagaceae	0.00392156862745098
Ononis_variegata.jpg	Fabaceae	Asteraceae	0.5019607843137255	Fabaceae	0.4627450980392157	Brassicaceae	0.01568627450980392	Cistaceae	0.00392156862745098	Caryophyllaceae	0.0
Onopordum_acanthium.jpg	Asteraceae	Brassicaceae	0.7098039215686274	Asteraceae	0.13725490196078433	Verbenaceae	0.0392156862745098	Fabaceae	0.027450980392156862	Amaranthaceae	0.023529411764705882
Onopordum_illyricum_near_Holbrook_NSW_Australia.jpg	Asteraceae	Asteraceae	0.9921568627450981	Caryophyllaceae	0.0	Rubiaceae	0.0	Fabaceae	0.0	Lamiaceae	0.0
Cicak_cvet.jpg	Asteraceae	Asteraceae	0.9019607843137255	Caryophyllaceae	0.0	Rubiaceae	0.0	Fabaceae	0.0	Lamiaceae	0.0
Onosma_simplicissima_flowers.jpg	Boraginaceae	Ranunculaceae	0.5215686274509803	Boraginaceae	0.13333333333333333	Asteraceae	0.047058823529411764	Amaryllidaceae	0.047058823529411764	Caryophyllaceae	0.01568627450980392
Ophioglossum_lusitanicum.jpg	Ophioglossaceae	Marsileaceae	0.24705882352941178	Rubiaceae	0.11372549019607843	Ericaceae	0.10980392156862745	Araceae	0.0392156862745098	Caryophyllaceae	0.03137254901960784
Ophioglossum_vulgatum_Saarland_01.jpg	Ophioglossaceae	Araceae	0.403921568627451	Ophioglossaceae	0.30196078431372547	Alismataceae	0.054901960784313725	Asteraceae	0.023529411764705882	Ranunculaceae	0.023529411764705882
Bee_Orchid_%28Ophrys_apifera%29_%2814374841786%29_-_cropped.jpg	Orchidaceae	Orchidaceae	0.6666666666666666	Caryophyllaceae	0.00784313725490196	Solanaceae	0.00784313725490196	Ranunculaceae	0.00784313725490196	Apiaceae	0.00392156862745098
Ophrys-bombyliflora.web.jpg	Orchidaceae	Orchidaceae	0.8862745098039215	Euphorbiaceae	0.011764705882352941	Paeoniaceae	0.00784313725490196	Myrtaceae	0.00784313725490196	Hypericaceae	0.00392156862745098
Ophrys_lupercalis_3.jpg	Orchidaceae	Orchidaceae	0.5411764705882353	Euphorbiaceae	0.06274509803921569	Cistaceae	0.043137254901960784	Fabaceae	0.03137254901960784	Cyperaceae	0.011764705882352941
Ophrys_lutea_Zingaro_180307.jpg	Orchidaceae	Orchidaceae	0.8705882352941177	Fabaceae	0.011764705882352941	Cistaceae	0.00392156862745098	Ranunculaceae	0.00392156862745098	Scrophulariaceae	0.00392156862745098
Ophrys_scolopax_001.jpg	Orchidaceae	Orchidaceae	0.8862745098039218	Asteraceae	0.00392156862745098	Geraniaceae	0.00392156862745098	Caryophyllaceae	0.0	Rubiaceae	0.0
Ophrys_speculum_Mallorca_01.jpg	Orchidaceae	Orchidaceae	0.9529411764705883	Cistaceae	0.00784313725490196	Campanulaceae	0.00392156862745098	Asparagaceae	0.00392156862745098	Plantaginaceae	0.00392156862745098
Ophrys_sphegodes_flowers.jpg	Orchidaceae	Orchidaceae	0.9568627450980391	Caryophyllaceae	0.0	Rubiaceae	0.0	Asteraceae	0.0	Fabaceae	0.0
Ophrys_tenthredinifera_Mallorca_01.jpg	Orchidaceae	Orchidaceae	0.3999999999999999	Caryophyllaceae	0.011764705882352941	Ericaceae	0.011764705882352941	Euphorbiaceae	0.00784313725490196	Asparagaceae	0.00784313725490196
Orchis_italica_wiki_mg-k01.jpg	Orchidaceae	Orchidaceae	0.7019607843137254	Amaryllidaceae	0.09803921568627451	Asteraceae	0.01568627450980392	Fabaceae	0.00784313725490196	Asparagaceae	0.00784313725490196
Orchis_mascula_inflorescence_-_Keila.jpg	Orchidaceae	Orchidaceae	0.9098039215686274	Lamiaceae	0.023529411764705882	Plantaginaceae	0.00392156862745098	Scrophulariaceae	0.00392156862745098	Apocynaceae	0.00392156862745098
Anacamptis_morio_hampe.jpg	Orchidaceae	Orchidaceae	0.588235294117647	Plantaginaceae	0.1647058823529412	Brassicaceae	0.06666666666666667	Lamiaceae	0.03529411764705882	Poaceae	0.011764705882352941
Orchis_provincialis_%28flower_spike%29.jpg	Orchidaceae	Orchidaceae	0.776470588235294	Rubiaceae	0.01568627450980392	Amaryllidaceae	0.00392156862745098	Asparagaceae	0.00392156862745098	Apiaceae	0.00392156862745098
Origanum_vulgare_-_harilik_pune.jpg	Lamiaceae	Lamiaceae	0.44313725490196076	Juncaceae	0.24705882352941178	Apiaceae	0.07450980392156863	Plantaginaceae	0.011764705882352941	Adoxaceae	0.011764705882352941
Caucalis_platycarpos1_eF.jpg	Apiaceae	Apiaceae	0.8509803921568626	Amaryllidaceae	0.00392156862745098	Poaceae	0.00392156862745098	Papaveraceae	0.00392156862745098	Ericaceae	0.00392156862745098
Ornithogalum_arabicum491228475.jpg	Asparagaceae	Asparagaceae	0.7764705882352941	Asteraceae	0.03529411764705882	Amaryllidaceae	0.023529411764705882	Polypodiaceae	0.01568627450980392	Brassicaceae	0.00784313725490196
Ornithogalum_narbonense.jpg	Asparagaceae	Asparagaceae	0.984313725490196	Caryophyllaceae	0.0	Rubiaceae	0.0	Asteraceae	0.0	Fabaceae	0.0
Bath_asparagus_clouts_wood.jpg	Asparagaceae	Orchidaceae	0.09803921568627451	Asparagaceae	0.08627450980392157	Phytolaccaceae	0.08235294117647059	Resedaceae	0.054901960784313725	Asteraceae	0.047058823529411764
Ornithopus_perpusillus.jpeg	Fabaceae	Fabaceae	0.9921568627450981	Caryophyllaceae	0.0	Rubiaceae	0.0	Asteraceae	0.0	Lamiaceae	0.0
Ornithopus_sativus_flower%2C_serradelle_bloem.jpg	Fabaceae	Fabaceae	0.9647058823529411	Malvaceae	0.00784313725490196	Caryophyllaceae	0.0	Rubiaceae	0.0	Asteraceae	0.0
Orobanche_crenata_1.jpg	Orobanchaceae	Orobanchaceae	0.615686274509804	Orchidaceae	0.30588235294117644	Equisetaceae	0.01568627450980392	Paeoniaceae	0.00392156862745098	Acanthaceae	0.00392156862745098
Orobanche_hederae1.jpg	Orobanchaceae	Orobanchaceae	0.9686274509803922	Lamiaceae	0.00392156862745098	Orchidaceae	0.00392156862745098	Caryophyllaceae	0.0	Rubiaceae	0.0
Orobanche_latisquama%2C_Santa_Perp%C3%A8tua_de_Gai%C3%A0%2C_6.jpg	Orobanchaceae	Orobanchaceae	0.9019607843137254	Cyperaceae	0.00392156862745098	Cytinaceae	0.00392156862745098	Caryophyllaceae	0.0	Rubiaceae	0.0
Orobanche_minor_plant.jpg	Orobanchaceae	Orobanchaceae	0.9294117647058824	Plantaginaceae	0.011764705882352941	Orchidaceae	0.00784313725490196	Caryophyllaceae	0.0	Rubiaceae	0.0
Orobanche_rapum-genistae.jpg	Orobanchaceae	Polypodiaceae	0.24705882352941178	Ericaceae	0.17254901960784313	Platanaceae	0.07450980392156863	Fagaceae	0.06274509803921569	Salicaceae	0.054901960784313725
OsmundaRegalis.jpg	Osmundaceae	Osmundaceae	0.8901960784313725	Davalliaceae	0.023529411764705882	Polypodiaceae	0.01568627450980392	Dryopteridaceae	0.00784313725490196	Apiaceae	0.00392156862745098
Santalaceae_-_Osyris_alba.JPG	Santalaceae	Santalaceae	0.9647058823529412	Taxaceae	0.011764705882352941	Thymelaeaceae	0.00784313725490196	Caryophyllaceae	0.0	Rubiaceae	0.0
Osyris_lanceolata.JPG	Santalaceae	Santalaceae	0.792156862745098	Ericaceae	0.00784313725490196	Fagaceae	0.00784313725490196	Fabaceae	0.00392156862745098	Asparagaceae	0.00392156862745098
Otanthus_maritimus_6_%28Espagne%29.JPG	Asteraceae	Asteraceae	0.8745098039215686	Fabaceae	0.043137254901960784	Orobanchaceae	0.00784313725490196	Oleaceae	0.00784313725490196	Caryophyllaceae	0.00392156862745098
Oxalis_acetosella_LC0190.jpg	Oxalidaceae	Oxalidaceae	0.8156862745098039	Alismataceae	0.043137254901960784	Brassicaceae	0.03137254901960784	Caryophyllaceae	0.0196078431372549	Ranunculaceae	0.00784313725490196
Flowers_of_Oxalis_articulata_20181102.jpg	Oxalidaceae	Convolvulaceae	0.6627450980392157	Cistaceae	0.2235294117647059	Ericaceae	0.027450980392156862	Aizoaceae	0.0196078431372549	Lamiaceae	0.01568627450980392
Oxalis_corniculata23.jpg	Oxalidaceae	Oxalidaceae	0.44313725490196076	Linaceae	0.16862745098039217	Ranunculaceae	0.0784313725490196	Hypericaceae	0.047058823529411764	Brassicaceae	0.03137254901960784
Oxalis_corymbosa_2.jpg	Oxalidaceae	Oxalidaceae	0.9098039215686274	Brassicaceae	0.00392156862745098	Araceae	0.00392156862745098	Caryophyllaceae	0.0	Rubiaceae	0.0
Oxalis_exilis_kz3.jpg	Oxalidaceae	Oxalidaceae	0.9725490196078432	Gentianaceae	0.00784313725490196	Hypericaceae	0.00392156862745098	Caryophyllaceae	0.0	Rubiaceae	0.0
Oxalis_latifolia_3.jpg	Oxalidaceae	Oxalidaceae	0.7254901960784313	Fabaceae	0.08235294117647059	Ranunculaceae	0.06274509803921569	Brassicaceae	0.0196078431372549	Papaveraceae	0.01568627450980392
Oxalis-pes-caprae-16c-Zachi-Evenor.jpg	Oxalidaceae	Oxalidaceae	0.9294117647058824	Fabaceae	0.00392156862745098	Hypericaceae	0.00392156862745098	Caryophyllaceae	0.0	Rubiaceae	0.0
Oxalis_purpurea_%28Habitus%29.jpg	Oxalidaceae	Oxalidaceae	0.6549019607843137	Convolvulaceae	0.10588235294117647	Fabaceae	0.050980392156862744	Cistaceae	0.011764705882352941	Malvaceae	0.011764705882352941
Alor_Olivenza_Paeonia_broteri_broterio_%28Extremadura%29.jpg	Paeoniaceae	Paeoniaceae	0.8352941176470587	Aizoaceae	0.011764705882352941	Papaveraceae	0.00392156862745098	Cannaceae	0.00392156862745098	Nymphaeaceae	0.00392156862745098
Paeonia_officinalis_01.JPG	Paeoniaceae	Paeoniaceae	0.8784313725490196	Apocynaceae	0.01568627450980392	Euphorbiaceae	0.00784313725490196	Brassicaceae	0.00784313725490196	Aizoaceae	0.00784313725490196
Pallenis_spinosa_3.JPG	Asteraceae	Asteraceae	0.6941176470588235	Fabaceae	0.03529411764705882	Cistaceae	0.011764705882352941	Caprifoliaceae	0.00392156862745098	Fagaceae	0.00392156862745098
Pacratium_maritimum_Paestum.jpg	Amaryllidaceae	Amaryllidaceae	0.8627450980392157	Asparagaceae	0.027450980392156862	Asteraceae	0.00392156862745098	Plumbaginaceae	0.00392156862745098	Poaceae	0.00392156862745098
Amapola_macho_-Papaver_argemone_%287385599770%29.jpg	Papaveraceae	Papaveraceae	0.8117647058823529	Cistaceae	0.0392156862745098	Ranunculaceae	0.01568627450980392	Plantaginaceae	0.00784313725490196	Asteraceae	0.00392156862745098
Papaver_hybridum_la_amapola_blaugrana_%286919562314%29.jpg	Papaveraceae	Papaveraceae	0.8980392156862744	Ranunculaceae	0.011764705882352941	Caryophyllaceae	0.0	Rubiaceae	0.0	Asteraceae	0.0
Papaver_pinnatifidum_TalloHojas_2009-5-17_DehesaBoyaldePuertollano.jpg	Papaveraceae	Fabaceae	0.4117647058823529	Cistaceae	0.11764705882352941	Asteraceae	0.09411764705882353	Lamiaceae	0.050980392156862744	Plantaginaceae	0.03529411764705882
Parapholis_incurva.jpg	Poaceae	Poaceae	0.2941176470588234	Lycopodiaceae	0.054901960784313725	Asteraceae	0.050980392156862744	Cyperaceae	0.050980392156862744	Caryophyllaceae	0.03137254901960784
Parapholisstrigosa.jpg	Poaceae	Juncaceae	0.35686274509803917	Cyperaceae	0.2549019607843137	Polygonaceae	0.043137254901960784	Poaceae	0.0196078431372549	Myricaceae	0.011764705882352941
Paraserianthes_lophantha_-_Photographed_on_the_west_side_of_Buena_Vista_Park%2C_San_Francisco.jpg	Fabaceae	Fabaceae	0.9803921568627452	Caryophyllaceae	0.0	Rubiaceae	0.0	Asteraceae	0.0	Lamiaceae	0.0
Parentucellia_latifolia.jpeg	Orobanchaceae	Orobanchaceae	0.7725490196078432	Lamiaceae	0.06274509803921569	Fabaceae	0.023529411764705882	Boraginaceae	0.011764705882352941	Euphorbiaceae	0.00392156862745098
Starr_040723-0206_Parentucellia_viscosa.jpg	Orobanchaceae	Orobanchaceae	0.7647058823529412	Boraginaceae	0.03137254901960784	Brassicaceae	0.0196078431372549	Euphorbiaceae	0.011764705882352941	Scrophulariaceae	0.011764705882352941
Parietaria_judaica_000.jpg	Urticaceae	Urticaceae	0.9294117647058824	Amaranthaceae	0.011764705882352941	Asteraceae	0.00784313725490196	Apocynaceae	0.00784313725490196	Hypericaceae	0.00392156862745098
Paronychia_argentea_%28286232698%29.jpg	Caryophyllaceae	Caryophyllaceae	0.803921568627451	Plantaginaceae	0.047058823529411764	Fabaceae	0.0392156862745098	Lamiaceae	0.0196078431372549	Crassulaceae	0.01568627450980392
Paspalum_dilatatum1.jpg	Poaceae	Poaceae	0.5764705882352941	Cyperaceae	0.34509803921568616	Fabaceae	0.011764705882352941	Amaryllidaceae	0.00392156862745098	Plantaginaceae	0.00392156862745098
Paspalum_distichum_7th_Brigade_Park_Chermside_P1090453.jpg	Poaceae	Poaceae	1.0	Caryophyllaceae	0.0	Rubiaceae	0.0	Asteraceae	0.0	Fabaceae	0.0
Passiflora_caerulea_%282019-06-24%29_frontal-view.jpg	Passifloraceae	Passifloraceae	0.7137254901960784	Asteraceae	0.0196078431372549	Plantaginaceae	0.01568627450980392	Aizoaceae	0.00784313725490196	Rosaceae	0.00392156862745098
Waldl%C3%A4usekraut_%28Pedicularis_sylvatica%29%4004.jpg	Orobanchaceae	Orobanchaceae	0.5333333333333333	Lamiaceae	0.10588235294117647	Ericaceae	0.03529411764705882	Caryophyllaceae	0.023529411764705882	Orchidaceae	0.0196078431372549
Overblijvende_ossentong_Pentaglottis_sempervirens_closeup.jpg	Boraginaceae	Boraginaceae	0.7137254901960783	Lamiaceae	0.011764705882352941	Rosaceae	0.00784313725490196	Plantaginaceae	0.00784313725490196	Verbenaceae	0.00784313725490196
Petrorhagiadubia.jpg	Caryophyllaceae	Caryophyllaceae	0.592156862745098	Geraniaceae	0.1333333333333333	Asteraceae	0.01568627450980392	Fabaceae	0.01568627450980392	Caprifoliaceae	0.011764705882352941
Petroragia_nanteuilii_closeup2_DehesaBoyalPuertollano.jpg	Caryophyllaceae	Caryophyllaceae	0.9921568627450981	Onagraceae	0.00784313725490196	Rubiaceae	0.0	Asteraceae	0.0	Fabaceae	0.0
Petrorhagia_saxifraga.jpg	Caryophyllaceae	Caryophyllaceae	0.7686274509803921	Violaceae	0.0392156862745098	Onagraceae	0.023529411764705882	Geraniaceae	0.023529411764705882	Linaceae	0.01568627450980392
Sitochroa_palealis-01_%28xndr%29.jpg	Apiaceae	Caprifoliaceae	0.15294117647058822	Asteraceae	0.10588235294117647	Fabaceae	0.07450980392156863	Caryophyllaceae	0.058823529411764705	Apocynaceae	0.058823529411764705
Phagnalon_rupestre_1.jpg	Asteraceae	Asteraceae	0.7882352941176469	Asphodelaceae	0.01568627450980392	Amaryllidaceae	0.011764705882352941	Asparagaceae	0.00784313725490196	Apiaceae	0.00784313725490196
Phagnalon_saxatile.JPG	Asteraceae	Asteraceae	1.0	Caryophyllaceae	0.0	Rubiaceae	0.0	Fabaceae	0.0	Lamiaceae	0.0
Phalaris_arundinacea_1.jpg	Poaceae	Poaceae	0.9686274509803922	Juncaceae	0.00392156862745098	Caryophyllaceae	0.0	Rubiaceae	0.0	Asteraceae	0.0
Phillyrea_angustifolia_g1.jpg	Oleaceae	Oleaceae	0.23529411764705882	Myricaceae	0.13725490196078433	Fabaceae	0.1333333333333333	Rhamnaceae	0.10980392156862745	Santalaceae	0.0196078431372549
Phillyrea_latifolia2.jpg	Oleaceae	Oleaceae	0.5411764705882353	Lauraceae	0.1450980392156863	Ericaceae	0.054901960784313725	Adoxaceae	0.050980392156862744	Rhamnaceae	0.03137254901960784
Timothee_%28Phleum_pratense_subsp._pratense%29.jpg	Poaceae	Poaceae	0.7333333333333333	Resedaceae	0.047058823529411764	Fabaceae	0.027450980392156862	Cyperaceae	0.01568627450980392	Orchidaceae	0.00784313725490196
Phleum_phleoides_-_Berlin_Botanical_Garden_-_IMG_8578.JPG	Poaceae	Haloragaceae	0.2	Poaceae	0.1568627450980392	Asteraceae	0.10980392156862745	Fabaceae	0.047058823529411764	Lamiaceae	0.03137254901960784
Timothy_grass.jpg	Poaceae	Poaceae	0.992156862745098	Fabaceae	0.00392156862745098	Caryophyllaceae	0.0	Rubiaceae	0.0	Asteraceae	0.0
Phoenix_canariensis_CBMen_6.jpg	Arecaceae	Arecaceae	0.6235294117647059	Fabaceae	0.3137254901960784	Boraginaceae	0.00392156862745098	Taxaceae	0.00392156862745098	Caryophyllaceae	0.0
Phragmites_australis_-_NASA_Tracks_an_Environmental_Invader_%2848049936657%29.jpg	Poaceae	Fabaceae	0.22745098039215683	Asphodelaceae	0.07450980392156863	Typhaceae	0.06274509803921569	Iridaceae	0.050980392156862744	Amaryllidaceae	0.03529411764705882
Pokeweed_bush_in_Northumberland_County%2C_Pennsylvania.JPG	Phytolaccaceae	Phytolaccaceae	0.7843137254901961	Salicaceae	0.058823529411764705	Onagraceae	0.027450980392156862	Poaceae	0.01568627450980392	Fabaceae	0.011764705882352941
Picnomon_acarna_InflorescenceCloseup_CampodeCalatrava.jpg	Asteraceae	Asteraceae	0.7568627450980391	Lamiaceae	0.011764705882352941	Apiaceae	0.011764705882352941	Fabaceae	0.00784313725490196	Caprifoliaceae	0.00784313725490196
Hieracium_pilosella_plant.jpg	Asteraceae	Asteraceae	0.8352941176470587	Fabaceae	0.0196078431372549	Anacardiaceae	0.011764705882352941	Aizoaceae	0.011764705882352941	Cistaceae	0.00784313725490196
Apiaceae_-_Pimpinella_major-1.JPG	Apiaceae	Apiaceae	0.9803921568627451	Adoxaceae	0.00392156862745098	Caryophyllaceae	0.0	Rubiaceae	0.0	Asteraceae	0.0
Pinguicula_lusitanica.JPG	Lentibulariaceae	Lentibulariaceae	1.0	Caryophyllaceae	0.0	Rubiaceae	0.0	Asteraceae	0.0	Fabaceae	0.0
Pinguicula_vulgaris_flower_%28front_view%29_-_Keila.jpg	Lentibulariaceae	Lentibulariaceae	0.7843137254901961	Orchidaceae	0.054901960784313725	Lamiaceae	0.0392156862745098	Plantaginaceae	0.03137254901960784	Fabaceae	0.00784313725490196
%CE%A7%CE%B1%CE%BB%CE%AD%CF%80%CE%B9%CE%BF%CF%82_%CF%80%CE%B5%CF%8D%CE%BA%CE%B7_%CE%A3%CE%BF%CF%8D%CE%BD%CE%B9%CE%BF_1963.jpg	Pinaceae	Pinaceae	0.9058823529411765	Fabaceae	0.06666666666666667	Apiaceae	0.00784313725490196	Ericaceae	0.00392156862745098	Caryophyllaceae	0.0
Pinus_pinaster.jpg	Pinaceae	Pinaceae	1.003921568627451	Caryophyllaceae	0.0	Rubiaceae	0.0	Asteraceae	0.0	Fabaceae	0.0
Pinus_pinea_Wellington_Botanic_Gardens.jpg	Pinaceae	Pinaceae	0.9333333333333333	Apiaceae	0.011764705882352941	Fabaceae	0.00784313725490196	Crassulaceae	0.00784313725490196	Asparagaceae	0.00392156862745098
Skuleskogen_pine.jpg	Pinaceae	Pinaceae	0.8156862745098039	Myrtaceae	0.10980392156862745	Salicaceae	0.011764705882352941	Fabaceae	0.00784313725490196	Taxaceae	0.00784313725490196
Piptatherummiliaceum.jpg	Poaceae	Poaceae	0.9411764705882353	Salicaceae	0.00392156862745098	Caryophyllaceae	0.0	Rubiaceae	0.0	Asteraceae	0.0
Pistacia_lentiscus.jpg	Anacardiaceae	Anacardiaceae	0.984313725490196	Ericaceae	0.00392156862745098	Myricaceae	0.00392156862745098	Caryophyllaceae	0.0	Rubiaceae	0.0
Pistacia_palaestina.JPG	Anacardiaceae	Fabaceae	0.5333333333333333	Fagaceae	0.1333333333333333	Pinaceae	0.10588235294117647	Cupressaceae	0.03137254901960784	Ericaceae	0.01568627450980392
Pistorinia_1_sp.JPG	Crassulaceae	Crassulaceae	0.6823529411764706	Cytinaceae	0.06274509803921569	Aizoaceae	0.03137254901960784	Anacardiaceae	0.01568627450980392	Pinaceae	0.011764705882352941
Pittosporum_Tobira_JPG0.jpg	Pittosporaceae	Pittosporaceae	0.3686274509803922	Thymelaeaceae	0.1411764705882353	Heliotropiaceae	0.12549019607843137	Fabaceae	0.0392156862745098	Caryophyllaceae	0.023529411764705882
Pittosporum_undulatum_fruit.jpg	Pittosporaceae	Pittosporaceae	0.6392156862745098	Aquifoliaceae	0.19607843137254902	Lauraceae	0.08627450980392157	Rosaceae	0.01568627450980392	Fagaceae	0.011764705882352941
Plantago_albicans_kz3.jpg	Plantaginaceae	Asteraceae	0.403921568627451	Poaceae	0.18823529411764706	Brassicaceae	0.07058823529411765	Plantaginaceae	0.06274509803921569	Fabaceae	0.03529411764705882
Plantago_lagopus_Habitus_2011-4-10_SierraMadrona.jpg	Plantaginaceae	Cyperaceae	0.2745098039215685	Plantaginaceae	0.2	Amaryllidaceae	0.09019607843137255	Asteraceae	0.0784313725490196	Juncaceae	0.07450980392156863
Ribwort_600.jpg	Plantaginaceae	Plantaginaceae	0.6392156862745098	Amaryllidaceae	0.09019607843137255	Orchidaceae	0.01568627450980392	Asparagaceae	0.01568627450980392	Iridaceae	0.011764705882352941
Grote_weegbree_bloeiwijze_Plantago_major_subsp._major.jpg	Plantaginaceae	Plantaginaceae	0.9803921568627451	Resedaceae	0.00784313725490196	Phytolaccaceae	0.00392156862745098	Caryophyllaceae	0.0	Rubiaceae	0.0
Plantago_maritima_v._juncoides3326.jpg	Plantaginaceae	Euphorbiaceae	0.3607843137254902	Plantaginaceae	0.2941176470588235	Crassulaceae	0.06666666666666667	Polypodiaceae	0.023529411764705882	Asteraceae	0.01568627450980392
Malta_-_Qrendi_-_Hagar_Qim_and_Mnajdra_Archaeological_Park_-_Plantago_serraria_01_ies.jpg	Plantaginaceae	Plantaginaceae	0.5882352941176471	Brassicaceae	0.19607843137254902	Euphorbiaceae	0.047058823529411764	Crassulaceae	0.023529411764705882	Poaceae	0.0196078431372549
Berkeley_Square_-_geograph.org.uk_-_911963.jpg	Platanaceae	Salicaceae	0.33333333333333337	Simaroubaceae	0.15294117647058825	Poaceae	0.11764705882352941	Asteraceae	0.027450980392156862	Oleaceae	0.023529411764705882
Poa_angustifolia1.JPG	Poaceae	Poaceae	0.996078431372549	Caryophyllaceae	0.0	Rubiaceae	0.0	Asteraceae	0.0	Fabaceae	0.0
Poa_annua.jpeg	Poaceae	Poaceae	0.976470588235294	Boraginaceae	0.00392156862745098	Caryophyllaceae	0.0	Rubiaceae	0.0	Asteraceae	0.0
Poabulbosa.jpg	Poaceae	Poaceae	0.7058823529411764	Ranunculaceae	0.13333333333333333	Fabaceae	0.043137254901960784	Asparagaceae	0.011764705882352941	Amaranthaceae	0.011764705882352941
Poa_infirma.jpg	Poaceae	Brassicaceae	0.4588235294117647	Poaceae	0.42745098039215684	Aspleniaceae	0.0196078431372549	Onagraceae	0.00392156862745098	Pteridaceae	0.00392156862745098
Poa.nemoralis.in.may.germany.jpg	Poaceae	Cyperaceae	0.5411764705882353	Poaceae	0.2588235294117647	Typhaceae	0.07450980392156863	Amaryllidaceae	0.00784313725490196	Brassicaceae	0.00784313725490196
Veldbeemdgras_Poa_pratensis.jpg	Poaceae	Poaceae	0.4392156862745098	Cyperaceae	0.24705882352941178	Plantaginaceae	0.07058823529411765	Marsileaceae	0.06274509803921569	Caryophyllaceae	0.01568627450980392
Poa_trivialis_Ruwbeembgras_bloeiwijze.jpg	Poaceae	Poaceae	0.780392156862745	Cyperaceae	0.06274509803921569	Brassicaceae	0.047058823529411764	Fabaceae	0.011764705882352941	Orchidaceae	0.00392156862745098
Polycarpon_tetraphyllum.jpg	Caryophyllaceae	Caryophyllaceae	0.4392156862745098	Crassulaceae	0.27058823529411763	Elatinaceae	0.01568627450980392	Brassicaceae	0.011764705882352941	Araceae	0.011764705882352941
Polygala_monspeliaca.jpg	Polygalaceae	Lythraceae	0.2274509803921569	Caryophyllaceae	0.10196078431372549	Aizoaceae	0.06666666666666667	Fabaceae	0.058823529411764705	Polygalaceae	0.050980392156862744
Polygala_serpyllifolia.jpg	Polygalaceae	Polygalaceae	1.0	Caryophyllaceae	0.0	Rubiaceae	0.0	Asteraceae	0.0	Fabaceae	0.0
Polygala_vulgaris_290504.jpg	Polygalaceae	Polygalaceae	0.8431372549019607	Fabaceae	0.03137254901960784	Plumbaginaceae	0.011764705882352941	Poaceae	0.00784313725490196	Orchidaceae	0.00392156862745098
Angular_solomons-seal_Polygonatum_odoratum.jpg	Asparagaceae	Asparagaceae	0.9803921568627451	Amaryllidaceae	0.00392156862745098	Caryophyllaceae	0.0	Rubiaceae	0.0	Asteraceae	0.0
Polygonumarenastrum.jpg	Polygonaceae	Polygonaceae	0.807843137254902	Amaranthaceae	0.06274509803921569	Lythraceae	0.01568627450980392	Ericaceae	0.00784313725490196	Convolvulaceae	0.00784313725490196
Polygonum_aviculare_4.JPG	Polygonaceae	Polygonaceae	0.8666666666666667	Asteraceae	0.043137254901960784	Lythraceae	0.027450980392156862	Ericaceae	0.011764705882352941	Asparagaceae	0.00784313725490196
Polypodium_cambricum_002.jpg	Polypodiaceae	Pteridaceae	0.4980392156862745	Polypodiaceae	0.23529411764705882	Dryopteridaceae	0.12156862745098039	Fabaceae	0.0392156862745098	Osmundaceae	0.00784313725490196
Polypodium_vulgare_%28aka%29.jpg	Polypodiaceae	Blechnaceae	0.396078431372549	Simaroubaceae	0.09411764705882353	Dryopteridaceae	0.09019607843137255	Dennstaedtiaceae	0.06666666666666667	Rosaceae	0.027450980392156862
Polypogon_monspeliensis_%281%29.jpg	Poaceae	Poaceae	0.9294117647058824	Apiaceae	0.00784313725490196	Salicaceae	0.00392156862745098	Caryophyllaceae	0.0	Rubiaceae	0.0
Agrostisviridis.jpg	Poaceae	Poaceae	0.7019607843137254	Cyperaceae	0.047058823529411764	Polygonaceae	0.03529411764705882	Juncaceae	0.03529411764705882	Asteraceae	0.023529411764705882
Polystichum_setiferum0.jpg	Dryopteridaceae	Asteraceae	0.3372549019607842	Dryopteridaceae	0.2627450980392157	Fabaceae	0.10196078431372549	Cupressaceae	0.09803921568627451	Papaveraceae	0.023529411764705882
Populus_nigra_kz1.jpg	Salicaceae	Pinaceae	0.25098039215686274	Salicaceae	0.08627450980392157	Fabaceae	0.08235294117647059	Asteraceae	0.054901960784313725	Rosaceae	0.047058823529411764
PopulusTremula001.JPG	Salicaceae	Salicaceae	0.9411764705882353	Rosaceae	0.01568627450980392	Polygonaceae	0.00392156862745098	Betulaceae	0.00392156862745098	Vitaceae	0.00392156862745098
Portulaca_oleracea.jpg	Portulacaceae	Heliotropiaceae	0.26666666666666666	Polygonaceae	0.09411764705882353	Caryophyllaceae	0.06274509803921569	Brassicaceae	0.054901960784313725	Boraginaceae	0.050980392156862744
Potamogeton_coloratus_%288405211888%29.jpg	Potamogetonaceae	Cannaceae	0.16470588235294117	Potamogetonaceae	0.09019607843137255	Salicaceae	0.08235294117647059	Asteraceae	0.07058823529411765	Onagraceae	0.054901960784313725
PotamogetonCrispus.jpg	Potamogetonaceae	Potamogetonaceae	0.17254901960784313	Pteridaceae	0.10588235294117647	Dryopteridaceae	0.054901960784313725	Asteraceae	0.027450980392156862	Ericaceae	0.023529411764705882
Potamogeton_gramineus_%283817604665%29.jpg	Potamogetonaceae	Potamogetonaceae	0.9568627450980393	Caryophyllaceae	0.0	Rubiaceae	0.0	Asteraceae	0.0	Fabaceae	0.0
PotamogetonLucens.jpg	Potamogetonaceae	Potamogetonaceae	0.9725490196078431	Polygonaceae	0.011764705882352941	Caryophyllaceae	0.0	Rubiaceae	0.0	Asteraceae	0.0
PotamogetonNatans.jpg	Potamogetonaceae	Potamogetonaceae	0.9686274509803922	Nymphaeaceae	0.01568627450980392	Menyanthaceae	0.00392156862745098	Caryophyllaceae	0.0	Rubiaceae	0.0
Potamogeton_nodosus_kz06.jpg	Potamogetonaceae	Potamogetonaceae	0.968627450980392	Nymphaeaceae	0.00392156862745098	Caryophyllaceae	0.0	Rubiaceae	0.0	Asteraceae	0.0
Potamogeton_perfoliatus.jpeg	Potamogetonaceae	Potamogetonaceae	0.8392156862745098	Onagraceae	0.047058823529411764	Lythraceae	0.011764705882352941	Orchidaceae	0.00392156862745098	Euphorbiaceae	0.00392156862745098
Potentilla_reptans_beauvais-carriere-bracheux_60_20062008_1.jpg	Rosaceae	Rosaceae	0.9725490196078431	Asteraceae	0.01568627450980392	Fabaceae	0.00392156862745098	Caryophyllaceae	0.0	Rubiaceae	0.0
Drymocallis_rupestris_1.jpg	Rosaceae	Rosaceae	0.8235294117647058	Alismataceae	0.058823529411764705	Cistaceae	0.047058823529411764	Asteraceae	0.00392156862745098	Violaceae	0.00392156862745098
Barren_Strawberry_%28Potentilla_sterilis%29.jpg	Rosaceae	Rosaceae	0.6627450980392157	Ranunculaceae	0.050980392156862744	Fabaceae	0.023529411764705882	Cistaceae	0.01568627450980392	Caryophyllaceae	0.00784313725490196
Detail_Flower_Cachys_trifida.jpg	Apiaceae	Apiaceae	0.7254901960784312	Euphorbiaceae	0.043137254901960784	Amaryllidaceae	0.00784313725490196	Asteraceae	0.00392156862745098	Poaceae	0.00392156862745098
Prasium_majus_Sardinia_LM_100407_066.jpg	Lamiaceae	Lamiaceae	0.9176470588235294	Ranunculaceae	0.0196078431372549	Rosaceae	0.00392156862745098	Violaceae	0.00392156862745098	Acanthaceae	0.00392156862745098
Prole%C4%87no_cve%C4%87e_3.JPG	Primulaceae	Primulaceae	0.9803921568627451	Caryophyllaceae	0.0	Rubiaceae	0.0	Asteraceae	0.0	Fabaceae	0.0
Praktbrun%C3%B6rt._Prunella_grandiflora-2982_-_Flickr_-_Ragnhild_%26_Neil_Crawford.jpg	Lamiaceae	Lamiaceae	0.6705882352941177	Plantaginaceae	0.054901960784313725	Orchidaceae	0.0196078431372549	Brassicaceae	0.011764705882352941	Rubiaceae	0.00392156862745098
Prunella_laciniata_110807.jpg	Lamiaceae	Lamiaceae	0.6470588235294117	Apocynaceae	0.07450980392156863	Rubiaceae	0.011764705882352941	Solanaceae	0.011764705882352941	Fabaceae	0.00784313725490196
Prunella_vulgaris_-_harilik_k%C3%A4bihein.jpg	Lamiaceae	Lamiaceae	0.6549019607843136	Rubiaceae	0.07450980392156863	Fabaceae	0.023529411764705882	Plantaginaceae	0.011764705882352941	Amaryllidaceae	0.00784313725490196
Prunus_avium_fruit.jpg	Rosaceae	Rosaceae	0.6784313725490196	Rhamnaceae	0.06666666666666667	Celastraceae	0.023529411764705882	Betulaceae	0.0196078431372549	Cannabaceae	0.011764705882352941
Prunus-lusitanica-fruits.JPG	Rosaceae	Rosaceae	0.9686274509803922	Pittosporaceae	0.011764705882352941	Adoxaceae	0.00392156862745098	Lauraceae	0.00392156862745098	Caryophyllaceae	0.0
Prunus_mahaleb2.jpg	Rosaceae	Rosaceae	0.9647058823529412	Adoxaceae	0.00784313725490196	Rubiaceae	0.00392156862745098	Brassicaceae	0.00392156862745098	Caryophyllaceae	0.0
Vogelkers_bloesem.jpg	Rosaceae	Rosaceae	0.8784313725490195	Adoxaceae	0.06274509803921569	Polygonaceae	0.00784313725490196	Asteraceae	0.00392156862745098	Oleaceae	0.00392156862745098
Closeup_of_blackthorn_aka_sloe_aka_prunus_spinosa_sweden_20050924.jpg	Rosaceae	Oleaceae	0.34509803921568627	Rosaceae	0.32156862745098036	Myrtaceae	0.2	Ericaceae	0.09803921568627451	Adoxaceae	0.00392156862745098
Adelaarsvaren_planten_Pteridium_aquilinum.jpg	Dennstaedtiaceae	Dennstaedtiaceae	0.6823529411764706	Fabaceae	0.058823529411764705	Osmundaceae	0.058823529411764705	Simaroubaceae	0.047058823529411764	Dryopteridaceae	0.043137254901960784
Pteris_vittata.jpg	Pteridaceae	Aspleniaceae	0.8117647058823529	Polypodiaceae	0.06274509803921569	Selaginellaceae	0.0196078431372549	Dryopteridaceae	0.011764705882352941	Pteridaceae	0.00784313725490196
Pulicaria_dysenterica_compressed.JPG	Asteraceae	Asteraceae	0.9764705882352941	Caryophyllaceae	0.0	Rubiaceae	0.0	Fabaceae	0.0	Lamiaceae	0.0
Pulicaria_odora.jpg	Asteraceae	Asteraceae	1.0	Caryophyllaceae	0.0	Rubiaceae	0.0	Fabaceae	0.0	Lamiaceae	0.0
Pulicaria_arabica_hispanica_Pulicaria_paludosa_%2814733674175%29.jpg	Asteraceae	Asteraceae	0.9490196078431372	Ranunculaceae	0.00784313725490196	Ericaceae	0.00392156862745098	Caryophyllaceae	0.0	Rubiaceae	0.0
PulicariaVulgaris2.jpg	Asteraceae	Asteraceae	0.788235294117647	Fabaceae	0.047058823529411764	Cistaceae	0.03529411764705882	Brassicaceae	0.00784313725490196	Euphorbiaceae	0.00392156862745098
Pulmonarialongifolia.jpg	Boraginaceae	Boraginaceae	0.7607843137254902	Polygalaceae	0.047058823529411764	Fabaceae	0.0196078431372549	Lamiaceae	0.01568627450980392	Asteraceae	0.00784313725490196
Flowering_Iberian_pear.jpg	Rosaceae	Rosaceae	0.27058823529411763	Oleaceae	0.20392156862745098	Fagaceae	0.184313725490196	Fabaceae	0.12549019607843137	Moraceae	0.027450980392156862
Froitos_Pyrus_cordata%2C_pereira_brava%2C_Xard%C3%ADn_bot%C3%A1nico_de_Culleredo_2.jpg	Rosaceae	Rosaceae	0.8901960784313725	Fagaceae	0.00784313725490196	Cucurbitaceae	0.00784313725490196	Smilacaceae	0.00784313725490196	Ericaceae	0.00392156862745098
Quercus_canariensis_Enfoque_2010-10-03_SierraMadrona.jpg	Fagaceae	Fagaceae	0.41960784313725485	Oleaceae	0.24705882352941178	Lauraceae	0.09411764705882353	Ericaceae	0.06666666666666667	Scrophulariaceae	0.011764705882352941
Quercus_coccifera.jpg	Fagaceae	Fagaceae	0.7647058823529411	Solanaceae	0.03137254901960784	Rosaceae	0.023529411764705882	Cupressaceae	0.011764705882352941	Asteraceae	0.00392156862745098
Quejigo_de_la_Molinera.JPG	Fagaceae	Rosaceae	0.5176470588235293	Fagaceae	0.2784313725490196	Salicaceae	0.07058823529411765	Fabaceae	0.03529411764705882	Pittosporaceae	0.03529411764705882
Quercus_pubescens_Tuscany.jpg	Fagaceae	Fagaceae	0.5372549019607843	Fabaceae	0.20784313725490194	Rosaceae	0.03529411764705882	Pinaceae	0.027450980392156862	Dennstaedtiaceae	0.0196078431372549
Quercus_pyrenaica_20190708a.jpg	Fagaceae	Fagaceae	0.6666666666666666	Fabaceae	0.06274509803921569	Pinaceae	0.06274509803921569	Rosaceae	0.027450980392156862	Salicaceae	0.0196078431372549
Quercus_robur.jpg	Fagaceae	Fagaceae	0.996078431372549	Caryophyllaceae	0.0	Rubiaceae	0.0	Asteraceae	0.0	Fabaceae	0.0
Quercus_ilex_rotundifolia.jpg	Fagaceae	Fagaceae	0.7686274509803921	Cupressaceae	0.09019607843137255	Oleaceae	0.03529411764705882	Myrtaceae	0.023529411764705882	Fabaceae	0.01568627450980392
Quercus_rubra_%40_Tortworth_Court.jpg	Fagaceae	Anacardiaceae	0.5411764705882353	Fagaceae	0.21176470588235294	Rosaceae	0.12549019607843137	Pittosporaceae	0.023529411764705882	Sapindaceae	0.01568627450980392
Cork_oak_%2828864190188%29.jpg	Fagaceae	Pinaceae	0.20784313725490194	Poaceae	0.10588235294117647	Asteraceae	0.09019607843137255	Fagaceae	0.07058823529411765	Fabaceae	0.054901960784313725
Zwerglein%28Radiola_linoides%29.jpg	Linaceae	Linaceae	0.9764705882352941	Lamiaceae	0.0196078431372549	Caryophyllaceae	0.0	Rubiaceae	0.0	Asteraceae	0.0
Acker-Hahnenfuss-Bl%C3%BCte.jpg	Ranunculaceae	Ranunculaceae	0.4666666666666666	Onagraceae	0.050980392156862744	Amaryllidaceae	0.03137254901960784	Asteraceae	0.023529411764705882	Cistaceae	0.0196078431372549
20180428Ranunculus_bulbosus2.jpg	Ranunculaceae	Ranunculaceae	0.976470588235294	Caryophyllaceae	0.0	Rubiaceae	0.0	Asteraceae	0.0	Fabaceae	0.0
Ranunculus_bullatus.JPG	Ranunculaceae	Ranunculaceae	0.9568627450980391	Asteraceae	0.00784313725490196	Caryophyllaceae	0.0	Rubiaceae	0.0	Fabaceae	0.0
RanunculusFlammula4.jpg	Ranunculaceae	Ranunculaceae	0.40784313725490196	Asteraceae	0.09019607843137255	Orchidaceae	0.06274509803921569	Plantaginaceae	0.054901960784313725	Caprifoliaceae	0.054901960784313725
RANUNCULUS_GRAMINEUS_-_MONTSEC_-_IB-102_%28Ranuncle%29.jpg	Ranunculaceae	Ranunculaceae	0.7921568627450981	Rosaceae	0.03529411764705882	Asteraceae	0.0196078431372549	Onagraceae	0.011764705882352941	Drosophyllaceae	0.00784313725490196
Ranunculus_macrophyllus.JPG	Ranunculaceae	Ranunculaceae	0.788235294117647	Onagraceae	0.03137254901960784	Rosaceae	0.03137254901960784	Papaveraceae	0.0196078431372549	Apiaceae	0.00784313725490196
Ranunculus_muricatus_DSC00937_%283300281211%29.jpg	Ranunculaceae	Apiaceae	0.3176470588235294	Brassicaceae	0.2823529411764706	Ranunculaceae	0.18823529411764706	Asteraceae	0.08627450980392157	Moraceae	0.023529411764705882
Adders_tongue_spearwort.jpg	Ranunculaceae	Ranunculaceae	0.9686274509803922	Asteraceae	0.0196078431372549	Caryophyllaceae	0.0	Rubiaceae	0.0	Fabaceae	0.0
Ranunculus_paludosus_1.JPG	Ranunculaceae	Ranunculaceae	0.9529411764705883	Brassicaceae	0.00784313725490196	Fabaceae	0.00392156862745098	Caryophyllaceae	0.0	Rubiaceae	0.0
Ranunculus_parviflorus_Enfoque_2012-05-01_SierraMadrona.jpg	Ranunculaceae	Ranunculaceae	0.9058823529411765	Fabaceae	0.0196078431372549	Brassicaceae	0.00784313725490196	Caryophyllaceae	0.0	Rubiaceae	0.0
RanunculusPeltatus2.jpg	Ranunculaceae	Ranunculaceae	0.8431372549019608	Cistaceae	0.06274509803921569	Primulaceae	0.0392156862745098	Asteraceae	0.0196078431372549	Rosaceae	0.00392156862745098
Creeping_butercup_close_800.jpg	Ranunculaceae	Ranunculaceae	0.968627450980392	Caryophyllaceae	0.0	Rubiaceae	0.0	Asteraceae	0.0	Fabaceae	0.0
Ranunculus_sceleratus_LC0079.jpg	Ranunculaceae	Typhaceae	0.30980392156862746	Rubiaceae	0.10196078431372549	Brassicaceae	0.08627450980392157	Boraginaceae	0.047058823529411764	Thesiaceae	0.047058823529411764
RanunculusTrichophyllus.jpg	Ranunculaceae	Ranunculaceae	0.603921568627451	Asteraceae	0.043137254901960784	Saxifragaceae	0.0392156862745098	Alismataceae	0.027450980392156862	Caryophyllaceae	0.0196078431372549
Bolletjesraket_19-05-2006_12.34.12.JPG	Brassicaceae	Brassicaceae	0.9058823529411764	Rosaceae	0.01568627450980392	Adoxaceae	0.01568627450980392	Primulaceae	0.00784313725490196	Apocynaceae	0.00392156862745098
Reichardia_gaditana_1.JPG	Asteraceae	Asteraceae	0.8784313725490196	Papaveraceae	0.011764705882352941	Cistaceae	0.00392156862745098	Passifloraceae	0.00392156862745098	Caryophyllaceae	0.0
Reichardia_intermedia_kz1.jpg	Asteraceae	Asteraceae	0.5372549019607841	Fabaceae	0.06274509803921569	Plantaginaceae	0.047058823529411764	Orchidaceae	0.023529411764705882	Solanaceae	0.01568627450980392
Reseda_alba_%28flower_spike%29.jpg	Resedaceae	Resedaceae	0.9921568627450981	Caryophyllaceae	0.0	Rubiaceae	0.0	Asteraceae	0.0	Fabaceae	0.0
ResedaLutea-overz-kl.jpg	Resedaceae	Resedaceae	0.7803921568627451	Polygonaceae	0.10588235294117647	Brassicaceae	0.011764705882352941	Fabaceae	0.00784313725490196	Scrophulariaceae	0.00784313725490196
Reseda_luteola_%28Flowers%29.jpg	Resedaceae	Resedaceae	0.8980392156862744	Polygonaceae	0.011764705882352941	Asteraceae	0.00784313725490196	Scrophulariaceae	0.00392156862745098	Phytolaccaceae	0.00392156862745098
Reseda_lutea1.jpg	Resedaceae	Resedaceae	0.36470588235294116	Acanthaceae	0.23921568627450981	Ericaceae	0.09803921568627451	Lamiaceae	0.0392156862745098	Boraginaceae	0.027450980392156862
Resedaceae_-_Reseda_phyteuma-001.jpg	Resedaceae	Resedaceae	0.9725490196078431	Oleaceae	0.00784313725490196	Rubiaceae	0.00392156862745098	Apiaceae	0.00392156862745098	Caryophyllaceae	0.0
Retama_March_2015-1.jpg	Fabaceae	Lamiaceae	0.2901960784313726	Fabaceae	0.2588235294117647	Brassicaceae	0.17647058823529413	Convolvulaceae	0.09803921568627451	Caryophyllaceae	0.01568627450980392
Retama_raetam_%28Puntagorda%29_02.jpg	Fabaceae	Fabaceae	0.9647058823529411	Amaryllidaceae	0.00392156862745098	Rosaceae	0.00392156862745098	Oxalidaceae	0.00392156862745098	Butomaceae	0.00392156862745098
Reynoutria_japonica_in_Brastad_1.jpg	Polygonaceae	Rosaceae	0.12156862745098039	Fabaceae	0.10980392156862745	Scrophulariaceae	0.09803921568627451	Polygonaceae	0.07450980392156863	Oleaceae	0.06274509803921569
Rhagadiolus_stellatus.jpg	Asteraceae	Asteraceae	0.38823529411764696	Brassicaceae	0.11764705882352941	Linaceae	0.10588235294117647	Apiaceae	0.03137254901960784	Euphorbiaceae	0.027450980392156862
Rhamnus_alaternus_%288692911406%29.jpg	Rhamnaceae	Rhamnaceae	0.2901960784313725	Anacardiaceae	0.14509803921568626	Asteraceae	0.054901960784313725	Euphorbiaceae	0.054901960784313725	Adoxaceae	0.050980392156862744
Rhamnus_lycioides_fruits.JPG	Rhamnaceae	Rhamnaceae	0.607843137254902	Cistaceae	0.047058823529411764	Rosaceae	0.027450980392156862	Phyllanthaceae	0.027450980392156862	Salicaceae	0.023529411764705882
20170517Rhinanthus_minor6.jpg	Orobanchaceae	Orobanchaceae	0.996078431372549	Caryophyllaceae	0.0	Rubiaceae	0.0	Asteraceae	0.0	Fabaceae	0.0
Rhododendron_ponticum_ssp._baeticum_in_Cambarinho_Botanical_Reserve%2C_Portugal.JPG	Ericaceae	Ericaceae	0.8313725490196078	Cistaceae	0.03529411764705882	Plumbaginaceae	0.0196078431372549	Fabaceae	0.01568627450980392	Lamiaceae	0.011764705882352941
Sommacco.jpg	Anacardiaceae	Fabaceae	0.34509803921568627	Thymelaeaceae	0.12156862745098039	Anacardiaceae	0.09411764705882353	Moraceae	0.09411764705882353	Ericaceae	0.07058823529411765
Rhynchosporaalba.jpg	Cyperaceae	Cyperaceae	0.9529411764705882	Amaryllidaceae	0.011764705882352941	Asteraceae	0.00784313725490196	Juncaceae	0.00392156862745098	Caryophyllaceae	0.0
Ricinus_March_2010-1.jpg	Euphorbiaceae	Euphorbiaceae	0.9607843137254902	Rosaceae	0.00784313725490196	Anacardiaceae	0.00784313725490196	Caryophyllaceae	0.0	Rubiaceae	0.0
Ridolfia_segetum_1.jpg	Apiaceae	Apiaceae	0.9882352941176471	Brassicaceae	0.00784313725490196	Caryophyllaceae	0.0	Rubiaceae	0.0	Asteraceae	0.0
Robina9146.JPG	Fabaceae	Fabaceae	0.8980392156862745	Rosaceae	0.0196078431372549	Asparagaceae	0.01568627450980392	Adoxaceae	0.00784313725490196	Papaveraceae	0.00392156862745098
Romulea_bulbocodium_2.jpg	Iridaceae	Iridaceae	0.8784313725490197	Convolvulaceae	0.01568627450980392	Asteraceae	0.00392156862745098	Liliaceae	0.00392156862745098	Caryophyllaceae	0.0
Romulea_bulbocodium_1.jpg	Iridaceae	Iridaceae	0.9019607843137254	Asteraceae	0.011764705882352941	Caryophyllaceae	0.0	Rubiaceae	0.0	Fabaceae	0.0
Romulea_columnae.jpg	Iridaceae	Iridaceae	0.9450980392156862	Alismataceae	0.00392156862745098	Convolvulaceae	0.00392156862745098	Liliaceae	0.00392156862745098	Caryophyllaceae	0.0
Romulea_FlowerCloseup_2009March19_DehesaBoyaldePuertollano.jpg	Iridaceae	Iridaceae	0.9686274509803922	Liliaceae	0.00392156862745098	Caryophyllaceae	0.0	Rubiaceae	0.0	Asteraceae	0.0
Rorippa_amphibia_plant.jpg	Brassicaceae	Brassicaceae	0.8313725490196079	Rubiaceae	0.011764705882352941	Lycopodiaceae	0.00784313725490196	Asteraceae	0.00392156862745098	Plantaginaceae	0.00392156862745098
Rorippa_palustris_R0016754.JPG	Brassicaceae	Brassicaceae	0.9568627450980393	Ranunculaceae	0.00784313725490196	Caryophyllaceae	0.0	Rubiaceae	0.0	Asteraceae	0.0
Rorippa_sylvestris_eF.jpg	Brassicaceae	Brassicaceae	0.5372549019607842	Fabaceae	0.20784313725490194	Linaceae	0.10588235294117647	Apiaceae	0.023529411764705882	Poaceae	0.011764705882352941
Rosa_agrestis_inflorescence_%2829%29.jpg	Rosaceae	Rosaceae	0.8862745098039216	Ranunculaceae	0.03137254901960784	Hydrocharitaceae	0.00392156862745098	Caryophyllaceae	0.0	Rubiaceae	0.0
Rosa_micrantha_plant_%2806%29.jpg	Rosaceae	Rosaceae	0.2313725490196078	Fagaceae	0.17254901960784313	Salicaceae	0.10588235294117647	Adoxaceae	0.10196078431372549	Fabaceae	0.08627450980392157
Wild_Rosa_rubiginosa.jpg	Rosaceae	Rosaceae	0.7686274509803921	Paeoniaceae	0.00784313725490196	Caprifoliaceae	0.00392156862745098	Cistaceae	0.00392156862745098	Malvaceae	0.00392156862745098
Rosa_sempervirens_02062003_2.JPG	Rosaceae	Rosaceae	0.9764705882352941	Asteraceae	0.0196078431372549	Caryophyllaceae	0.0	Rubiaceae	0.0	Fabaceae	0.0
Rosa_tomentosa_%28flower%29.jpg	Rosaceae	Rosaceae	0.7647058823529411	Cistaceae	0.01568627450980392	Fabaceae	0.00784313725490196	Oxalidaceae	0.00784313725490196	Plantaginaceae	0.00392156862745098
Rostraria_cristata_plant2_%287405576404%29.jpg	Poaceae	Poaceae	0.976470588235294	Fabaceae	0.00784313725490196	Apiaceae	0.00784313725490196	Caryophyllaceae	0.0	Rubiaceae	0.0
Rubiaceae_-_Rubia_peregrina-1.JPG	Rubiaceae	Rubiaceae	0.5803921568627451	Pteridaceae	0.18039215686274512	Thelypteridaceae	0.047058823529411764	Apiaceae	0.023529411764705882	Brassicaceae	0.011764705882352941
P%C3%B5ldmuraka_%C3%B5is_Rubus_caesius.jpg	Rosaceae	Convolvulaceae	0.2196078431372549	Rosaceae	0.17254901960784313	Caryophyllaceae	0.16078431372549018	Ranunculaceae	0.0784313725490196	Plumbaginaceae	0.050980392156862744
Blackberries_Rubus_ulmifolius2.jpg	Rosaceae	Rosaceae	0.9529411764705882	Adoxaceae	0.00784313725490196	Verbenaceae	0.00784313725490196	Plantaginaceae	0.00392156862745098	Oleaceae	0.00392156862745098
Rubus_vestitus_-_Botanischer_Garten%2C_Frankfurt_am_Main_-_DSC02477.JPG	Rosaceae	Urticaceae	0.8549019607843137	Convolvulaceae	0.03137254901960784	Amaranthaceae	0.0196078431372549	Solanaceae	0.01568627450980392	Oxalidaceae	0.01568627450980392
%28MHNT%29_Rumex_acetosa_-_Habit.jpg	Polygonaceae	Plantaginaceae	0.17254901960784313	Asteraceae	0.13333333333333333	Amaranthaceae	0.10588235294117647	Amaryllidaceae	0.06666666666666667	Brassicaceae	0.058823529411764705
Ahosuolahein%C3%A4_%28Rumex_acetosella%29.jpg	Polygonaceae	Polygonaceae	0.615686274509804	Poaceae	0.03529411764705882	Amaranthaceae	0.027450980392156862	Caryophyllaceae	0.01568627450980392	Plantaginaceae	0.01568627450980392
Rumex_bucephalophorus_RF.jpg	Polygonaceae	Polygonaceae	0.4196078431372549	Amaranthaceae	0.10980392156862745	Aizoaceae	0.023529411764705882	Rubiaceae	0.0196078431372549	Caryophyllaceae	0.011764705882352941
Rumex_conglomeratus.jpg	Polygonaceae	Polygonaceae	0.988235294117647	Oleaceae	0.00392156862745098	Caryophyllaceae	0.0	Rubiaceae	0.0	Asteraceae	0.0
Rumex_crispus_vallee-de-grace-amiens_80_12062007_3.jpg	Polygonaceae	Polygonaceae	0.5529411764705882	Euphorbiaceae	0.14901960784313725	Amaranthaceae	0.06666666666666667	Poaceae	0.01568627450980392	Rubiaceae	0.011764705882352941
Rumex-longifolius-habit2.JPG	Polygonaceae	Asteraceae	0.3254901960784313	Poaceae	0.23137254901960774	Brassicaceae	0.06666666666666667	Scrophulariaceae	0.058823529411764705	Polygonaceae	0.047058823529411764
Rumex-obtusifolius-foliage.JPG	Polygonaceae	Plantaginaceae	0.6745098039215687	Polygonaceae	0.20392156862745098	Asteraceae	0.0392156862745098	Alismataceae	0.0196078431372549	Violaceae	0.011764705882352941
Rumex_palustris_kz1.jpg	Polygonaceae	Plantaginaceae	0.28627450980392155	Lamiaceae	0.15294117647058825	Polygonaceae	0.12156862745098039	Cyperaceae	0.11372549019607843	Amaranthaceae	0.03529411764705882
Rumex_pulcher01062002inflorescence.JPG	Polygonaceae	Polygonaceae	0.996078431372549	Caryophyllaceae	0.0	Rubiaceae	0.0	Asteraceae	0.0	Fabaceae	0.0
Ruppiacirrhosa.jpeg	Ruppiaceae	Zosteraceae	0.27450980392156865	Plantaginaceae	0.1411764705882353	Cyperaceae	0.11372549019607843	Potamogetonaceae	0.09019607843137255	Ruppiaceae	0.043137254901960784
Ruppia_maritima_South_Chungcheong%2C_South_Korea_27_Jun_2006.jpg	Ruppiaceae	Ruppiaceae	0.6901960784313725	Potamogetonaceae	0.1843137254901961	Cyperaceae	0.03137254901960784	Zosteraceae	0.0196078431372549	Hydrocharitaceae	0.0196078431372549
Ruta_chalepensis_ce.JPG	Rutaceae	Euphorbiaceae	0.3372549019607843	Rutaceae	0.2196078431372549	Apiaceae	0.027450980392156862	Brassicaceae	0.023529411764705882	Fabaceae	0.0196078431372549
Sagina_apetala.jpeg	Caryophyllaceae	Caryophyllaceae	0.42352941176470577	Plantaginaceae	0.10588235294117647	Crassulaceae	0.043137254901960784	Linaceae	0.03529411764705882	Brassicaceae	0.0196078431372549
Moos_5770.jpg	Caryophyllaceae	Caryophyllaceae	0.580392156862745	Montiaceae	0.10588235294117647	Fabaceae	0.08235294117647059	Lamiaceae	0.027450980392156862	Ericaceae	0.027450980392156862
Salicornia_europaea_MS_0802.JPG	Amaranthaceae	Equisetaceae	0.2941176470588235	Poaceae	0.24313725490196075	Caryophyllaceae	0.16862745098039217	Amaranthaceae	0.06274509803921569	Marsileaceae	0.047058823529411764
Salix_alba_leaves.jpg	Salicaceae	Salicaceae	0.7215686274509805	Fabaceae	0.19999999999999996	Cyperaceae	0.00784313725490196	Oleaceae	0.00784313725490196	Amaryllidaceae	0.00392156862745098
Salix_cinerea_flowers-2.jpg	Salicaceae	Salicaceae	0.9490196078431372	Ranunculaceae	0.011764705882352941	Lamiaceae	0.00392156862745098	Euphorbiaceae	0.00392156862745098	Poaceae	0.00392156862745098
Ch%C3%A2teau_de_Chenonceau_-_jardin_Russell-Page_%2801%29.jpg	Salicaceae	Salicaceae	1.0	Caryophyllaceae	0.0	Rubiaceae	0.0	Asteraceae	0.0	Fabaceae	0.0
Waterwilg_%28DSC_2539%29.jpg	Salicaceae	Salicaceae	0.8941176470588235	Poaceae	0.027450980392156862	Boraginaceae	0.01568627450980392	Fabaceae	0.00784313725490196	Ranunculaceae	0.00392156862745098
Salix_fragilis_001.jpg	Salicaceae	Salicaceae	0.38823529411764707	Pittosporaceae	0.06274509803921569	Apocynaceae	0.043137254901960784	Lauraceae	0.0392156862745098	Oleaceae	0.03529411764705882
Salix-repens-flowering.JPG	Salicaceae	Rubiaceae	0.15294117647058825	Caryophyllaceae	0.09803921568627451	Lamiaceae	0.08235294117647059	Euphorbiaceae	0.07450980392156863	Plantaginaceae	0.058823529411764705
Salix_salvifolia_Habitus_12October2009_RioFresnedas_ValledeAlcudia.jpg	Salicaceae	Salicaceae	0.23921568627450981	Ericaceae	0.16470588235294117	Fagaceae	0.16470588235294117	Rosaceae	0.043137254901960784	Fabaceae	0.03137254901960784
Salix_triandra_female_flower.jpg	Salicaceae	Salicaceae	0.6980392156862745	Adoxaceae	0.08235294117647059	Ranunculaceae	0.03137254901960784	Hydrangeaceae	0.01568627450980392	Euphorbiaceae	0.011764705882352941
Salix-viminalis.JPG	Salicaceae	Salicaceae	0.396078431372549	Asteraceae	0.19215686274509802	Solanaceae	0.15294117647058825	Fabaceae	0.050980392156862744	Apocynaceae	0.027450980392156862
Solanaceae_-_Salpichroa_origanifolia-001.JPG	Solanaceae	Solanaceae	0.9882352941176471	Caryophyllaceae	0.0	Rubiaceae	0.0	Asteraceae	0.0	Fabaceae	0.0
Salsola_soda_Rignanese.jpg	Amaranthaceae	Amaranthaceae	0.9411764705882353	Lythraceae	0.01568627450980392	Onagraceae	0.011764705882352941	Cistaceae	0.00784313725490196	Caryophyllaceae	0.00392156862745098
Salvia_sclarea3.jpg	Lamiaceae	Lamiaceae	0.7098039215686274	Ericaceae	0.050980392156862744	Campanulaceae	0.027450980392156862	Asteraceae	0.023529411764705882	Brassicaceae	0.023529411764705882
Salvia_verbenaca_b.JPG	Lamiaceae	Lamiaceae	0.8823529411764707	Asparagaceae	0.00392156862745098	Plantaginaceae	0.00392156862745098	Brassicaceae	0.00392156862745098	Caryophyllaceae	0.0
Salvia_viridis_-_Zarif_%C5%9Ealba_04.jpg	Lamiaceae	Lamiaceae	0.4274509803921568	Brassicaceae	0.054901960784313725	Plantaginaceae	0.047058823529411764	Boraginaceae	0.0392156862745098	Orobanchaceae	0.023529411764705882
Sambucus_ebulus_bgiu.jpg	Adoxaceae	Adoxaceae	0.8235294117647058	Rosaceae	0.13725490196078433	Caprifoliaceae	0.011764705882352941	Scrophulariaceae	0.00392156862745098	Simaroubaceae	0.00392156862745098
Sambucus_nigra_004.jpg	Adoxaceae	Fabaceae	0.12549019607843137	Cistaceae	0.10196078431372549	Ranunculaceae	0.09411764705882353	Asteraceae	0.07058823529411765	Adoxaceae	0.054901960784313725
SamolusValerandi2.jpg	Primulaceae	Primulaceae	0.9882352941176471	Caprifoliaceae	0.00784313725490196	Caryophyllaceae	0.0	Rubiaceae	0.0	Asteraceae	0.0
Wiesenknopf_Bl%C3%BCte_6260037-PSD-PSD.jpg	Rosaceae	Amaryllidaceae	0.8901960784313725	Rosaceae	0.00784313725490196	Brassicaceae	0.00784313725490196	Plantaginaceae	0.00392156862745098	Crassulaceae	0.00392156862745098
Sanicula_europaea_050606.jpg	Apiaceae	Apiaceae	0.6784313725490196	Ranunculaceae	0.11764705882352941	Aspleniaceae	0.11764705882352941	Poaceae	0.011764705882352941	Euphorbiaceae	0.00784313725490196
SantolinaRosmarinifolia.jpg	Asteraceae	Amaranthaceae	0.38431372549019605	Apiaceae	0.2	Caprifoliaceae	0.17254901960784313	Poaceae	0.11372549019607843	Asteraceae	0.06274509803921569
Saponaria-officinalis-flower.jpg	Caryophyllaceae	Caryophyllaceae	0.8666666666666667	Amaryllidaceae	0.00392156862745098	Asparagaceae	0.00392156862745098	Iridaceae	0.00392156862745098	Brassicaceae	0.00392156862745098
Saxifraga_granulata_140505.jpg	Saxifragaceae	Saxifragaceae	0.8784313725490196	Amaryllidaceae	0.011764705882352941	Apiaceae	0.011764705882352941	Ranunculaceae	0.011764705882352941	Asteraceae	0.00392156862745098
Saxifraga_spathularis.jpg	Saxifragaceae	Saxifragaceae	0.8549019607843137	Fabaceae	0.0392156862745098	Scrophulariaceae	0.023529411764705882	Aspleniaceae	0.01568627450980392	Apiaceae	0.011764705882352941
Saxifraga_tridactylites.jpg	Saxifragaceae	Saxifragaceae	0.9411764705882353	Crassulaceae	0.00784313725490196	Campanulaceae	0.00392156862745098	Plantaginaceae	0.00392156862745098	Ranunculaceae	0.00392156862745098
Scabiosa_columbaria_Butterfly_Blue_2.jpg	Caprifoliaceae	Caprifoliaceae	0.7137254901960784	Plumbaginaceae	0.10196078431372549	Asteraceae	0.011764705882352941	Pontederiaceae	0.011764705882352941	Caryophyllaceae	0.00784313725490196
Scandix_pecten-veneris_flowers_and_fruits.jpg	Apiaceae	Caprifoliaceae	0.46274509803921565	Apiaceae	0.2745098039215686	Papaveraceae	0.10588235294117647	Rubiaceae	0.08235294117647059	Ranunculaceae	0.0196078431372549
Schoenoplectus_lacustris_260605.jpg	Cyperaceae	Cyperaceae	1.0	Caryophyllaceae	0.0	Rubiaceae	0.0	Asteraceae	0.0	Fabaceae	0.0
Schoenoplectus_pungens_FWS-2.jpg	Cyperaceae	Cyperaceae	0.9686274509803922	Asteraceae	0.00392156862745098	Lamiaceae	0.00392156862745098	Caryophyllaceae	0.0	Rubiaceae	0.0
Schoenus_nigricans_kz2.jpg	Cyperaceae	Cyperaceae	0.9137254901960785	Juncaceae	0.0196078431372549	Aristolochiaceae	0.00392156862745098	Caryophyllaceae	0.0	Rubiaceae	0.0
Scille_%C3%A0_deux_feuilles_%28massif_des_Vosges%29.JPG	Asparagaceae	Asparagaceae	0.968627450980392	Caryophyllaceae	0.0	Rubiaceae	0.0	Asteraceae	0.0	Fabaceae	0.0
Scilla_peruviana2.jpg	Asparagaceae	Asparagaceae	0.8392156862745098	Amaryllidaceae	0.03137254901960784	Asteraceae	0.00392156862745098	Adoxaceae	0.00392156862745098	Caryophyllaceae	0.0
Scilla_verna_Cornwall.jpg	Asparagaceae	Asparagaceae	0.9647058823529411	Pontederiaceae	0.00392156862745098	Caryophyllaceae	0.0	Rubiaceae	0.0	Asteraceae	0.0
Scirpoides_holoschoenus_RF.jpg	Cyperaceae	Cyperaceae	0.7686274509803921	Polygonaceae	0.10196078431372549	Juncaceae	0.050980392156862744	Lamiaceae	0.0196078431372549	Apiaceae	0.01568627450980392
Scleranthus_annuus_eF.jpg	Caryophyllaceae	Caryophyllaceae	0.8901960784313725	Asteraceae	0.07058823529411765	Fabaceae	0.00784313725490196	Rubiaceae	0.0	Lamiaceae	0.0
Scleranthus_perennis.jpeg	Caryophyllaceae	Caryophyllaceae	0.9607843137254902	Brassicaceae	0.00392156862745098	Juncaceae	0.00392156862745098	Thesiaceae	0.00392156862745098	Rubiaceae	0.0
Scolymus_hispanicus.jpg	Asteraceae	Asteraceae	0.9294117647058824	Fabaceae	0.0196078431372549	Boraginaceae	0.00392156862745098	Caryophyllaceae	0.0	Rubiaceae	0.0
Scolymus_maculatus.jpg	Asteraceae	Asteraceae	0.8117647058823527	Amaranthaceae	0.00392156862745098	Plantaginaceae	0.00392156862745098	Apiaceae	0.00392156862745098	Boraginaceae	0.00392156862745098
Scorpiurus_muricatus_%28habitus%29.jpg	Fabaceae	Fabaceae	0.9450980392156862	Caprifoliaceae	0.0392156862745098	Plumbaginaceae	0.00392156862745098	Caryophyllaceae	0.0	Rubiaceae	0.0
Scorzonera_purpurea_rosea0.jpg	Asteraceae	Caryophyllaceae	0.3058823529411765	Asphodelaceae	0.2588235294117647	Asteraceae	0.12156862745098039	Asparagaceae	0.08627450980392157	Amaryllidaceae	0.047058823529411764
Scorzonera_humilis.jpg	Asteraceae	Asteraceae	0.8509803921568626	Amaryllidaceae	0.00784313725490196	Ranunculaceae	0.00784313725490196	Caprifoliaceae	0.00392156862745098	Liliaceae	0.00392156862745098
Scorzonera_laciniata_eF.jpg	Asteraceae	Asteraceae	0.9254901960784314	Caryophyllaceae	0.011764705882352941	Linaceae	0.011764705882352941	Gentianaceae	0.011764705882352941	Rubiaceae	0.0
Scrophularia_auriculata3Jeffdelonge.jpg	Scrophulariaceae	Scrophulariaceae	0.819607843137255	Rosaceae	0.03529411764705882	Apiaceae	0.01568627450980392	Euphorbiaceae	0.011764705882352941	Malvaceae	0.011764705882352941
Scrophularia_canina_kz07.jpg	Scrophulariaceae	Scrophulariaceae	0.8509803921568627	Asparagaceae	0.0196078431372549	Asteraceae	0.00784313725490196	Apocynaceae	0.00784313725490196	Juncaceae	0.00392156862745098
Scrophularia_nodosa8.jpg	Scrophulariaceae	Scrophulariaceae	0.5490196078431373	Juncaceae	0.047058823529411764	Brassicaceae	0.0392156862745098	Rubiaceae	0.03529411764705882	Primulaceae	0.03529411764705882
Scrophularia_grandiflora_2601.jpg	Scrophulariaceae	Scrophulariaceae	0.8196078431372549	Boraginaceae	0.10588235294117647	Lamiaceae	0.011764705882352941	Asteraceae	0.00784313725490196	Caryophyllaceae	0.0
%28MHNT%29_Scrophularia_peregrina_-_plant_habit.jpg	Scrophulariaceae	Asparagaceae	0.3058823529411765	Scrophulariaceae	0.21568627450980393	Cleomaceae	0.20392156862745098	Plantaginaceae	0.043137254901960784	Asteraceae	0.023529411764705882
Scrophularia_sambucifolia.JPG	Scrophulariaceae	Scrophulariaceae	0.996078431372549	Caryophyllaceae	0.0	Rubiaceae	0.0	Asteraceae	0.0	Fabaceae	0.0
Scrophularia_scorodonia_1.jpg	Scrophulariaceae	Scrophulariaceae	0.8313725490196078	Urticaceae	0.09803921568627451	Lamiaceae	0.00392156862745098	Rosaceae	0.00392156862745098	Caryophyllaceae	0.0
Scutellaria_minor.jpg	Lamiaceae	Lamiaceae	0.9725490196078431	Orobanchaceae	0.00392156862745098	Caryophyllaceae	0.0	Rubiaceae	0.0	Asteraceae	0.0
Sedum_acre_single_-_Niitv%C3%A4lja.jpg	Crassulaceae	Crassulaceae	0.34509803921568627	Caryophyllaceae	0.054901960784313725	Ranunculaceae	0.03529411764705882	Aspleniaceae	0.03137254901960784	Rubiaceae	0.027450980392156862
Sedum_album_03_ies.jpg	Crassulaceae	Crassulaceae	0.8980392156862745	Asteraceae	0.00784313725490196	Plantaginaceae	0.00784313725490196	Caryophyllaceae	0.00392156862745098	Rubiaceae	0.00392156862745098
Sedum_anglicum.jpg	Crassulaceae	Crassulaceae	0.9764705882352941	Caprifoliaceae	0.00784313725490196	Saxifragaceae	0.00784313725490196	Gentianaceae	0.00392156862745098	Caryophyllaceae	0.0
Talcott_Greenhouse_IV.JPG	Crassulaceae	Apiaceae	0.47058823529411764	Fabaceae	0.07450980392156863	Asteraceae	0.043137254901960784	Lamiaceae	0.0196078431372549	Euphorbiaceae	0.0196078431372549
Sedum_caespitosum.jpg	Crassulaceae	Crassulaceae	0.9215686274509802	Caryophyllaceae	0.011764705882352941	Anacardiaceae	0.00392156862745098	Aizoaceae	0.00392156862745098	Rubiaceae	0.0
Sedum_rubens_kz02.jpg	Crassulaceae	Crassulaceae	0.8627450980392156	Caryophyllaceae	0.011764705882352941	Fabaceae	0.00784313725490196	Typhaceae	0.00784313725490196	Asteraceae	0.00392156862745098
Selaginella_denticulata_La_Palma01.jpg	Selaginellaceae	Selaginellaceae	0.6784313725490196	Caryophyllaceae	0.050980392156862744	Aspleniaceae	0.01568627450980392	Rubiaceae	0.00784313725490196	Asteraceae	0.00392156862745098
SelaginellaKraussiana.jpg	Selaginellaceae	Selaginellaceae	0.7490196078431373	Fabaceae	0.050980392156862744	Haloragaceae	0.050980392156862744	Crassulaceae	0.01568627450980392	Ericaceae	0.011764705882352941
Senecio_angulatus_%28cape_ivy%29.jpg	Asteraceae	Asteraceae	0.9882352941176471	Caryophyllaceae	0.0	Rubiaceae	0.0	Fabaceae	0.0	Lamiaceae	0.0
Senecio_gallicus.jpg	Asteraceae	Fabaceae	0.36470588235294116	Asteraceae	0.2196078431372549	Brassicaceae	0.1843137254901961	Cistaceae	0.050980392156862744	Plantaginaceae	0.023529411764705882
Senecio_inaequidens_1.jpg	Asteraceae	Asteraceae	0.9529411764705882	Brassicaceae	0.00392156862745098	Caryophyllaceae	0.0	Rubiaceae	0.0	Fabaceae	0.0
Senecio_leucanthemifolius_on_the_beach_close_to_%C3%93rzola_on_Lanzarote%2C_June_2013_%284%29.jpg	Asteraceae	Asteraceae	0.6235294117647058	Brassicaceae	0.03529411764705882	Plantaginaceae	0.03137254901960784	Caryophyllaceae	0.023529411764705882	Fabaceae	0.01568627450980392
Starr_060929-0680_Senecio_sylvaticus.jpg	Asteraceae	Asteraceae	1.003921568627451	Caryophyllaceae	0.0	Rubiaceae	0.0	Fabaceae	0.0	Lamiaceae	0.0
Common_Groundsel-first_fruits.jpg	Asteraceae	Asteraceae	1.0	Caryophyllaceae	0.0	Rubiaceae	0.0	Fabaceae	0.0	Lamiaceae	0.0
Serapias_cordigera.jpg	Orchidaceae	Orchidaceae	0.9725490196078431	Caryophyllaceae	0.0	Rubiaceae	0.0	Asteraceae	0.0	Fabaceae	0.0
Serapias_lingua.jpg	Orchidaceae	Orchidaceae	0.6862745098039216	Plantaginaceae	0.0196078431372549	Caryophyllaceae	0.00784313725490196	Lamiaceae	0.00392156862745098	Amaranthaceae	0.00392156862745098
Serapias_parviflora-.jpg	Orchidaceae	Orchidaceae	0.9568627450980393	Caryophyllaceae	0.0	Rubiaceae	0.0	Asteraceae	0.0	Fabaceae	0.0
Serapias_istriaca.jpg	Orchidaceae	Orchidaceae	0.7568627450980392	Cistaceae	0.027450980392156862	Papaveraceae	0.0196078431372549	Fabaceae	0.011764705882352941	Polygonaceae	0.011764705882352941
Seseli_gummiferum_flowers1.jpg	Apiaceae	Apiaceae	0.5647058823529412	Asteraceae	0.12941176470588234	Fabaceae	0.03137254901960784	Salicaceae	0.01568627450980392	Poaceae	0.01568627450980392
Setaria_faberi_001.jpg	Poaceae	Poaceae	0.9411764705882353	Cyperaceae	0.01568627450980392	Fabaceae	0.00784313725490196	Caryophyllaceae	0.0	Rubiaceae	0.0
Japanese_Foxtail_millet_02.jpg	Poaceae	Poaceae	0.23529411764705882	Typhaceae	0.1843137254901961	Fabaceae	0.043137254901960784	Asteraceae	0.0196078431372549	Salicaceae	0.0196078431372549
Setaria_verticillata_W_IMG_1083.jpg	Poaceae	Poaceae	0.9254901960784313	Plantaginaceae	0.023529411764705882	Cyperaceae	0.00784313725490196	Amaranthaceae	0.00392156862745098	Caryophyllaceae	0.0
Groene_naaldaar_aarpluim_%28Setaria_viridis%29.jpg	Poaceae	Poaceae	0.376470588235294	Amaranthaceae	0.23529411764705882	Cyperaceae	0.050980392156862744	Salicaceae	0.027450980392156862	Plantaginaceae	0.027450980392156862
Sherardia_arvensis_050731.jpg	Rubiaceae	Rubiaceae	0.6313725490196078	Caryophyllaceae	0.07058823529411765	Linaceae	0.027450980392156862	Lamiaceae	0.023529411764705882	Fabaceae	0.0196078431372549
Endothenia_pauperculana.jpg	Lamiaceae	Fabaceae	0.43137254901960786	Apiaceae	0.33333333333333326	Caryophyllaceae	0.043137254901960784	Papaveraceae	0.01568627450980392	Caprifoliaceae	0.011764705882352941
Pending_%288738728565%29.jpg	Lamiaceae	Lamiaceae	0.9725490196078432	Caryophyllaceae	0.0	Rubiaceae	0.0	Asteraceae	0.0	Fabaceae	0.0
Silene_acutifolia.jpg	Caryophyllaceae	Caryophyllaceae	0.9725490196078431	Malvaceae	0.00392156862745098	Geraniaceae	0.00392156862745098	Rubiaceae	0.0	Asteraceae	0.0
Ter%C3%B3fito.JPG	Caryophyllaceae	Caryophyllaceae	0.7333333333333334	Fabaceae	0.058823529411764705	Rubiaceae	0.047058823529411764	Euphorbiaceae	0.023529411764705882	Caprifoliaceae	0.00784313725490196
Silene_conica3.jpg	Caryophyllaceae	Caryophyllaceae	0.9647058823529412	Rubiaceae	0.0	Asteraceae	0.0	Fabaceae	0.0	Lamiaceae	0.0
Bayrischer_Wald_9929.JPG	Caryophyllaceae	Caryophyllaceae	0.5568627450980391	Asteraceae	0.043137254901960784	Verbenaceae	0.03529411764705882	Apiaceae	0.03137254901960784	Caprifoliaceae	0.027450980392156862
Silene_gallica_quinquevulnera.jpg	Caryophyllaceae	Caryophyllaceae	0.49019607843137253	Primulaceae	0.06666666666666667	Resedaceae	0.03137254901960784	Poaceae	0.023529411764705882	Ericaceae	0.0196078431372549
Silene_latifolia_9646.JPG	Caryophyllaceae	Caryophyllaceae	0.8784313725490196	Asparagaceae	0.027450980392156862	Polygalaceae	0.011764705882352941	Lamiaceae	0.00784313725490196	Hypericaceae	0.00784313725490196
Silene_littorea_2.JPG	Caryophyllaceae	Caryophyllaceae	0.9764705882352941	Rubiaceae	0.0	Asteraceae	0.0	Fabaceae	0.0	Lamiaceae	0.0
Silene_nutans_220505.jpg	Caryophyllaceae	Caryophyllaceae	0.4901960784313725	Poaceae	0.03529411764705882	Rubiaceae	0.027450980392156862	Apiaceae	0.01568627450980392	Orchidaceae	0.011764705882352941
Silene_uniflora_gei.jpg	Caryophyllaceae	Caryophyllaceae	0.9764705882352941	Rubiaceae	0.0	Asteraceae	0.0	Fabaceae	0.0	Lamiaceae	0.0
Bladder_Campion.jpg	Caryophyllaceae	Caryophyllaceae	0.9490196078431372	Rubiaceae	0.0	Asteraceae	0.0	Fabaceae	0.0	Lamiaceae	0.0
Milk_thistle_flowerhead.jpg	Asteraceae	Asteraceae	0.9098039215686273	Caryophyllaceae	0.0	Rubiaceae	0.0	Fabaceae	0.0	Lamiaceae	0.0
Brassicaceae_-_Sinapis_arvensis_%283%29.JPG	Brassicaceae	Brassicaceae	0.9607843137254901	Cornaceae	0.00392156862745098	Caryophyllaceae	0.0	Rubiaceae	0.0	Asteraceae	0.0
Sisymbrium_irio_flower.JPG	Brassicaceae	Brassicaceae	0.8666666666666667	Asteraceae	0.011764705882352941	Plantaginaceae	0.00784313725490196	Solanaceae	0.00392156862745098	Apiaceae	0.00392156862745098
Weg-Rauke_Passau.JPG	Brassicaceae	Brassicaceae	0.8352941176470589	Asteraceae	0.1411764705882353	Ranunculaceae	0.011764705882352941	Caryophyllaceae	0.0	Rubiaceae	0.0
Sisymbrium_orientale01.jpg	Brassicaceae	Brassicaceae	0.7999999999999998	Rutaceae	0.0392156862745098	Thymelaeaceae	0.03137254901960784	Asteraceae	0.027450980392156862	Apiaceae	0.027450980392156862
Smilax_aspera.jpg	Smilacaceae	Smilacaceae	0.9686274509803922	Rhamnaceae	0.023529411764705882	Caryophyllaceae	0.0	Rubiaceae	0.0	Asteraceae	0.0
Smyrnium_olusatrum_Shrewsbury.jpg	Apiaceae	Apiaceae	0.9803921568627451	Caryophyllaceae	0.0	Rubiaceae	0.0	Asteraceae	0.0	Fabaceae	0.0
Smyrnium_perfoliatum03.jpg	Apiaceae	Apiaceae	0.9529411764705882	Hypericaceae	0.011764705882352941	Caryophyllaceae	0.00392156862745098	Asteraceae	0.00392156862745098	Rubiaceae	0.0
Solanum_chenopodioides_%28Flower%29.jpg	Solanaceae	Solanaceae	0.8470588235294118	Fabaceae	0.0196078431372549	Amaryllidaceae	0.01568627450980392	Heliotropiaceae	0.01568627450980392	Asteraceae	0.00784313725490196
Solanum_dulcamara_%285386574212%29.jpg	Solanaceae	Solanaceae	0.8705882352941177	Rosaceae	0.0392156862745098	Santalaceae	0.011764705882352941	Pittosporaceae	0.011764705882352941	Fabaceae	0.00784313725490196
2007_solanum_laciniatum.jpg	Solanaceae	Solanaceae	0.7254901960784315	Iridaceae	0.03137254901960784	Plantaginaceae	0.023529411764705882	Cistaceae	0.00784313725490196	Asteraceae	0.00392156862745098
Starr_060225-8712_Solanum_linnaeanum.jpg	Solanaceae	Solanaceae	0.9058823529411765	Fabaceae	0.0196078431372549	Asteraceae	0.00392156862745098	Caryophyllaceae	0.0	Rubiaceae	0.0
Solanum_nigrum_flower.jpg	Solanaceae	Solanaceae	0.9647058823529412	Asteraceae	0.00392156862745098	Cucurbitaceae	0.00392156862745098	Caryophyllaceae	0.0	Rubiaceae	0.0
Solanum_villosum_01-10-2005_11.10.56.JPG	Solanaceae	Solanaceae	0.9647058823529411	Euphorbiaceae	0.00392156862745098	Rhamnaceae	0.00392156862745098	Pittosporaceae	0.00392156862745098	Caryophyllaceae	0.0
Solidago_virgaurea_minuta1.jpg	Asteraceae	Brassicaceae	0.2117647058823529	Asteraceae	0.14901960784313723	Crassulaceae	0.10980392156862745	Fabaceae	0.058823529411764705	Amaranthaceae	0.03137254901960784
Solivasessilis.jpg	Asteraceae	Hydrocharitaceae	0.5058823529411764	Papaveraceae	0.18823529411764706	Asteraceae	0.09803921568627451	Lentibulariaceae	0.027450980392156862	Pteridaceae	0.023529411764705882
Sonchus_asper2.jpg	Asteraceae	Asteraceae	0.9921568627450981	Caryophyllaceae	0.0	Rubiaceae	0.0	Fabaceae	0.0	Lamiaceae	0.0
Sonchus_February_2008-1.jpg	Asteraceae	Asteraceae	0.9843137254901959	Caryophyllaceae	0.0	Rubiaceae	0.0	Fabaceae	0.0	Lamiaceae	0.0
Sivone.jpg	Asteraceae	Asteraceae	0.7568627450980391	Cyperaceae	0.043137254901960784	Poaceae	0.03529411764705882	Ranunculaceae	0.023529411764705882	Orchidaceae	0.00392156862745098
Rowan_tree_20081002b.jpg	Rosaceae	Rosaceae	0.2823529411764706	Fabaceae	0.11764705882352941	Poaceae	0.0784313725490196	Ericaceae	0.054901960784313725	Apocynaceae	0.03529411764705882
Sparganium_angustifolium.jpg	Typhaceae	Marsileaceae	0.6235294117647059	Typhaceae	0.10980392156862745	Cyperaceae	0.09803921568627451	Plantaginaceae	0.0196078431372549	Lycopodiaceae	0.011764705882352941
Sparganium_emersum_11429.jpg	Typhaceae	Typhaceae	0.9372549019607843	Lamiaceae	0.00784313725490196	Caryophyllaceae	0.0	Rubiaceae	0.0	Asteraceae	0.0
Vandens_augalas01.JPG	Typhaceae	Typhaceae	0.9529411764705882	Haloragaceae	0.011764705882352941	Cyperaceae	0.00784313725490196	Rosaceae	0.00392156862745098	Ranunculaceae	0.00392156862745098
Spartium_junceum_%28habitus%29.jpg	Fabaceae	Asteraceae	0.25098039215686263	Cyperaceae	0.09803921568627451	Drosophyllaceae	0.0784313725490196	Orchidaceae	0.054901960784313725	Ranunculaceae	0.043137254901960784
Gewone_spurrie_plant_Spergula_arvensis.jpg	Caryophyllaceae	Caryophyllaceae	0.37254901960784315	Thesiaceae	0.2	Brassicaceae	0.15294117647058825	Rubiaceae	0.054901960784313725	Scrophulariaceae	0.027450980392156862
Spergula_morisonii_kz18.jpg	Caryophyllaceae	Ranunculaceae	0.3215686274509804	Caryophyllaceae	0.3137254901960784	Amaryllidaceae	0.09411764705882353	Brassicaceae	0.023529411764705882	Hydrocharitaceae	0.023529411764705882
Starr_080601-5237_Spergularia_marina.jpg	Caryophyllaceae	Caryophyllaceae	1.0	Rubiaceae	0.0	Asteraceae	0.0	Fabaceae	0.0	Lamiaceae	0.0
Spergularia_media.jpeg	Caryophyllaceae	Caryophyllaceae	0.9137254901960784	Amaryllidaceae	0.00784313725490196	Polygonaceae	0.00392156862745098	Iridaceae	0.00392156862745098	Rubiaceae	0.0
Spergularia_purpurea_2601.jpg	Caryophyllaceae	Caryophyllaceae	0.7607843137254903	Asteraceae	0.0196078431372549	Cistaceae	0.01568627450980392	Gentianaceae	0.00784313725490196	Fabaceae	0.00392156862745098
Spergularia_rubra_Closeup_SierraMadrona.jpg	Caryophyllaceae	Caryophyllaceae	0.9411764705882353	Brassicaceae	0.043137254901960784	Plumbaginaceae	0.00392156862745098	Zygophyllaceae	0.00392156862745098	Frankeniaceae	0.00392156862745098
Spergularia_rupicola_2.jpg	Caryophyllaceae	Caryophyllaceae	0.4196078431372549	Lythraceae	0.3333333333333333	Gentianaceae	0.0196078431372549	Onagraceae	0.01568627450980392	Brassicaceae	0.01568627450980392
Spiranthes_aestivalis_Bl%C3%BCtenstand.jpg	Orchidaceae	Orchidaceae	0.8392156862745097	Poaceae	0.03529411764705882	Fabaceae	0.00784313725490196	Plantaginaceae	0.00784313725490196	Caryophyllaceae	0.0
Spiranthes_spiralis_170808.jpg	Orchidaceae	Orchidaceae	0.8745098039215686	Ophioglossaceae	0.050980392156862744	Fabaceae	0.023529411764705882	Euphorbiaceae	0.00392156862745098	Caryophyllaceae	0.0
Spirodela_polyrrhiza_marais_poitevin.jpg	Araceae	Pontederiaceae	0.5058823529411764	Araceae	0.16078431372549018	Fabaceae	0.08627450980392157	Nymphaeaceae	0.06666666666666667	Oxalidaceae	0.054901960784313725
Stachys_arvensis_01.jpg	Lamiaceae	Lamiaceae	0.9333333333333333	Caryophyllaceae	0.00392156862745098	Rubiaceae	0.0	Asteraceae	0.0	Fabaceae	0.0
20130703Ziest_Saarbruecken1.jpg	Lamiaceae	Lamiaceae	0.8392156862745097	Caryophyllaceae	0.00392156862745098	Fabaceae	0.00392156862745098	Ericaceae	0.00392156862745098	Rubiaceae	0.0
Flowers_March_2008-1.jpg	Lamiaceae	Lamiaceae	0.8666666666666666	Caryophyllaceae	0.011764705882352941	Apiaceae	0.00784313725490196	Rubiaceae	0.00392156862745098	Onagraceae	0.00392156862745098
Stachys_palustris_-_soo-n%C3%B5ian%C3%B5ges.jpg	Lamiaceae	Lamiaceae	0.49411764705882355	Lythraceae	0.10980392156862745	Fabaceae	0.027450980392156862	Rubiaceae	0.023529411764705882	Plantaginaceae	0.0196078431372549
Wald-Ziest_%28Stachys_sylvatica%29.jpg	Lamiaceae	Lamiaceae	0.1764705882352941	Brassicaceae	0.1764705882352941	Papaveraceae	0.0784313725490196	Plantaginaceae	0.0392156862745098	Scrophulariaceae	0.0392156862745098
Staehelina_dubia_31.JPG	Asteraceae	Asteraceae	1.0	Caryophyllaceae	0.0	Rubiaceae	0.0	Fabaceae	0.0	Lamiaceae	0.0
Stauracanthus_boivinii_2.JPG	Fabaceae	Fabaceae	0.5999999999999999	Asteraceae	0.043137254901960784	Plantaginaceae	0.01568627450980392	Poaceae	0.00784313725490196	Apiaceae	0.00784313725490196
Quellsternmiere_Stellaria_alsine.jpg	Caryophyllaceae	Caryophyllaceae	0.9254901960784313	Ranunculaceae	0.054901960784313725	Rubiaceae	0.0	Asteraceae	0.0	Fabaceae	0.0
Stellaria_graminea_detail.jpeg	Caryophyllaceae	Caryophyllaceae	0.9529411764705883	Asparagaceae	0.011764705882352941	Amaryllidaceae	0.00392156862745098	Rubiaceae	0.0	Asteraceae	0.0
Kaldari_Stellaria_media_01.jpg	Caryophyllaceae	Caryophyllaceae	0.9137254901960784	Fabaceae	0.00392156862745098	Lamiaceae	0.00392156862745098	Aizoaceae	0.00392156862745098	Rubiaceae	0.0
Stellaria_neglecta_eF.jpg	Caryophyllaceae	Caryophyllaceae	0.8470588235294116	Fabaceae	0.00784313725490196	Amaryllidaceae	0.00784313725490196	Brassicaceae	0.00784313725490196	Asteraceae	0.00392156862745098
Stipa_gigantea_3.JPG	Poaceae	Poaceae	0.9529411764705882	Cyperaceae	0.00392156862745098	Juncaceae	0.00392156862745098	Caryophyllaceae	0.0	Rubiaceae	0.0
Stipa_tenacissima.jpg	Poaceae	Poaceae	0.7450980392156862	Fabaceae	0.043137254901960784	Asteraceae	0.023529411764705882	Arecaceae	0.01568627450980392	Ranunculaceae	0.011764705882352941
Suaeda_vera%2C_S%C3%A8te_01.jpg	Amaranthaceae	Amaranthaceae	0.8823529411764706	Euphorbiaceae	0.027450980392156862	Caryophyllaceae	0.00784313725490196	Ericaceae	0.00784313725490196	Fabaceae	0.00392156862745098
SuccisaPratensis2.jpg	Caprifoliaceae	Caprifoliaceae	0.9411764705882353	Campanulaceae	0.01568627450980392	Asparagaceae	0.00392156862745098	Caryophyllaceae	0.0	Rubiaceae	0.0
ARS_Medusahead_weed.jpg	Poaceae	Poaceae	0.8705882352941176	Fabaceae	0.011764705882352941	Cyperaceae	0.00784313725490196	Apocynaceae	0.00784313725490196	Asparagaceae	0.00392156862745098
T._africana-1.JPG	Tamaricaceae	Tamaricaceae	0.996078431372549	Caryophyllaceae	0.0	Rubiaceae	0.0	Asteraceae	0.0	Fabaceae	0.0
Tamarix_gallica_bloemen.jpg	Tamaricaceae	Amaranthaceae	0.6509803921568627	Ericaceae	0.050980392156862744	Caryophyllaceae	0.0392156862745098	Tamaricaceae	0.03137254901960784	Caprifoliaceae	0.023529411764705882
Tanacetum_corymbosum_2.jpg	Asteraceae	Asteraceae	1.0	Caryophyllaceae	0.0	Rubiaceae	0.0	Fabaceae	0.0	Lamiaceae	0.0
Feverfew.jpg	Asteraceae	Asteraceae	0.9647058823529411	Caryophyllaceae	0.0	Rubiaceae	0.0	Fabaceae	0.0	Lamiaceae	0.0
Taxus_baccata_MHNT.jpg	Taxaceae	Taxaceae	0.9882352941176471	Caryophyllaceae	0.0	Rubiaceae	0.0	Asteraceae	0.0	Fabaceae	0.0
Tetragonia_tetragonioides.jpg	Aizoaceae	Aizoaceae	0.4666666666666667	Amaranthaceae	0.10980392156862745	Solanaceae	0.06666666666666667	Plantaginaceae	0.047058823529411764	Convolvulaceae	0.043137254901960784
Teucrium_eremaeum_-_Flickr_-_Kevin_Thiele.jpg	Lamiaceae	Orchidaceae	0.33725490196078434	Apiaceae	0.06666666666666667	Caprifoliaceae	0.06666666666666667	Lamiaceae	0.0392156862745098	Plantaginaceae	0.03529411764705882
Gamander_Passau.JPG	Lamiaceae	Lamiaceae	0.9607843137254901	Orobanchaceae	0.011764705882352941	Plantaginaceae	0.00392156862745098	Brassicaceae	0.00392156862745098	Caryophyllaceae	0.0
Teucrium_fruticans_1.jpg	Lamiaceae	Lamiaceae	0.3647058823529411	Plumbaginaceae	0.06666666666666667	Cistaceae	0.06666666666666667	Oleaceae	0.03529411764705882	Plantaginaceae	0.03137254901960784
Teucrium_scordium1_eF.jpg	Lamiaceae	Lamiaceae	0.8666666666666666	Dryopteridaceae	0.0196078431372549	Orobanchaceae	0.00784313725490196	Cistaceae	0.00392156862745098	Caryophyllaceae	0.0
Valse_salie_IMG_0951.JPG	Lamiaceae	Phytolaccaceae	0.27058823529411763	Papaveraceae	0.09803921568627451	Plantaginaceae	0.0784313725490196	Orchidaceae	0.06666666666666667	Asteraceae	0.050980392156862744
Thalictrum_flavum0.jpg	Ranunculaceae	Ranunculaceae	0.6666666666666666	Davalliaceae	0.054901960784313725	Apiaceae	0.027450980392156862	Amaryllidaceae	0.023529411764705882	Salicaceae	0.0196078431372549
Thapsia_villosa_matureSeeds_Closeup_Puertollano.jpg	Apiaceae	Apiaceae	0.9568627450980391	Amaryllidaceae	0.023529411764705882	Asparagaceae	0.00784313725490196	Caryophyllaceae	0.0	Rubiaceae	0.0
Thelypteris_palustris_02.jpg	Thelypteridaceae	Thelypteridaceae	0.6823529411764706	Dryopteridaceae	0.08627450980392157	Athyriaceae	0.01568627450980392	Poaceae	0.00784313725490196	Caryophyllaceae	0.00392156862745098
Thesium_humifusum_plant_%2804%29.jpg	Thesiaceae	Caryophyllaceae	0.5019607843137255	Poaceae	0.16862745098039217	Juncaceae	0.07450980392156863	Brassicaceae	0.06274509803921569	Cyperaceae	0.023529411764705882
Thlaspi_arvense.jpeg	Brassicaceae	Brassicaceae	0.9921568627450981	Primulaceae	0.00784313725490196	Caryophyllaceae	0.0	Rubiaceae	0.0	Asteraceae	0.0
Thymus_capitatus_in_Crete.jpg	Lamiaceae	Ericaceae	0.4117647058823529	Caryophyllaceae	0.3843137254901961	Lamiaceae	0.07450980392156863	Aizoaceae	0.03529411764705882	Gentianaceae	0.023529411764705882
Thymelaea_hirsuta.jpg	Thymelaeaceae	Solanaceae	0.4549019607843137	Moraceae	0.2196078431372549	Fabaceae	0.14901960784313728	Rosaceae	0.043137254901960784	Anacardiaceae	0.03529411764705882
Thymelaea_hirsuta_kz2.jpg	Thymelaeaceae	Fabaceae	0.30196078431372547	Asteraceae	0.08627450980392157	Rubiaceae	0.058823529411764705	Cupressaceae	0.03137254901960784	Hypericaceae	0.027450980392156862
A%C3%A7ores_2010-07-22_%285149288732%29.jpg	Lamiaceae	Ericaceae	0.8352941176470589	Caryophyllaceae	0.023529411764705882	Apiaceae	0.0196078431372549	Campanulaceae	0.011764705882352941	Oxalidaceae	0.011764705882352941
Thymus_camphoratus%2C_Conservatoire_botanique_national_de_Brest_04.jpg	Lamiaceae	Lamiaceae	0.8666666666666667	Brassicaceae	0.047058823529411764	Fabaceae	0.00392156862745098	Dryopteridaceae	0.00392156862745098	Polypodiaceae	0.00392156862745098
Thymus_carnosus.jpg	Lamiaceae	Lamiaceae	0.9098039215686273	Caryophyllaceae	0.0196078431372549	Asteraceae	0.01568627450980392	Ericaceae	0.01568627450980392	Brassicaceae	0.00784313725490196
Thymus_mastichina.jpg	Lamiaceae	Lamiaceae	0.16862745098039217	Cistaceae	0.08235294117647059	Fabaceae	0.0784313725490196	Plantaginaceae	0.07450980392156863	Asteraceae	0.06666666666666667
Breitbl%C3%A4ttrige_Thymian_%28Thymus_pulegioides%29-1.jpg	Lamiaceae	Lamiaceae	0.9176470588235294	Caprifoliaceae	0.00392156862745098	Papaveraceae	0.00392156862745098	Brassicaceae	0.00392156862745098	Polygalaceae	0.00392156862745098
Thymus_zygis_1.JPG	Lamiaceae	Lamiaceae	0.7294117647058823	Brassicaceae	0.15294117647058825	Apiaceae	0.011764705882352941	Caryophyllaceae	0.00784313725490196	Cistaceae	0.00784313725490196
Tolpis_barbata_Flower_Closeup_DehesaBoyaldePuertollano.jpg	Asteraceae	Asteraceae	0.8784313725490195	Caryophyllaceae	0.0	Rubiaceae	0.0	Fabaceae	0.0	Lamiaceae	0.0
Tolpis_barbata_Sebk_006.jpg	Asteraceae	Asteraceae	0.6627450980392153	Poaceae	0.01568627450980392	Hypericaceae	0.011764705882352941	Ranunculaceae	0.00784313725490196	Oxalidaceae	0.00784313725490196
Tordylium_apulum_%2813605778393%29.jpg	Apiaceae	Apiaceae	0.9058823529411765	Lamiaceae	0.00784313725490196	Asparagaceae	0.00784313725490196	Boraginaceae	0.00392156862745098	Crassulaceae	0.00392156862745098
Torilis_arvensis.jpg	Apiaceae	Apiaceae	0.9137254901960782	Caryophyllaceae	0.00392156862745098	Boraginaceae	0.00392156862745098	Ranunculaceae	0.00392156862745098	Rubiaceae	0.0
Torilis_japonica.jpeg	Apiaceae	Apiaceae	0.9647058823529411	Fabaceae	0.00392156862745098	Brassicaceae	0.00392156862745098	Caryophyllaceae	0.0	Rubiaceae	0.0
Torilisnodosa.jpg	Apiaceae	Apiaceae	0.984313725490196	Haloragaceae	0.00392156862745098	Caryophyllaceae	0.0	Rubiaceae	0.0	Asteraceae	0.0
IMG_0029-Trachelium_caeruleum.jpg	Campanulaceae	Campanulaceae	0.9647058823529412	Lamiaceae	0.00392156862745098	Amaryllidaceae	0.00392156862745098	Boraginaceae	0.00392156862745098	Caryophyllaceae	0.0
Tradescantia_fluminensis_%28Flowers%29.jpg	Commelinaceae	Commelinaceae	0.796078431372549	Asparagaceae	0.00784313725490196	Caryophyllaceae	0.00392156862745098	Rubiaceae	0.00392156862745098	Amaryllidaceae	0.00392156862745098
Tragopogon_porrifolius_flower.jpg	Asteraceae	Asteraceae	0.9294117647058824	Liliaceae	0.00392156862745098	Caryophyllaceae	0.0	Rubiaceae	0.0	Fabaceae	0.0
Goats_beard_Tragopogon_dubius_close.jpg	Asteraceae	Asteraceae	0.9568627450980391	Caryophyllaceae	0.0	Rubiaceae	0.0	Fabaceae	0.0	Lamiaceae	0.0
GTragopogon_longirostris.jpg	Asteraceae	Asteraceae	0.9764705882352941	Cyperaceae	0.00784313725490196	Caryophyllaceae	0.0	Rubiaceae	0.0	Fabaceae	0.0
Purple_Salsify_-_Stierch.jpg	Asteraceae	Asteraceae	0.76078431372549	Liliaceae	0.00784313725490196	Iridaceae	0.00392156862745098	Ericaceae	0.00392156862745098	Brassicaceae	0.00392156862745098
Tribulus_terrestris_%28Family_Zygophyllaceae%29.jpg	Zygophyllaceae	Zygophyllaceae	0.8196078431372549	Fabaceae	0.047058823529411764	Cistaceae	0.011764705882352941	Oxalidaceae	0.00392156862745098	Primulaceae	0.00392156862745098
Trichophorum2.jpg	Cyperaceae	Cyperaceae	0.9686274509803922	Caryophyllaceae	0.0	Rubiaceae	0.0	Asteraceae	0.0	Fabaceae	0.0
Trifolium_alexandrinum_eF.jpg	Fabaceae	Fabaceae	0.9254901960784313	Asteraceae	0.00392156862745098	Caryophyllaceae	0.0	Rubiaceae	0.0	Lamiaceae	0.0
Trifolium_angustifolium_FlowersCloseup_DehesaBoyaldePuertollano.jpg	Fabaceae	Fabaceae	0.8745098039215685	Euphorbiaceae	0.01568627450980392	Pinaceae	0.00784313725490196	Salicaceae	0.00392156862745098	Equisetaceae	0.00392156862745098
Trif_arvense042.JPG	Fabaceae	Fabaceae	0.9490196078431372	Poaceae	0.01568627450980392	Asteraceae	0.00392156862745098	Caryophyllaceae	0.0	Rubiaceae	0.0
Trifolium_campestre_300907.jpg	Fabaceae	Fabaceae	0.31764705882352934	Cistaceae	0.15294117647058825	Asteraceae	0.09411764705882353	Brassicaceae	0.09411764705882353	Salicaceae	0.08627450980392157
Trif_cherleri014.JPG	Fabaceae	Fabaceae	0.9882352941176469	Caryophyllaceae	0.0	Rubiaceae	0.0	Asteraceae	0.0	Lamiaceae	0.0
Trifolium_dubium_kz1.jpg	Fabaceae	Fabaceae	0.968627450980392	Caryophyllaceae	0.0	Rubiaceae	0.0	Asteraceae	0.0	Lamiaceae	0.0
TrifoliumFragiferum2.jpg	Fabaceae	Fabaceae	0.7058823529411764	Asteraceae	0.06274509803921569	Apocynaceae	0.03529411764705882	Solanaceae	0.00392156862745098	Caprifoliaceae	0.00392156862745098
Trifoliumglomeratum.jpg	Fabaceae	Fabaceae	0.8823529411764705	Adoxaceae	0.011764705882352941	Asteraceae	0.00784313725490196	Cyperaceae	0.00784313725490196	Brassicaceae	0.00784313725490196
Trifoliumhirtum3.jpg	Fabaceae	Fabaceae	0.8352941176470589	Asteraceae	0.00784313725490196	Caryophyllaceae	0.0	Rubiaceae	0.0	Lamiaceae	0.0
Clover_Farm_St_Paul_OR_USA_IMG_20220524.jpg	Fabaceae	Fabaceae	0.30196078431372547	Ericaceae	0.15294117647058825	Papaveraceae	0.06274509803921569	Amaranthaceae	0.03529411764705882	Poaceae	0.03529411764705882
Trifolium_lappaceum_1.JPG	Fabaceae	Fabaceae	0.9960784313725489	Caryophyllaceae	0.0	Rubiaceae	0.0	Asteraceae	0.0	Lamiaceae	0.0
Trifolium_medium_-_Niitv%C3%A4lja.jpg	Fabaceae	Fabaceae	0.7450980392156862	Caprifoliaceae	0.0196078431372549	Linaceae	0.00784313725490196	Asteraceae	0.00392156862745098	Salicaceae	0.00392156862745098
Trifolium_nigrescens_Monacia_Corse.JPG	Fabaceae	Ranunculaceae	0.34901960784313724	Fabaceae	0.27058823529411763	Asteraceae	0.03529411764705882	Rosaceae	0.03137254901960784	Cyperaceae	0.03137254901960784
Trifolium_ochroleucon_070608b.jpg	Fabaceae	Fabaceae	0.9921568627450981	Caryophyllaceae	0.0	Rubiaceae	0.0	Asteraceae	0.0	Lamiaceae	0.0
Trifolium_pratense_-_Keila2.jpg	Fabaceae	Fabaceae	0.9372549019607842	Caprifoliaceae	0.01568627450980392	Hypericaceae	0.00392156862745098	Scrophulariaceae	0.00392156862745098	Caryophyllaceae	0.0
Trifolium_repens_-_white_clover_on_way_from_Govindghat_to_Gangria_at_Valley_of_Flowers_National_Park_-_during_LGFC_-_VOF_2019_%281%29.jpg	Fabaceae	Fabaceae	0.9686274509803922	Asteraceae	0.00392156862745098	Caryophyllaceae	0.0	Rubiaceae	0.0	Lamiaceae	0.0
Trifolium_resupinatum_eF.jpg	Fabaceae	Fabaceae	0.9490196078431372	Rubiaceae	0.00392156862745098	Caryophyllaceae	0.0	Asteraceae	0.0	Lamiaceae	0.0
Trifolium_scabrum1.jpg	Fabaceae	Fabaceae	0.9254901960784313	Asteraceae	0.01568627450980392	Plantaginaceae	0.011764705882352941	Lamiaceae	0.00784313725490196	Brassicaceae	0.00392156862745098
Trefle5.jpg	Fabaceae	Fabaceae	0.8313725490196078	Crassulaceae	0.011764705882352941	Geraniaceae	0.011764705882352941	Asteraceae	0.00392156862745098	Plantaginaceae	0.00392156862745098
Trifolium_striatum1_eF.jpg	Fabaceae	Fabaceae	0.8509803921568628	Juncaceae	0.023529411764705882	Polygonaceae	0.0196078431372549	Asteraceae	0.00784313725490196	Euphorbiaceae	0.00784313725490196
Trifoliumsubterraneum.jpg	Fabaceae	Fabaceae	0.8509803921568627	Plantaginaceae	0.09803921568627451	Gentianaceae	0.03137254901960784	Polygonaceae	0.00392156862745098	Cistaceae	0.00392156862745098
Suffocated_Clover_Trifolium_suffocatum_%286210974266%29.jpg	Fabaceae	Fabaceae	0.9490196078431372	Cyperaceae	0.00392156862745098	Oxalidaceae	0.00392156862745098	Caryophyllaceae	0.0	Rubiaceae	0.0
%22tr%C3%A9bol_de_algod%C3%B3n%22_%2A_Trifolium_tomentosum_L._%287568888288%29.jpg	Fabaceae	Fabaceae	0.784313725490196	Orobanchaceae	0.011764705882352941	Lamiaceae	0.00392156862745098	Plantaginaceae	0.00392156862745098	Caprifoliaceae	0.00392156862745098
Anthyllis_tetraphylla_%28inflorescense%29.jpg	Fabaceae	Fabaceae	0.8549019607843136	Plantaginaceae	0.01568627450980392	Orobanchaceae	0.00392156862745098	Ranunculaceae	0.00392156862745098	Caryophyllaceae	0.0
Tropaeolum_majus_2005_G1.jpg	Tropaeolaceae	Tropaeolaceae	0.6431372549019608	Geraniaceae	0.01568627450980392	Menyanthaceae	0.01568627450980392	Apiaceae	0.011764705882352941	Fabaceae	0.00784313725490196
Tuberaria_guttata01.jpg	Cistaceae	Cistaceae	0.7725490196078431	Asteraceae	0.027450980392156862	Brassicaceae	0.01568627450980392	Boraginaceae	0.01568627450980392	Linaceae	0.011764705882352941
Tuberaria_guttata_Crete.jpg	Cistaceae	Cistaceae	0.9882352941176471	Asteraceae	0.00392156862745098	Orchidaceae	0.00392156862745098	Caryophyllaceae	0.0	Rubiaceae	0.0
TS159681.jpg	Cistaceae	Cistaceae	0.4745098039215686	Onagraceae	0.043137254901960784	Caryophyllaceae	0.03529411764705882	Liliaceae	0.03529411764705882	Cyperaceae	0.01568627450980392
Typha_domingensis_4.jpg	Typhaceae	Typhaceae	0.9294117647058824	Poaceae	0.011764705882352941	Caryophyllaceae	0.0	Rubiaceae	0.0	Asteraceae	0.0
Grote_lisdoddes_aan_het_water.jpg	Typhaceae	Typhaceae	0.6784313725490196	Poaceae	0.1411764705882353	Cyperaceae	0.06274509803921569	Fabaceae	0.00392156862745098	Brassicaceae	0.00392156862745098
Ulex_densus_habitat.jpg	Fabaceae	Fabaceae	1.0	Caryophyllaceae	0.0	Rubiaceae	0.0	Asteraceae	0.0	Lamiaceae	0.0
Ulex_europaeus_flowers.jpg	Fabaceae	Fabaceae	0.992156862745098	Caryophyllaceae	0.0	Rubiaceae	0.0	Asteraceae	0.0	Lamiaceae	0.0
Whin_or_Gorse_on_Fife_Coastal_Trail.jpg	Fabaceae	Fabaceae	0.31764705882352934	Lamiaceae	0.14509803921568626	Asteraceae	0.10196078431372549	Cistaceae	0.09019607843137255	Convolvulaceae	0.06666666666666667
RN_Ulmus_glabra_%28alnarp_sweden%29.jpg	Ulmaceae	Salicaceae	0.9686274509803922	Fabaceae	0.00392156862745098	Ranunculaceae	0.00392156862745098	Caryophyllaceae	0.0	Rubiaceae	0.0
Blismes_elm_2007.jpg	Ulmaceae	Fagaceae	0.3764705882352941	Moraceae	0.28627450980392155	Fabaceae	0.1568627450980392	Rosaceae	0.10980392156862745	Pittosporaceae	0.03137254901960784
Navelwort_700.jpg	Crassulaceae	Crassulaceae	0.9607843137254902	Aspleniaceae	0.00784313725490196	Pontederiaceae	0.00784313725490196	Caryophyllaceae	0.0	Rubiaceae	0.0
Urospermumpicroides.jpg	Asteraceae	Asteraceae	0.984313725490196	Caryophyllaceae	0.0	Rubiaceae	0.0	Fabaceae	0.0	Lamiaceae	0.0
Br%C3%A4nn%C3%A4ssla_%28Urtica_Dioica%29.jpg	Urticaceae	Urticaceae	0.48235294117647054	Fabaceae	0.03137254901960784	Boraginaceae	0.027450980392156862	Asteraceae	0.0196078431372549	Amaranthaceae	0.0196078431372549
Urtica_membranacea_2.JPG	Urticaceae	Urticaceae	0.8901960784313726	Poaceae	0.00784313725490196	Rosaceae	0.00392156862745098	Betulaceae	0.00392156862745098	Tamaricaceae	0.00392156862745098
Ortie2.jpg	Urticaceae	Urticaceae	1.003921568627451	Caryophyllaceae	0.0	Rubiaceae	0.0	Asteraceae	0.0	Fabaceae	0.0
Urtica_urens_002.JPG	Urticaceae	Urticaceae	0.8784313725490196	Amaranthaceae	0.00784313725490196	Brassicaceae	0.00784313725490196	Lamiaceae	0.00392156862745098	Polygonaceae	0.00392156862745098
Utriculariaaustralis.jpg	Lentibulariaceae	Lentibulariaceae	0.7372549019607844	Fabaceae	0.07058823529411765	Plantaginaceae	0.050980392156862744	Papaveraceae	0.01568627450980392	Amaryllidaceae	0.011764705882352941
Vaccinium_uliginosum_fruit.jpg	Ericaceae	Ericaceae	0.9568627450980393	Rosaceae	0.0196078431372549	Oleaceae	0.00784313725490196	Caryophyllaceae	0.0	Rubiaceae	0.0
Valantia_hispida_23-08-2003.jpg	Rubiaceae	Rubiaceae	0.9450980392156862	Poaceae	0.011764705882352941	Resedaceae	0.00784313725490196	Lamiaceae	0.00392156862745098	Orchidaceae	0.00392156862745098
Valantia_muralis_1.jpg	Rubiaceae	Rubiaceae	0.9803921568627451	Caryophyllaceae	0.0	Asteraceae	0.0	Fabaceae	0.0	Lamiaceae	0.0
Valeriana_officinalis_002.JPG	Caprifoliaceae	Caprifoliaceae	0.7607843137254903	Apiaceae	0.0392156862745098	Asteraceae	0.0196078431372549	Adoxaceae	0.0196078431372549	Caryophyllaceae	0.00392156862745098
Valeriana_officinalis_-_Niitv%C3%A4lja.jpg	Caprifoliaceae	Apiaceae	0.4823529411764706	Caprifoliaceae	0.44313725490196076	Fabaceae	0.00392156862745098	Ericaceae	0.00392156862745098	Brassicaceae	0.00392156862745098
Velezia_rigida_%28Caryophyllaceae%29_%2833038042422%29.jpg	Caryophyllaceae	Caryophyllaceae	0.5686274509803921	Poaceae	0.3137254901960784	Caprifoliaceae	0.03137254901960784	Asteraceae	0.01568627450980392	Onagraceae	0.011764705882352941
Veratrum_album_Aubrac.JPG	Melanthiaceae	Melanthiaceae	0.43529411764705883	Poaceae	0.07450980392156863	Apiaceae	0.043137254901960784	Lamiaceae	0.027450980392156862	Rosaceae	0.0196078431372549
Verbascum_pulverulentum_4_RF.jpg	Scrophulariaceae	Scrophulariaceae	0.8901960784313725	Asteraceae	0.0196078431372549	Boraginaceae	0.01568627450980392	Potamogetonaceae	0.00784313725490196	Amaranthaceae	0.00392156862745098
Mullein.jpg	Scrophulariaceae	Thymelaeaceae	0.4117647058823529	Scrophulariaceae	0.09803921568627451	Resedaceae	0.08627450980392157	Asteraceae	0.0784313725490196	Boraginaceae	0.054901960784313725
Starr_040723-0030_Verbascum_thapsus.jpg	Scrophulariaceae	Scrophulariaceae	0.8588235294117648	Amaranthaceae	0.023529411764705882	Phytolaccaceae	0.01568627450980392	Plantaginaceae	0.00784313725490196	Asteraceae	0.00392156862745098
Verbascum_virgatum.jpg	Scrophulariaceae	Scrophulariaceae	0.9529411764705882	Malvaceae	0.00392156862745098	Caryophyllaceae	0.0	Rubiaceae	0.0	Asteraceae	0.0
Verbena_bonariensis.jpg	Verbenaceae	Verbenaceae	0.4235294117647059	Ericaceae	0.09803921568627451	Caprifoliaceae	0.08235294117647059	Asteraceae	0.06666666666666667	Caryophyllaceae	0.023529411764705882
Eisenkraut%2C_Passau.JPG	Verbenaceae	Apiaceae	0.26274509803921564	Poaceae	0.16470588235294117	Asteraceae	0.12156862745098039	Brassicaceae	0.0784313725490196	Boraginaceae	0.06274509803921569
Verbena_rigida_%288726586459%29.jpg	Verbenaceae	Verbenaceae	0.2901960784313725	Caprifoliaceae	0.1764705882352941	Apiaceae	0.14509803921568626	Fabaceae	0.0196078431372549	Ericaceae	0.01568627450980392
Veronica_anagallis-aquatica_5.jpg	Plantaginaceae	Plantaginaceae	0.996078431372549	Caryophyllaceae	0.0	Rubiaceae	0.0	Asteraceae	0.0	Fabaceae	0.0
Veronica_arvensis_7998.JPG	Plantaginaceae	Plantaginaceae	0.5764705882352941	Lamiaceae	0.06666666666666667	Boraginaceae	0.050980392156862744	Campanulaceae	0.00784313725490196	Rubiaceae	0.00392156862745098
Veronica_beccabunga_plant2.jpg	Plantaginaceae	Plantaginaceae	0.2588235294117647	Boraginaceae	0.09019607843137255	Caprifoliaceae	0.0784313725490196	Violaceae	0.06274509803921569	Brassicaceae	0.03529411764705882
Ehrenpreis-JR-T20-2021-05-29.jpg	Plantaginaceae	Plantaginaceae	0.9960784313725489	Caryophyllaceae	0.0	Rubiaceae	0.0	Asteraceae	0.0	Fabaceae	0.0
Veronica_cymbalaria_3.JPG	Plantaginaceae	Plantaginaceae	0.9764705882352941	Caryophyllaceae	0.00392156862745098	Violaceae	0.00392156862745098	Rubiaceae	0.0	Asteraceae	0.0
Veronica_hederifolia_Nashville.jpg	Plantaginaceae	Plantaginaceae	0.6470588235294115	Boraginaceae	0.18823529411764703	Campanulaceae	0.054901960784313725	Rubiaceae	0.011764705882352941	Malvaceae	0.00784313725490196
Veronica_montana.jpeg	Plantaginaceae	Plantaginaceae	0.9607843137254901	Oxalidaceae	0.00392156862745098	Caryophyllaceae	0.0	Rubiaceae	0.0	Asteraceae	0.0
Nymphalidae_-_Melitaea_nevadensis-001.JPG	Plantaginaceae	Asteraceae	0.5333333333333333	Papaveraceae	0.0196078431372549	Rosaceae	0.011764705882352941	Salicaceae	0.011764705882352941	Typhaceae	0.011764705882352941
Veronica_officinalis-53.jpg	Plantaginaceae	Plantaginaceae	0.39607843137254894	Lamiaceae	0.09411764705882353	Boraginaceae	0.047058823529411764	Rubiaceae	0.0196078431372549	Caryophyllaceae	0.011764705882352941
Starr_080415-4014_Veronica_peregrina.jpg	Plantaginaceae	Plantaginaceae	0.4901960784313726	Crassulaceae	0.17254901960784313	Amaranthaceae	0.054901960784313725	Selaginellaceae	0.0392156862745098	Poaceae	0.03137254901960784
Veronica_persica_060403Fw.jpg	Plantaginaceae	Plantaginaceae	0.5529411764705883	Linaceae	0.011764705882352941	Malvaceae	0.00784313725490196	Convolvulaceae	0.00784313725490196	Violaceae	0.00392156862745098
Veronica_polita_eF.jpg	Plantaginaceae	Plantaginaceae	0.8549019607843137	Malvaceae	0.00784313725490196	Frankeniaceae	0.00784313725490196	Lamiaceae	0.00392156862745098	Campanulaceae	0.00392156862745098
Veronica_scutellata_eF.jpg	Plantaginaceae	Caprifoliaceae	0.5647058823529412	Plantaginaceae	0.396078431372549	Rubiaceae	0.01568627450980392	Onagraceae	0.00392156862745098	Potamogetonaceae	0.00392156862745098
Veronica_serpyllifolia_W.jpg	Plantaginaceae	Plantaginaceae	0.4588235294117646	Boraginaceae	0.047058823529411764	Caryophyllaceae	0.0196078431372549	Fabaceae	0.0196078431372549	Linaceae	0.01568627450980392
Veronica_triphyllos_eF.jpg	Plantaginaceae	Plantaginaceae	0.8588235294117645	Boraginaceae	0.023529411764705882	Lamiaceae	0.00784313725490196	Rubiaceae	0.00392156862745098	Campanulaceae	0.00392156862745098
Viburnum_lantana_a1.jpg	Adoxaceae	Adoxaceae	0.788235294117647	Rosaceae	0.027450980392156862	Caprifoliaceae	0.023529411764705882	Verbenaceae	0.011764705882352941	Fabaceae	0.00784313725490196
Viburnum_01.JPG	Adoxaceae	Adoxaceae	0.8470588235294119	Verbenaceae	0.047058823529411764	Araceae	0.01568627450980392	Rosaceae	0.011764705882352941	Caryophyllaceae	0.00392156862745098
Viciabenghalensis.jpg	Fabaceae	Fabaceae	0.8627450980392155	Pinaceae	0.011764705882352941	Asteraceae	0.00392156862745098	Amaranthaceae	0.00392156862745098	Oleaceae	0.00392156862745098
Vicia_bithynica_at_Seasalter.jpg	Fabaceae	Fabaceae	0.992156862745098	Caryophyllaceae	0.0	Rubiaceae	0.0	Asteraceae	0.0	Lamiaceae	0.0
%28MHNT%29_Vicia_hirsuta_-_Plant_habit.jpg	Fabaceae	Orobanchaceae	0.18823529411764706	Euphorbiaceae	0.14509803921568626	Potamogetonaceae	0.06666666666666667	Asteraceae	0.054901960784313725	Caryophyllaceae	0.047058823529411764
Vicia_lathyroides3_W.jpg	Fabaceae	Fabaceae	0.9843137254901961	Caryophyllaceae	0.0	Rubiaceae	0.0	Asteraceae	0.0	Lamiaceae	0.0
%28MHNT%29_Vicia_lutea_-_plant_habit.jpg	Fabaceae	Fabaceae	0.8117647058823528	Asteraceae	0.023529411764705882	Brassicaceae	0.023529411764705882	Amaranthaceae	0.00784313725490196	Poaceae	0.00784313725490196
003-vicia-narbonensis.jpg	Fabaceae	Fabaceae	0.9882352941176471	Caryophyllaceae	0.0	Rubiaceae	0.0	Asteraceae	0.0	Lamiaceae	0.0
VICIA_ONOBRYCHIOIDES_-_IB-418.JPG	Fabaceae	Fabaceae	0.9921568627450981	Caryophyllaceae	0.0	Rubiaceae	0.0	Asteraceae	0.0	Lamiaceae	0.0
Vicia_peregrina_%2821084365093%29.jpg	Fabaceae	Fabaceae	0.992156862745098	Caryophyllaceae	0.0	Rubiaceae	0.0	Asteraceae	0.0	Lamiaceae	0.0
%28MHNT%29_Vicia_sativa.jpg	Fabaceae	Fabaceae	0.972549019607843	Polypodiaceae	0.00392156862745098	Caryophyllaceae	0.0	Rubiaceae	0.0	Asteraceae	0.0
Vicia_sepium_-_aed-hiirehernes.jpg	Fabaceae	Fabaceae	0.6666666666666664	Brassicaceae	0.03137254901960784	Caryophyllaceae	0.0196078431372549	Caprifoliaceae	0.011764705882352941	Thymelaeaceae	0.011764705882352941
Vicia_tenuifolia_2.jpg	Fabaceae	Fabaceae	0.8156862745098039	Iridaceae	0.00392156862745098	Saxifragaceae	0.00392156862745098	Oxalidaceae	0.00392156862745098	Caryophyllaceae	0.0
Vicia_villosa.jpeg	Fabaceae	Fabaceae	0.8235294117647058	Lamiaceae	0.03137254901960784	Boraginaceae	0.00784313725490196	Caryophyllaceae	0.00392156862745098	Iridaceae	0.00392156862745098
Vinca_difformis_flors.jpg	Apocynaceae	Apocynaceae	0.9333333333333333	Commelinaceae	0.023529411764705882	Asparagaceae	0.00392156862745098	Myrtaceae	0.00392156862745098	Caryophyllaceae	0.0
Vinca_major_NS.jpg	Apocynaceae	Apocynaceae	0.796078431372549	Convolvulaceae	0.027450980392156862	Caryophyllaceae	0.00784313725490196	Rubiaceae	0.00392156862745098	Linaceae	0.00392156862745098
Vinca_minor_Nashville.jpg	Apocynaceae	Apocynaceae	0.8117647058823529	Boraginaceae	0.0392156862745098	Euphorbiaceae	0.01568627450980392	Campanulaceae	0.00784313725490196	Violaceae	0.00392156862745098
Vincetoxicum_hirundinaria_sl3.jpg	Apocynaceae	Apocynaceae	0.9686274509803922	Polygonaceae	0.00392156862745098	Brassicaceae	0.00392156862745098	Oleaceae	0.00392156862745098	Caryophyllaceae	0.0
Viola_arborescens_%28plant%29.jpg	Violaceae	Violaceae	0.7568627450980392	Plantaginaceae	0.027450980392156862	Convolvulaceae	0.01568627450980392	Plumbaginaceae	0.00784313725490196	Linaceae	0.00784313725490196
Viola_arvensis_-_Tutermaa.jpg	Violaceae	Violaceae	1.003921568627451	Caryophyllaceae	0.0	Rubiaceae	0.0	Asteraceae	0.0	Fabaceae	0.0
1257-Viola_kitaibeliana-P%C3%A1lava_4.07.jpg	Violaceae	Violaceae	0.6196078431372549	Rosaceae	0.09411764705882353	Cistaceae	0.050980392156862744	Fabaceae	0.0196078431372549	Ranunculaceae	0.01568627450980392
Viola_lactea-3.jpg	Violaceae	Violaceae	0.8941176470588235	Caryophyllaceae	0.0196078431372549	Plantaginaceae	0.01568627450980392	Linaceae	0.01568627450980392	Rosaceae	0.00392156862745098
Viola_odorata_fg01.JPG	Violaceae	Violaceae	0.5647058823529412	Iridaceae	0.03529411764705882	Brassicaceae	0.03137254901960784	Ranunculaceae	0.0196078431372549	Fabaceae	0.011764705882352941
Viola_palustris_6798.JPG	Violaceae	Violaceae	0.6000000000000001	Convolvulaceae	0.043137254901960784	Malvaceae	0.03529411764705882	Rosaceae	0.023529411764705882	Betulaceae	0.0196078431372549
Viola_riviniana-01_%28xndr%29.jpg	Violaceae	Violaceae	0.9098039215686274	Linaceae	0.00784313725490196	Caryophyllaceae	0.0	Rubiaceae	0.0	Asteraceae	0.0
Cabernet_Sauvignon_Gaillac.jpg	Vitaceae	Vitaceae	0.9098039215686274	Asteraceae	0.00392156862745098	Araliaceae	0.00392156862745098	Caryophyllaceae	0.0	Rubiaceae	0.0
Starr_030628-0091_Vulpia_myuros.jpg	Poaceae	Poaceae	0.2	Equisetaceae	0.12156862745098039	Lamiaceae	0.10196078431372549	Cyperaceae	0.058823529411764705	Lycopodiaceae	0.058823529411764705
Vulpia_ciliata_plant_%2801%29.jpg	Poaceae	Poaceae	0.9019607843137252	Juncaceae	0.011764705882352941	Asteraceae	0.00392156862745098	Lamiaceae	0.00392156862745098	Cyperaceae	0.00392156862745098
Vulpia_octoflora_%283990319536%29.jpg	Poaceae	Poaceae	0.9254901960784314	Cupressaceae	0.0196078431372549	Haloragaceae	0.00392156862745098	Lycopodiaceae	0.00392156862745098	Taxaceae	0.00392156862745098
Vulpiamyuros.jpg	Poaceae	Cyperaceae	0.8470588235294116	Poaceae	0.09803921568627451	Typhaceae	0.00784313725490196	Apiaceae	0.00392156862745098	Caryophyllaceae	0.0
Withania_somnifera%2C_blom%2C_Manie_van_der_Schijff_BT.jpg	Solanaceae	Solanaceae	0.2901960784313726	Apocynaceae	0.050980392156862744	Plantaginaceae	0.03529411764705882	Fabaceae	0.03137254901960784	Asteraceae	0.023529411764705882
Wolffia_arrhiza_kz02.jpg	Araceae	Araceae	0.7686274509803921	Caryophyllaceae	0.06274509803921569	Apiaceae	0.03529411764705882	Lamiaceae	0.023529411764705882	Euphorbiaceae	0.01568627450980392
Chain_fern_%28Woodwardia_radicans%29_at_Furna_do_Enxofre%2C_Caldeira%2C_Graciosa_Island%2C_Azores%2C_Portugal_%28PPL1-Corrected%29_julesvernex2.jpg	Blechnaceae	Blechnaceae	0.6431372549019608	Simaroubaceae	0.0392156862745098	Polypodiaceae	0.027450980392156862	Fabaceae	0.0196078431372549	Osmundaceae	0.0196078431372549
Xanthium_spinosum.JPG	Asteraceae	Asteraceae	0.9372549019607843	Euphorbiaceae	0.011764705882352941	Rubiaceae	0.00392156862745098	Fabaceae	0.00392156862745098	Caryophyllaceae	0.0
Xanthium_strumarium_L..jpg	Asteraceae	Asteraceae	0.16470588235294117	Caryophyllaceae	0.13333333333333333	Euphorbiaceae	0.043137254901960784	Rosaceae	0.03529411764705882	Apiaceae	0.03529411764705882
Zantedeschia_aethiopica_-1.jpg	Araceae	Araceae	0.49411764705882355	Solanaceae	0.03529411764705882	Iridaceae	0.03137254901960784	Convolvulaceae	0.027450980392156862	Ranunculaceae	0.023529411764705882
Zostera_marina_-_National_Museum_of_Nature_and_Science%2C_Tokyo_-_DSC07663.JPG	Zosteraceae	Poaceae	0.3176470588235294	Marsileaceae	0.19215686274509805	Hydrocharitaceae	0.10980392156862745	Asteraceae	0.050980392156862744	Plantaginaceae	0.047058823529411764
