filename	species	rank1	c1	rank2	c2	rank3	c3	rank4	c4	rank5	c5
Acacia_dealbata-1.jpg	Acacia dealbata	Acacia dealbata	0.996078431372549	Quercus pyrenaica	0.00392156862745098	Cerastium semidecandrum	0.0	Theligonum cynocrambe	0.0	Arctotheca calendula	0.0
Acacia-longifolia-branch.jpg	Acacia longifolia	Acacia longifolia	0.996078431372549	Cerastium semidecandrum	0.0	Theligonum cynocrambe	0.0	Arctotheca calendula	0.0	Lathyrus pratensis	0.0
Acacia_mearnsii_blossoms.jpg	Acacia mearnsii	Acacia mearnsii	0.9882352941176471	Paraserianthes lophantha	0.00784313725490196	Cerastium semidecandrum	0.0	Theligonum cynocrambe	0.0	Arctotheca calendula	0.0
Acacia_melanoxylon.jpg	Acacia melanoxylon	Acacia pycnantha	0.8392156862745098	Acacia saligna	0.0784313725490196	Acacia melanoxylon	0.03137254901960784	Pittosporum undulatum	0.01568627450980392	Laurus nobilis	0.00784313725490196
Acacia_pycnantha_Golden_Wattle.jpg	Acacia pycnantha	Acacia saligna	0.6784313725490196	Acacia pycnantha	0.1843137254901961	Acacia longifolia	0.03529411764705882	Acacia retinodes	0.03529411764705882	Olea europaea	0.00784313725490196
Acacia_melanoxylon2.jpg	Acacia retinodes	Acacia retinodes	0.14901960784313725	Acacia saligna	0.047058823529411764	Humulus lupulus	0.043137254901960784	Laurus nobilis	0.027450980392156862	Gomphocarpus fruticosus	0.027450980392156862
Acacia_April_2015-3.jpg	Acacia saligna	Salix babylonica	0.2823529411764706	Acacia pycnantha	0.1568627450980392	Acacia longifolia	0.054901960784313725	Pittosporum undulatum	0.0392156862745098	Acacia saligna	0.03529411764705882
Acanthaceae_-_Acanthus_mollis_%282%29.JPG	Acanthus mollis	Acanthus mollis	0.8862745098039215	Cephalanthera longifolia	0.00784313725490196	Misopates calycinum	0.00392156862745098	Orobanche crenata	0.00392156862745098	Cerastium semidecandrum	0.0
Acer_monspessulanum_fg02.jpg	Acer monspessulanum	Acer monspessulanum	0.9294117647058824	Clematis cirrhosa	0.0196078431372549	Hedera hibernica	0.011764705882352941	Quercus coccifera	0.00784313725490196	Platanus hispanica	0.00392156862745098
Acer_negundo_44809168.jpg	Acer negundo	Salix babylonica	0.2	Salix fragilis	0.17647058823529413	Prunus dulcis	0.10980392156862745	Acer monspessulanum	0.09803921568627451	Robinia pseudoacacia	0.0784313725490196
Acer_pseudoplatanus_005.jpg	Acer pseudoplatanus	Salix fragilis	0.2980392156862745	Acacia melanoxylon	0.1843137254901961	Acacia mearnsii	0.08235294117647059	Castanea sativa	0.07058823529411765	Acacia longifolia	0.06274509803921569
Achillea_ageratum_-_Botanischer_Garten_Mainz_IMG_5620.JPG	Achillea ageratum	Narcissus cyclamineus	0.40784313725490196	Genista florida	0.10980392156862745	Lupinus luteus	0.07058823529411765	Cytisus scoparius	0.06274509803921569	Genista hirsuta	0.054901960784313725
Achillea_millefolium_5Dsr_9042.jpg	Achillea millefolium	Achillea millefolium	0.9686274509803922	Lantana camara	0.00784313725490196	Tanacetum vulgare	0.00784313725490196	Tanacetum corymbosum	0.00392156862745098	Cerastium semidecandrum	0.0
Aconitum_napellus_230705.jpg	Aconitum napellus	Aconitum napellus	0.1607843137254902	Digitalis purpurea	0.03529411764705882	Echium gaditanum	0.03137254901960784	Stachys palustris	0.023529411764705882	Salvia sclareoides	0.023529411764705882
Adenocarpus_argyrophyllus_-_20080603-01.jpg	Adenocarpus hispanicus	Spartium junceum	0.12156862745098039	Lupinus luteus	0.12156862745098039	Adenocarpus hispanicus	0.12156862745098039	Genista florida	0.09411764705882353	Adenocarpus complicatus	0.047058823529411764
Adiantum_capillus-veneris_2601.jpg	Adiantum capillus-veneris	Adiantum capillus-veneris	0.8941176470588236	Asplenium trichomanes	0.011764705882352941	Asplenium petrarchae	0.00392156862745098	Robinia pseudoacacia	0.00392156862745098	Sanguisorba minor	0.00392156862745098
Adonis_annua_flor.jpg	Adonis annua	Adonis annua	0.3215686274509804	Anemone coronaria	0.12549019607843137	Papaver hybridum	0.07058823529411765	Adonis microcarpa	0.0392156862745098	Papaver argemone	0.01568627450980392
Adonis-microcarpa001.jpg	Adonis microcarpa	Adonis annua	0.7450980392156863	Adonis microcarpa	0.1450980392156863	Papaver hybridum	0.00784313725490196	Papaver argemone	0.00784313725490196	Scolymus maculatus	0.00392156862745098
Aegilops_geniculata_Enfoque_2010-5-08_DehesaBoyaldePuertollano.jpg	Aegilops geniculata	Aegilops geniculata	0.9215686274509803	Aegilops triuncialis	0.043137254901960784	Taeniatherum caput-medusae	0.00392156862745098	Equisetum telmateia	0.00392156862745098	Brachypodium retusum	0.00392156862745098
Aegilops_triuncialis_Enfoque_2010-5-26_DehesaBoyaldePuertollano.jpg	Aegilops triuncialis	Aegilops triuncialis	0.2235294117647059	Aegilops geniculata	0.17647058823529413	Bombycilaena erecta	0.047058823529411764	Logfia minima	0.047058823529411764	Filago pyramidata	0.0196078431372549
Madeira%2C_Palheiro_Gardens_-_Aeonium_arboreum_%28Marokko%29_IMG_2310.JPG	Aeonium arboreum	Aeonium arboreum	0.9254901960784314	Saxifraga spathularis	0.0392156862745098	Honckenya peploides	0.01568627450980392	Aphanes australis	0.00392156862745098	Euphorbia portlandica	0.00392156862745098
Agapanthus_Postbloom.jpg	Agapanthus praecox	Agapanthus praecox	0.7725490196078432	Scilla peruviana	0.14901960784313725	Allium nigrum	0.011764705882352941	Iris planifolia	0.00392156862745098	Allium neapolitanum	0.00392156862745098
Agave_July_2011-1.jpg	Agave americana	Agave americana	0.9803921568627451	Polystichum setiferum	0.00392156862745098	Cynosurus cristatus	0.00392156862745098	Pteridium aquilinum	0.00392156862745098	Cerastium semidecandrum	0.0
Ageratina_adenophora_%28Flower%29_2.jpg	Ageratina adenophora	Ageratina adenophora	0.9490196078431372	Prunus lusitanica	0.00784313725490196	Eucalyptus camaldulensis	0.00784313725490196	Filipendula ulmaria	0.00392156862745098	Cerastium semidecandrum	0.0
Agrimonia_procera_002.JPG	Agrimonia procera	Agrimonia eupatoria	0.7529411764705882	Agrimonia procera	0.23137254901960785	Rapistrum rugosum	0.00392156862745098	Cerastium semidecandrum	0.0	Theligonum cynocrambe	0.0
Agrostemma_githago_120605.jpg	Agrostemma githago	Agrostemma githago	0.8509803921568627	Geranium sanguineum	0.03529411764705882	Geranium columbinum	0.011764705882352941	Geranium pyrenaicum	0.00784313725490196	Viola bubanii	0.00392156862745098
Agrostis.canina2.-.lindsey.jpg	Agrostis canina	Deschampsia cespitosa	0.3803921568627451	Aira caryophyllea	0.09411764705882353	Piptatherum miliaceum	0.08235294117647059	Stipa gigantea	0.0392156862745098	Avena sativa	0.03529411764705882
Agrostis_capillaris.jpeg	Agrostis capillaris	Poa angustifolia	0.6	Deschampsia cespitosa	0.11372549019607843	Agrostis capillaris	0.0392156862745098	Agrostis canina	0.027450980392156862	Poa pratensis	0.023529411764705882
Agrostis_Wuchs.jpg	Agrostis stolonifera	Agrostis stolonifera	0.41568627450980394	Alopecurus geniculatus	0.37254901960784315	Digitaria sanguinalis	0.03529411764705882	Digitaria ischaemum	0.027450980392156862	Alopecurus aequalis	0.027450980392156862
Aichryson_punctatum.jpg	Aichryson laxum	Aichryson laxum	0.3686274509803922	Sedum acre	0.25882352941176473	Dittrichia viscosa	0.023529411764705882	Trifolium dubium	0.01568627450980392	Senecio leucanthemifolius	0.011764705882352941
G%C3%B6tterbaum_%28Ailanthus_altissima%29.jpg	Ailanthus altissima	Pittosporum undulatum	0.3411764705882353	Robinia pseudoacacia	0.18823529411764706	Prunus dulcis	0.14901960784313725	Castanea sativa	0.13333333333333333	Ficus carica	0.03529411764705882
Aira_caryophyllea_FWS-01.jpg	Aira caryophyllea	Aira caryophyllea	0.9058823529411765	Juncus tenageia	0.023529411764705882	Briza minor	0.00784313725490196	Briza media	0.00784313725490196	Drosera intermedia	0.00392156862745098
Aira_praecox_kz1.jpg	Aira praecox	Aira praecox	0.9647058823529412	Catapodium marinum	0.00784313725490196	Mibora minima	0.00392156862745098	Juncus bufonius	0.00392156862745098	Juncus bulbosus	0.00392156862745098
Ajuga_chamaepitys.JPG	Ajuga chamaepitys	Ajuga chamaepitys	0.48627450980392156	Ajuga iva	0.48627450980392156	Teucrium pseudochamaepitys	0.01568627450980392	Cerastium semidecandrum	0.0	Theligonum cynocrambe	0.0
Ajuga_iva_Dingli_Cliffs_Malta_01_06_2010_01.jpg	Ajuga iva	Ajuga iva	0.8705882352941177	Teucrium scordium	0.00784313725490196	Teucrium capitatum	0.00392156862745098	Frankenia laevis	0.00392156862745098	Cerastium semidecandrum	0.0
0_Ajuga_pyramidalis_-_Vallorcine_%281%29.JPG	Ajuga pyramidalis	Ajuga pyramidalis	0.8509803921568627	Ajuga reptans	0.01568627450980392	Orobanche crenata	0.00784313725490196	Cosentinia vellea	0.00392156862745098	Pedicularis sylvatica	0.00392156862745098
Ajuga_reptans_20070429_132711_1.jpg	Ajuga reptans	Ajuga reptans	0.9686274509803922	Anarrhinum bellidifolium	0.01568627450980392	Anarrhinum longipedicellatum	0.00784313725490196	Cerastium semidecandrum	0.0	Theligonum cynocrambe	0.0
Alcea_rosea_purple.jpg	Alcea rosea	Alcea rosea	0.803921568627451	Papaver somniferum	0.011764705882352941	Glaucium corniculatum	0.00784313725490196	Castanea sativa	0.00392156862745098	Ipomoea purpurea	0.00392156862745098
Alismalanceolatum.jpg	Alisma lanceolatum	Alisma lanceolatum	0.6627450980392157	Ranunculus flammula	0.09019607843137255	Alisma plantago-aquatica	0.07058823529411765	Iris pseudacorus	0.054901960784313725	Plantago lanceolata	0.03137254901960784
AlismaPlant1.jpg	Alisma plantago-aquatica	Alisma lanceolatum	0.5098039215686274	Alisma plantago-aquatica	0.3568627450980392	Hieracium amplexicaule	0.06274509803921569	Draba muralis	0.03529411764705882	Hieracium lachenalii	0.00392156862745098
Alkanna_tinctoria2.jpg	Alkanna tinctoria	Alkanna tinctoria	0.29411764705882354	Lupinus cosentinii	0.1450980392156863	Anchusa calcarea	0.12941176470588237	Anchusa azurea	0.06274509803921569	Borago officinalis	0.043137254901960784
Alliaria_petiolata_marais-belloy-sur-somme_80_26042007_3.jpg	Alliaria petiolata	Valeriana dioica	0.4117647058823529	Draba muralis	0.20392156862745098	Camelina microcarpa	0.03529411764705882	Barbarea intermedia	0.03529411764705882	Epilobium parviflorum	0.03529411764705882
A.ampeloprasum_1.jpg	Allium ampeloprasum	Allium nigrum	0.6392156862745098	Allium ampeloprasum	0.1568627450980392	Allium schoenoprasum	0.058823529411764705	Orchis italica	0.01568627450980392	Echinops strigosus	0.01568627450980392
Allium_chamaemoly_Corse_2014.jpg	Allium chamaemoly	Allium chamaemoly	0.996078431372549	Cerastium semidecandrum	0.0	Theligonum cynocrambe	0.0	Arctotheca calendula	0.0	Lathyrus pratensis	0.0
%D0%90%D1%80%D0%BA%D0%BE%D0%B7%D0%BE%D0%B2%D1%96_%D0%BF%D1%96%D1%81%D0%BA%D0%BE%D0%B2%D0%B8%D0%BA%D0%B8_12.jpg	Allium guttatum	Allium guttatum	0.996078431372549	Cerastium semidecandrum	0.0	Theligonum cynocrambe	0.0	Arctotheca calendula	0.0	Lathyrus pratensis	0.0
Ailblanc.jpg	Allium neapolitanum	Allium neapolitanum	0.44313725490196076	Agapanthus praecox	0.19607843137254902	Allium roseum	0.09411764705882353	Allium subvillosum	0.058823529411764705	Ornithogalum arabicum	0.047058823529411764
Allium_nigrum_GotBot_2015_003.jpg	Allium nigrum	Allium guttatum	0.8549019607843137	Allium nigrum	0.07058823529411765	Allium ampeloprasum	0.00784313725490196	Armeria pungens	0.00392156862745098	Ammi visnaga	0.00392156862745098
Allium_oleraceum_-_rohulauk_Keilas2.jpg	Allium oleraceum	Allium oleraceum	0.6745098039215687	Allium paniculatum	0.2980392156862745	Spergula morisonii	0.00392156862745098	Juncus bulbosus	0.00392156862745098	Cerastium semidecandrum	0.0
Allium_paniculatum_%28inflorescence%29_2.jpg	Allium paniculatum	Allium paniculatum	0.996078431372549	Allium oleraceum	0.00392156862745098	Cerastium semidecandrum	0.0	Theligonum cynocrambe	0.0	Arctotheca calendula	0.0
Allium_roseum2.jpg	Allium roseum	Allium roseum	0.8784313725490196	Allium neapolitanum	0.0392156862745098	Valeriana montana	0.00392156862745098	Allium oleraceum	0.00392156862745098	Allium schoenoprasum	0.00392156862745098
Allium_schoenoprasum_-_Bombus_lapidarius_-_Tootsi.jpg	Allium schoenoprasum	Allium schoenoprasum	0.9372549019607843	Allium nigrum	0.01568627450980392	Crupina vulgaris	0.00392156862745098	Trifolium arvense	0.00392156862745098	Serratula tinctoria	0.00392156862745098
Allium_sphaerocephalon.jpg	Allium sphaerocephalon	Allium sphaerocephalon	0.5803921568627451	Allium ampeloprasum	0.3607843137254902	Echinops strigosus	0.01568627450980392	Allium guttatum	0.00392156862745098	Parentucellia latifolia	0.00392156862745098
Allium_subvillosum.JPG	Allium subvillosum	Allium subvillosum	0.9254901960784314	Nothoscordum gracile	0.03529411764705882	Ornithogalum arabicum	0.00392156862745098	Allium neapolitanum	0.00392156862745098	Allium roseum	0.00392156862745098
Allium_triquetrum01.jpg	Allium triquetrum	Allium triquetrum	0.5568627450980392	Hyacinthoides hispanica	0.27450980392156865	Allium neapolitanum	0.050980392156862744	Agapanthus praecox	0.01568627450980392	Anemone nemorosa	0.011764705882352941
Photo_of_Allium_Ursinum%2C_wild_garlic%2C_north-west_Hampshire%2C_UK%2C_May_2014.jpg	Allium ursinum	Allium ursinum	0.9921568627450981	Ornithogalum orthophyllum	0.00392156862745098	Cerastium semidecandrum	0.0	Theligonum cynocrambe	0.0	Arctotheca calendula	0.0
ALLIUM_VICTORIALIS_-_GENTO_-_IB-888_%28All_victorial%29.JPG	Allium victorialis	Allium victorialis	0.9450980392156862	Plantago lanceolata	0.01568627450980392	Agapanthus praecox	0.011764705882352941	Allium ursinum	0.00392156862745098	Allium nigrum	0.00392156862745098
Alliumvineale1web.jpg	Allium vineale	Allium vineale	0.9294117647058824	Allium oleraceum	0.01568627450980392	Ophrys bombyliflora	0.00392156862745098	Oenanthe lachenalii	0.00392156862745098	Oenanthe fistulosa	0.00392156862745098
20120904Alnus_glutinosa01.jpg	Alnus glutinosa	Robinia pseudoacacia	0.5019607843137255	Carduus tenuiflorus	0.09803921568627451	Pinus pinea	0.043137254901960784	Pteridium aquilinum	0.043137254901960784	Ricinus communis	0.0196078431372549
AlopecurusAequalis1.JPG	Alopecurus aequalis	Alopecurus aequalis	0.7450980392156863	Alopecurus geniculatus	0.25882352941176473	Cerastium semidecandrum	0.0	Theligonum cynocrambe	0.0	Arctotheca calendula	0.0
Alopecurus_arundinaceus.jpg	Alopecurus arundinaceus	Phleum phleoides	0.9019607843137255	Holcus lanatus	0.054901960784313725	Alopecurus arundinaceus	0.00784313725490196	Phalaris arundinacea	0.00784313725490196	Phleum arenarium	0.00392156862745098
Geknikte_vossestaart_aar_%28Alopecurus_geniculatus_inflorescens%29.jpg	Alopecurus geniculatus	Alopecurus aequalis	0.7764705882352941	Alopecurus geniculatus	0.21176470588235294	Cerastium semidecandrum	0.0	Theligonum cynocrambe	0.0	Arctotheca calendula	0.0
Alopecurus_myosuroides1.jpg	Alopecurus myosuroides	Alopecurus myosuroides	0.4980392156862745	Phleum phleoides	0.07450980392156863	Drosophyllum lusitanicum	0.07450980392156863	Plantago maritima	0.07450980392156863	Cynosurus cristatus	0.058823529411764705
ALTHAEA_HIRSUTA_-_S%C3%92BOL_-_IB-793_%28Malv%C3%AD_pelut%29.jpg	Althaea hirsuta	Althaea hirsuta	0.47843137254901963	Malva hispanica	0.21176470588235294	Convolvulus althaeoides	0.08235294117647059	Convolvulus lineatus	0.03529411764705882	Ononis reclinata	0.03137254901960784
Alyssum_allyssoides_eF.jpg	Alyssum alyssoides	Alyssum alyssoides	0.8470588235294118	Alyssum simplex	0.12941176470588237	Alyssum minutum	0.00784313725490196	Camelina microcarpa	0.00392156862745098	Rorippa palustris	0.00392156862745098
Alyssum_montanum_ENBLA06.jpg	Alyssum simplex	Verbascum pulverulentum	0.32941176470588235	Cytisus oromediterraneus	0.16470588235294117	Sisymbrium austriacum	0.08235294117647059	Haplophyllum linifolium	0.08235294117647059	Barbarea intermedia	0.023529411764705882
Amaranthus_albus_%288186658004%29.jpg	Amaranthus albus	Catapodium rigidum	0.9764705882352941	Bromus tectorum	0.00784313725490196	Vulpia ciliata	0.00784313725490196	Bromus madritensis	0.00784313725490196	Aira praecox	0.00392156862745098
Amaranthus_blitoides_flowers_8601.JPG	Amaranthus blitoides	Rumex pulcher	0.1607843137254902	Amaranthus blitum	0.09019607843137255	Rumex acetosella	0.09019607843137255	Tetragonia tetragonoides	0.0784313725490196	Rumex bucephalophorus	0.0784313725490196
Amaranthus_lividus_%286896677687%29.jpg	Amaranthus blitum	Amaranthus viridis	0.5686274509803921	Heliotropium europaeum	0.0784313725490196	Amaranthus hybridus	0.0784313725490196	Solanum villosum	0.06666666666666667	Solanum nigrum	0.043137254901960784
Amaranthus_deflexus_sl43.jpg	Amaranthus deflexus	Amaranthus deflexus	0.2196078431372549	Amaranthus viridis	0.12156862745098039	Amaranthus hypochondriacus	0.10980392156862745	Phytolacca americana	0.09411764705882353	Amaranthus blitum	0.058823529411764705
Amarant_gr%C3%BCn.jpg	Amaranthus hybridus	Amaranthus hybridus	0.15294117647058825	Ricinus communis	0.09411764705882353	Amaranthus retroflexus	0.03529411764705882	Amaranthus hypochondriacus	0.03529411764705882	Amaranthus viridis	0.011764705882352941
Amaranthus_hypochondriacus_Prague_2011_1.jpg	Amaranthus hypochondriacus	Amaranthus hypochondriacus	0.16862745098039217	Phytolacca americana	0.050980392156862744	Phytolacca heterotepala	0.03529411764705882	Prunus avium	0.027450980392156862	Prunus padus	0.023529411764705882
Amaranthus_retroflexus_flower1.jpg	Amaranthus retroflexus	Amaranthus retroflexus	0.49019607843137253	Amaranthus hybridus	0.49019607843137253	Cerastium semidecandrum	0.0	Theligonum cynocrambe	0.0	Arctotheca calendula	0.0
Amaranthus_viridis_25042014_1.jpg	Amaranthus viridis	Amaranthus viridis	0.1843137254901961	Phytolacca heterotepala	0.01568627450980392	Amaranthus hybridus	0.011764705882352941	Amaranthus deflexus	0.00784313725490196	Amaranthus blitum	0.00784313725490196
Ambrosia_artemisiifolia_plant7_%2811741895306%29.jpg	Ambrosia artemisiifolia	Asplenium onopteris	0.7254901960784313	Davallia canariensis	0.03529411764705882	Asplenium adiantum-nigrum	0.011764705882352941	Chamaecyparis lawsoniana	0.011764705882352941	Woodwardia radicans	0.00784313725490196
Amelanchier_ovalis01.jpg	Amelanchier ovalis	Amelanchier ovalis	0.45098039215686275	Salix repens	0.10980392156862745	Polygonum maritimum	0.06666666666666667	Flueggea tinctoria	0.027450980392156862	Spiraea hypericifolia	0.0196078431372549
Ammi_Visnaga_%28289632722%29.jpg	Ammi visnaga	Ammi visnaga	0.9803921568627451	Ammi majus	0.01568627450980392	Daucus carota	0.00392156862745098	Cerastium semidecandrum	0.0	Theligonum cynocrambe	0.0
Hvid_klit.jpg	Ammophila arenaria	Ammophila arenaria	1.0	Cerastium semidecandrum	0.0	Theligonum cynocrambe	0.0	Arctotheca calendula	0.0	Lathyrus pratensis	0.0
AnacamptisPyramidalis.jpg	Anacamptis pyramidalis	Anacamptis pyramidalis	0.9098039215686274	Dactylorhiza elata	0.0196078431372549	Dactylorhiza maculata	0.011764705882352941	Knautia nevadensis	0.00784313725490196	Trifolium pratense	0.00392156862745098
Anacyclus_clavatus.jpg	Anacyclus clavatus	Chamaemelum fuscatum	0.4196078431372549	Anthemis maritima	0.2627450980392157	Anacyclus clavatus	0.16470588235294117	Anacyclus radiatus	0.054901960784313725	Anthemis cotula	0.050980392156862744
Anagyris_foetida055.JPG	Anagyris foetida	Anagyris foetida	0.9882352941176471	Olea europaea	0.00392156862745098	Genista florida	0.00392156862745098	Cerastium semidecandrum	0.0	Theligonum cynocrambe	0.0
Anarrhinum_bellidifolium_001.JPG	Anarrhinum duriminium	Anarrhinum bellidifolium	0.6705882352941176	Anarrhinum longipedicellatum	0.12941176470588237	Gymnadenia conopsea	0.01568627450980392	Asperula arvensis	0.00784313725490196	Salvia sclareoides	0.00784313725490196
Anchusa_azurea_habito.jpg	Anchusa azurea	Anchusa azurea	0.6078431372549019	Cynoglossum creticum	0.21176470588235294	Echium vulgare	0.027450980392156862	Dittrichia viscosa	0.0196078431372549	Camelina microcarpa	0.01568627450980392
Andryala_integrifolia_in_Herault.jpg	Andryala integrifolia	Pulicaria vulgaris	0.9019607843137255	Andryala integrifolia	0.0196078431372549	Pulicaria dysenterica	0.00784313725490196	Helichrysum foetidum	0.00784313725490196	Pulicaria odora	0.00784313725490196
Andryala_laxiflora_FlowerCloseup_DehesaBoyaldePuertollano.jpg	Andryala ragusina	Andryala integrifolia	0.6352941176470588	Helichrysum foetidum	0.15294117647058825	Tanacetum parthenium	0.054901960784313725	Tolpis umbellata	0.047058823529411764	Pulicaria dysenterica	0.027450980392156862
Anemone-coronaria-2016-Zachi-Evenor.jpg	Anemone coronaria	Papaver rhoeas	0.1411764705882353	Anemone coronaria	0.12549019607843137	Papaver hybridum	0.08627450980392157	Papaver argemone	0.06274509803921569	Adonis annua	0.043137254901960784
Anemone_nemorosa_001.JPG	Anemone nemorosa	Anemone nemorosa	0.8156862745098039	Anemone trifolia	0.17647058823529413	Cerastium semidecandrum	0.0	Theligonum cynocrambe	0.0	Arctotheca calendula	0.0
Anemones5.jpg	Anemone palmata	Anemone coronaria	0.8627450980392157	Papaver rhoeas	0.01568627450980392	Malva hispanica	0.00784313725490196	Ornithogalum arabicum	0.00392156862745098	Linum bienne	0.00392156862745098
Ranuncolaceae_-_Anemone_trifolia.JPG	Anemone trifolia	Anemone trifolia	0.9568627450980393	Anemone nemorosa	0.027450980392156862	Cerastium semidecandrum	0.0	Theligonum cynocrambe	0.0	Arctotheca calendula	0.0
Angelica_pachycarpa_%289063863219%29.jpg	Angelica pachycarpa	Angelica pachycarpa	0.8274509803921568	Torilis nodosa	0.011764705882352941	Asplenium marinum	0.00784313725490196	Fragaria vesca	0.00784313725490196	Dryopteris dilatata	0.00784313725490196
Anogramma_leptophylla.jpg	Anogramma leptophylla	Anogramma leptophylla	0.9411764705882353	Anthriscus caucalis	0.01568627450980392	Cystopteris fragilis	0.00784313725490196	Euphorbia peplus	0.00392156862745098	Asplenium ruta-muraria	0.00392156862745098
Pajecznica_liliowata_Anthericum_lilago3.jpg	Anthericum liliago	Ornithogalum narbonense	0.25882352941176473	Ornithogalum orthophyllum	0.1411764705882353	Pancratium maritimum	0.12549019607843137	Narcissus papyraceus	0.11372549019607843	Asphodelus macrocarpus	0.043137254901960784
AnthoxanthumAristatum.jpg	Anthoxanthum aristatum	Anthoxanthum aristatum	0.8901960784313725	Carex echinata	0.027450980392156862	Cyperus esculentus	0.01568627450980392	Carex lepidocarpa	0.00784313725490196	Luzula multiflora	0.00392156862745098
AnthoxanthumOdoratum.jpg	Anthoxanthum odoratum	Molinia caerulea	0.5294117647058824	Cynodon dactylon	0.06274509803921569	Paspalum distichum	0.0392156862745098	Deschampsia cespitosa	0.03529411764705882	Carex sylvatica	0.023529411764705882
Anthriscus_caucalis_2004-04-07.jpg	Anthriscus caucalis	Anthriscus caucalis	0.9882352941176471	Conium maculatum	0.00392156862745098	Cerastium semidecandrum	0.0	Theligonum cynocrambe	0.0	Arctotheca calendula	0.0
Anthriscus_sylvestris_TK_2021-05-16_2.jpg	Anthriscus sylvestris	Conopodium majus	0.3058823529411765	Physospermum cornubiense	0.19215686274509805	Torilis japonica	0.058823529411764705	Anthriscus sylvestris	0.027450980392156862	Sanicula europaea	0.027450980392156862
Anthyllis_vulneraria_inflorescence_-_Niitv%C3%A4lja.jpg	Anthyllis vulneraria	Anthyllis vulneraria	0.9176470588235294	Geum sylvaticum	0.00784313725490196	Bellis sylvestris	0.00784313725490196	Inula montana	0.00392156862745098	Lepidophorum repandum	0.00392156862745098
Aphanes_arvensis_saint-fuscien_80_19052007_9.jpg	Aphanes arvensis	Aphanes australis	0.7294117647058823	Aphanes arvensis	0.054901960784313725	Scleranthus annuus	0.0196078431372549	Ranunculus parviflorus	0.0196078431372549	Montia fontana	0.01568627450980392
Aphanes_arvensis_kz1.jpg	Aphanes australis	Aphanes arvensis	0.5803921568627451	Aphanes australis	0.40784313725490196	Veronica verna	0.00392156862745098	Cerastium semidecandrum	0.0	Theligonum cynocrambe	0.0
Aphyllanthes_monspeliensis02.jpg	Aphyllanthes monspeliensis	Aphyllanthes monspeliensis	0.9607843137254902	Scilla monophyllos	0.00784313725490196	Cerastium semidecandrum	0.0	Theligonum cynocrambe	0.0	Arctotheca calendula	0.0
Helosciadium_nodiflorum_kz17.jpg	Apium nodiflorum	Apium nodiflorum	0.8156862745098039	Berula erecta	0.10980392156862745	Apium graveolens	0.043137254901960784	Sanicula europaea	0.00392156862745098	Cerastium semidecandrum	0.0
Aquilegia_vulgaris_-_Harilik_kurekell.jpg	Aquilegia vulgaris	Anchusa azurea	0.23529411764705882	Centaurea cyanus	0.08235294117647059	Echium vulgare	0.058823529411764705	Delphinium halteratum	0.03137254901960784	Echium creticum	0.023529411764705882
Arabidopsis_thaliana.jpg	Arabidopsis thaliana	Arabidopsis thaliana	0.807843137254902	Cardamine flexuosa	0.0392156862745098	Diplotaxis muralis	0.03137254901960784	Draba muralis	0.027450980392156862	Cochlearia danica	0.0196078431372549
Arabis_caucasica_002.JPG	Arabis verna	Lobularia maritima	0.30980392156862746	Arenaria montana	0.17254901960784313	Cardamine pratensis	0.10588235294117647	Calepina irregularis	0.047058823529411764	Oxalis debilis	0.027450980392156862
Arbouses.jpg	Arbutus unedo	Arbutus unedo	0.8705882352941177	Cotula coronopifolia	0.023529411764705882	Tanacetum vulgare	0.01568627450980392	Pulicaria vulgaris	0.011764705882352941	Canna indica	0.00392156862745098
Arctium_minus_corimbo.jpg	Arctium minus	Arctium minus	0.8509803921568627	Xanthium strumarium	0.00784313725490196	Sparganium emersum	0.00784313725490196	Carduus tenuiflorus	0.00392156862745098	Notobasis syriaca	0.00392156862745098
Arctotheca_calendula_2.JPG	Arctotheca calendula	Arctotheca calendula	0.8980392156862745	Leontodon tuberosus	0.00784313725490196	Tolpis barbata	0.00392156862745098	Carlina racemosa	0.00392156862745098	Reichardia gaditana	0.00392156862745098
Arenaria_serpyllifolia-ssp-leptoclados_brasles_02_19052002_8.JPG	Arenaria leptoclados	Arenaria serpyllifolia	0.37254901960784315	Arenaria leptoclados	0.37254901960784315	Moehringia trinervia	0.09019607843137255	Spergularia marina	0.0392156862745098	Cerastium semidecandrum	0.01568627450980392
Arenaria_montana_2.jpg	Arenaria montana	Arenaria montana	0.8117647058823529	Anemone nemorosa	0.09803921568627451	Cistus salviifolius	0.03137254901960784	Halimium umbellatum	0.023529411764705882	Convolvulus lineatus	0.00784313725490196
Arenaria.serpyllifolia1web.jpg	Arenaria serpyllifolia	Arenaria serpyllifolia	0.36470588235294116	Arenaria leptoclados	0.1803921568627451	Saxifraga tridactylites	0.11372549019607843	Cerastium brachypetalum	0.054901960784313725	Thymus mastichina	0.050980392156862744
Argyrolobium_zanonii_2007_057.JPG	Argyrolobium zanonii	Ononis ramosissima	0.17254901960784313	Lotus creticus	0.15294117647058825	Argyrolobium zanonii	0.13725490196078433	Ulex europaeus	0.12156862745098039	Stauracanthus genistoides	0.0392156862745098
SERRA_DE_AIRE_-_Arisarum_simorrhinum_Durieu.jpg	Arisarum simorrhinum	Arisarum simorrhinum	0.9725490196078431	Aristolochia paucinervis	0.011764705882352941	Epipactis tremolsii	0.00784313725490196	Cerastium semidecandrum	0.0	Theligonum cynocrambe	0.0
Aristoloquia_%28Aristolochia_baetica%29_en_M%C3%A1laga.jpg	Aristolochia baetica	Aristolochia baetica	0.9333333333333333	Aristolochia pistolochia	0.06274509803921569	Cerastium semidecandrum	0.0	Theligonum cynocrambe	0.0	Arctotheca calendula	0.0
Aristolochia_paucinervis_Habitus_12April2009_DehesaBoyaldePuertollano.jpg	Aristolochia paucinervis	Aristolochia paucinervis	0.5411764705882353	Doronicum plantagineum	0.09411764705882353	Aristolochia pistolochia	0.058823529411764705	Scrophularia frutescens	0.03137254901960784	Valeriana montana	0.0196078431372549
Aristolochia_pistolochia1.jpg	Aristolochia pistolochia	Aristolochia pistolochia	0.996078431372549	Cerastium semidecandrum	0.0	Theligonum cynocrambe	0.0	Arctotheca calendula	0.0	Lathyrus pratensis	0.0
Armeria_maritima_Dunnet_Head.jpg	Armeria maritima	Armeria maritima	0.6352941176470588	Armeria arenaria	0.3137254901960784	Armeria pungens	0.0196078431372549	Allium roseum	0.00392156862745098	Knautia nevadensis	0.00392156862745098
Plumbaginaceae_-_Armeria_pungens.jpg	Armeria pungens	Armeria pungens	0.9647058823529412	Sedum mucizonia	0.00392156862745098	Globularia alypum	0.00392156862745098	Cerastium semidecandrum	0.0	Theligonum cynocrambe	0.0
Arnoseris_minima_kz04.jpg	Arnoseris minima	Arnoseris minima	0.9921568627450981	Hieracium laevigatum	0.00392156862745098	Hypochaeris glabra	0.00392156862745098	Cerastium semidecandrum	0.0	Theligonum cynocrambe	0.0
Glanshaver_plant_Arrhenatherum_elatius.jpg	Arrhenatherum elatius	Elymus caninus	0.8823529411764706	Brachypodium sylvaticum	0.027450980392156862	Cymodocea nodosa	0.01568627450980392	Ornithogalum pyrenaicum	0.011764705882352941	Calamagrostis arundinacea	0.011764705882352941
Mrzezyno_Artemisia_campestris_littoral_sprout_2010.jpg	Artemisia campestris	Artemisia campestris	0.3607843137254902	Spiraea hypericifolia	0.2	Fumaria parviflora	0.0784313725490196	Adenocarpus hispanicus	0.06274509803921569	Suaeda vera	0.03529411764705882
Artemisia_verlotiorum_-_Botanischer_Garten_Mainz_IMG_5511.JPG	Artemisia verlotiorum	Artemisia verlotiorum	0.7411764705882353	Artemisia vulgaris	0.11372549019607843	Physospermum cornubiense	0.054901960784313725	Agrostis stolonifera	0.0196078431372549	Daphne gnidium	0.011764705882352941
ArtemisiaVulgaris.jpg	Artemisia vulgaris	Spiraea hypericifolia	0.7647058823529411	Artemisia vulgaris	0.027450980392156862	Artemisia campestris	0.0196078431372549	Bidens tripartita	0.01568627450980392	Salix repens	0.011764705882352941
Arum_cylindraceum1.JPG	Arum cylindraceum	Arum cylindraceum	0.20784313725490197	Gennaria diphylla	0.12941176470588237	Calamagrostis arundinacea	0.03137254901960784	Ophrys fusca	0.027450980392156862	Centaurium maritimum	0.023529411764705882
Flor_de_Arum_italicum.jpg	Arum italicum	Arum italicum	0.9294117647058824	Datura stramonium	0.0196078431372549	Zantedeschia aethiopica	0.00784313725490196	Cerastium semidecandrum	0.0	Theligonum cynocrambe	0.0
Arundo.donax2web.jpg	Arundo donax	Arundo donax	0.996078431372549	Acacia melanoxylon	0.00392156862745098	Cerastium semidecandrum	0.0	Theligonum cynocrambe	0.0	Arctotheca calendula	0.0
Asparagus_acutifolius_frutos.jpg	Asparagus acutifolius	Asparagus acutifolius	0.5450980392156862	Asparagus aphyllus	0.3411764705882353	Genista anglica	0.03529411764705882	Medicago marina	0.011764705882352941	Paronychia argentea	0.00784313725490196
Art%C3%A0_-_Ermita_de_Betlem_-_Asparagus_albus_03_ies.jpg	Asparagus albus	Asparagus albus	0.9333333333333333	Salsola soda	0.011764705882352941	Adenocarpus telonensis	0.011764705882352941	Calicotome villosa	0.00784313725490196	Fagonia cretica	0.00392156862745098
Malta_-_Mellieha_-_Triq_l-Armier_-_Asparagus_aphyllus_01_ies.jpg	Asparagus aphyllus	Rumex pulcher	0.17254901960784313	Asparagus acutifolius	0.09803921568627451	Rumex induratus	0.058823529411764705	Dittrichia graveolens	0.054901960784313725	Wolffia arrhiza	0.047058823529411764
Asperula_aristata_RF.jpg	Asperula aristata	Asperula aristata	0.9725490196078431	Dorycnopsis gerardi	0.0196078431372549	Cerastium semidecandrum	0.0	Theligonum cynocrambe	0.0	Arctotheca calendula	0.0
Asperula_arvensis1.jpg	Asperula arvensis	Jasione laevis	0.22745098039215686	Scilla peruviana	0.10980392156862745	Jasione montana	0.10980392156862745	Carduncellus caeruleus	0.06274509803921569	Jasione maritima	0.03137254901960784
Asphodelus_aestivus.jpg	Asphodelus aestivus	Asphodelus ramosus	0.5058823529411764	Asphodelus macrocarpus	0.3568627450980392	Iris albicans	0.023529411764705882	Asphodelus serotinus	0.023529411764705882	Narcissus papyraceus	0.0196078431372549
Asphodelus_albus.004_-_A_Coru%C3%B1a.jpg	Asphodelus albus	Asphodelus albus	0.4588235294117647	Asphodelus ramosus	0.22745098039215686	Asphodelus aestivus	0.1568627450980392	Asphodelus macrocarpus	0.0392156862745098	Asphodelus serotinus	0.03529411764705882
Asphodelus_fistulosus_%28flowers%29.jpg	Asphodelus fistulosus	Asphodelus fistulosus	0.5843137254901961	Asphodelus ramosus	0.2901960784313726	Asphodelus serotinus	0.054901960784313725	Asphodelus aestivus	0.023529411764705882	Asphodelus albus	0.011764705882352941
Asphodelus_macrocarpus_%281%29.jpg	Asphodelus macrocarpus	Asphodelus macrocarpus	0.5686274509803921	Asphodelus albus	0.2823529411764706	Asphodelus ramosus	0.023529411764705882	Lysimachia ephemerum	0.00784313725490196	Draba muralis	0.00784313725490196
Asphodelus_ramosus_in_Haifa.jpg	Asphodelus ramosus	Asphodelus ramosus	0.8117647058823529	Asphodelus fistulosus	0.047058823529411764	Asphodelus albus	0.043137254901960784	Asphodelus serotinus	0.01568627450980392	Asphodelus macrocarpus	0.00784313725490196
Asplenium_adiantum-nigrum_030208.jpg	Asplenium adiantum-nigrum	Asplenium adiantum-nigrum	0.8313725490196079	Cystopteris fragilis	0.06274509803921569	Asplenium onopteris	0.054901960784313725	Asplenium marinum	0.00784313725490196	Davallia canariensis	0.00784313725490196
Asplenium_marinum_001.JPG	Asplenium marinum	Asplenium marinum	0.4666666666666667	Asplenium trichomanes	0.41568627450980394	Asplenium obovatum	0.011764705882352941	Pteridium aquilinum	0.00784313725490196	Dryopteris affinis	0.00392156862745098
Asplenium_onopteris_1.jpg	Asplenium onopteris	Asplenium onopteris	0.8274509803921568	Asplenium adiantum-nigrum	0.054901960784313725	Davallia canariensis	0.043137254901960784	Polystichum setiferum	0.011764705882352941	Dryopteris dilatata	0.00784313725490196
Petrarchae.jpg	Asplenium petrarchae	Sanguisorba minor	0.5686274509803921	Asplenium obovatum	0.08627450980392157	Asplenium petrarchae	0.058823529411764705	Cystopteris fragilis	0.0392156862745098	Erucastrum nasturtiifolium	0.03137254901960784
Asplenium_ruta_muraria2.jpg	Asplenium ruta-muraria	Asplenium ruta-muraria	0.9882352941176471	Polycarpon tetraphyllum	0.00784313725490196	Cerastium semidecandrum	0.0	Theligonum cynocrambe	0.0	Arctotheca calendula	0.0
Asplenium_septentrionale_2005.07.11_11.35.02-p7110215.jpg	Asplenium septentrionale	Asplenium septentrionale	0.9882352941176471	Cerastium semidecandrum	0.0	Theligonum cynocrambe	0.0	Arctotheca calendula	0.0	Lathyrus pratensis	0.0
Asplenium_trichomanes_subsp_quadrivalens.jpg	Asplenium trichomanes	Asplenium trichomanes	0.4196078431372549	Dryopteris affinis	0.09019607843137255	Asplenium marinum	0.054901960784313725	Asplenium obovatum	0.054901960784313725	Polystichum setiferum	0.03137254901960784
Pampilho-aqu%C3%A1tico_%282462845692%29.jpg	Asteriscus aquaticus	Asteriscus aquaticus	0.9450980392156862	Euphorbia exigua	0.00392156862745098	Pallenis spinosa	0.00392156862745098	Reseda lutea	0.00392156862745098	Cerastium semidecandrum	0.0
Astragalus_glycyphyllos_fruit.jpg	Astragalus glycyphyllos	Astragalus glycyphyllos	0.7607843137254902	Astragalus hamosus	0.03529411764705882	Trifolium ochroleucon	0.00784313725490196	Trifolium glomeratum	0.00784313725490196	Galega officinalis	0.00784313725490196
Gon%C3%AE_%28Astragalus_hamosus%29.jpg	Astragalus hamosus	Ononis pusilla	0.37254901960784315	Aira caryophyllea	0.16470588235294117	Genista hirsuta	0.12941176470588237	Anthoxanthum aristatum	0.07058823529411765	Picnomon acarna	0.043137254901960784
Astragalus_tragacantha_4.jpg	Astragalus tragacantha	Astragalus tragacantha	0.996078431372549	Cerastium semidecandrum	0.0	Theligonum cynocrambe	0.0	Arctotheca calendula	0.0	Lathyrus pratensis	0.0
Athyrium_filix-femina0.jpg	Athyrium filix-femina	Polystichum setiferum	0.07450980392156863	Dryopteris affinis	0.07450980392156863	Athyrium filix-femina	0.06666666666666667	Thelypteris palustris	0.047058823529411764	Dryopteris expansa	0.047058823529411764
Atriplex_halimus_kz2.JPG	Atriplex halimus	Atriplex halimus	0.7764705882352941	Mercurialis tomentosa	0.21176470588235294	Halimium halimifolium	0.00784313725490196	Cerastium semidecandrum	0.0	Theligonum cynocrambe	0.0
UitstaandeMeldeSorinnesDSCN4516.JPG	Atriplex patula	Reseda lutea	0.3058823529411765	Dittrichia graveolens	0.27058823529411763	Dittrichia viscosa	0.09411764705882353	Reseda alba	0.07450980392156863	Camelina microcarpa	0.07450980392156863
Atriplex_prostrata_2017-09-16_4066.jpg	Atriplex prostrata	Atriplex patula	0.8196078431372549	Atriplex prostrata	0.1568627450980392	Fallopia convolvulus	0.00392156862745098	Smilax aspera	0.00392156862745098	Cerastium semidecandrum	0.0
Poaceae_-_Avena_barbata_%288304690940%29.jpg	Avena barbata	Avena barbata	0.30196078431372547	Avena sterilis	0.30196078431372547	Avena fatua	0.30196078431372547	Avena sativa	0.047058823529411764	Bromus tectorum	0.00784313725490196
Avena_May_2010-3.jpg	Avena fatua	Avena barbata	0.27058823529411763	Melica minuta	0.27058823529411763	Avena fatua	0.13333333333333333	Avena sterilis	0.10588235294117647	Melica ciliata	0.027450980392156862
Avena_sativa_L.jpg	Avena sativa	Avena sativa	0.6313725490196078	Phragmites australis	0.058823529411764705	Arundo donax	0.047058823529411764	Avena sterilis	0.03137254901960784	Cladium mariscus	0.0196078431372549
Water_Fern_Azolla_filiculoides_%286165580451%29.jpg	Azolla filiculoides	Myriophyllum spicatum	0.17254901960784313	Azolla filiculoides	0.17254901960784313	Myriophyllum verticillatum	0.058823529411764705	Spirodela polyrhiza	0.047058823529411764	Achillea millefolium	0.023529411764705882
BaldelliaRanunculoides3.jpg	Baldellia ranunculoides	Alisma lanceolatum	0.7019607843137254	Baldellia ranunculoides	0.27450980392156865	Baldellia repens	0.011764705882352941	Alisma plantago-aquatica	0.011764705882352941	Cerastium semidecandrum	0.0
BaldelliaRanunculoides.jpg	Baldellia repens	Baldellia ranunculoides	0.7333333333333333	Alisma lanceolatum	0.2	Alisma plantago-aquatica	0.0392156862745098	Baldellia repens	0.011764705882352941	Sparganium emersum	0.00784313725490196
Ballota_hirsuta_flowers.jpg	Ballota hirsuta	Ballota hirsuta	0.6705882352941176	Stachys sylvatica	0.12941176470588237	Nepeta tuberosa	0.011764705882352941	Rumex bucephalophorus	0.00784313725490196	Myriophyllum spicatum	0.00392156862745098
Ballota_nigra_2005.06.19_10.13.06-p6190007.jpg	Ballota nigra	Ballota nigra	0.788235294117647	Lamium maculatum	0.06666666666666667	Glechoma hederacea	0.06666666666666667	Teucrium scordium	0.00784313725490196	Galeopsis tetrahit	0.00784313725490196
Barbarea_intermedia_03.jpg	Barbarea intermedia	Barbarea intermedia	0.6901960784313725	Sisymbrium austriacum	0.14901960784313725	Barbarea vulgaris	0.03137254901960784	Euphorbia esula	0.011764705882352941	Medicago falcata	0.00784313725490196
%28MHNT%29_Barbarea_vulgaris_-_Habit.jpg	Barbarea vulgaris	Barbarea intermedia	0.6039215686274509	Barbarea verna	0.23529411764705882	Barbarea vulgaris	0.12941176470588237	Senecio doria	0.01568627450980392	Cerastium semidecandrum	0.0
Kochia_aka_Fire_bush_7128.JPG	Bassia scoparia	Bassia scoparia	0.984313725490196	Equisetum arvense	0.00784313725490196	Cerastium semidecandrum	0.0	Theligonum cynocrambe	0.0	Arctotheca calendula	0.0
Bellisannua1.jpg	Bellis annua	Bellis annua	0.3803921568627451	Convolvulus tricolor	0.06666666666666667	Bellis perennis	0.058823529411764705	Chamaemelum fuscatum	0.03529411764705882	Erigeron karvinskianus	0.0196078431372549
Belis_peremnis_-_panoramio.jpg	Bellis perennis	Bellis perennis	0.3607843137254902	Bellis annua	0.12549019607843137	Erigeron karvinskianus	0.08627450980392157	Bellis sylvestris	0.03137254901960784	Trifolium repens	0.00784313725490196
Bellis_2007-1.jpg	Bellis sylvestris	Bellis perennis	0.48627450980392156	Bellis sylvestris	0.48627450980392156	Erigeron karvinskianus	0.011764705882352941	Bellis annua	0.00784313725490196	Leucanthemum ircutianum	0.00392156862745098
Beta_vulgaris_maritima02.jpg	Beta maritima	Beta maritima	0.11764705882352941	Scrophularia frutescens	0.03529411764705882	Datura stramonium	0.03529411764705882	Barbarea vulgaris	0.03137254901960784	Euphorbia hyberna	0.0196078431372549
Betula_pubescens_-_Burgwald_002.jpg	Betula pubescens	Salix fragilis	0.3607843137254902	Olea europaea	0.2	Fraxinus angustifolia	0.1568627450980392	Castanea sativa	0.043137254901960784	Platanus hispanica	0.023529411764705882
Bidens_aurea_%289471534051%29.jpg	Bidens aurea	Bidens aurea	0.9019607843137255	Tanacetum corymbosum	0.00784313725490196	Ranunculus bullatus	0.00392156862745098	Gazania rigens	0.00392156862745098	Acacia melanoxylon	0.00392156862745098
Bidens_frondosa.jpg	Bidens frondosa	Bidens frondosa	0.6	Bidens pilosa	0.043137254901960784	Rorippa palustris	0.03529411764705882	Barbarea intermedia	0.027450980392156862	Alyssum alyssoides	0.027450980392156862
Bidens_pilosa-Silent_Valley-2016-08-13-001.jpg	Bidens pilosa	Bidens pilosa	0.9529411764705882	Bidens aurea	0.00784313725490196	Galinsoga parviflora	0.00392156862745098	Anacyclus clavatus	0.00392156862745098	Chamaemelum fuscatum	0.00392156862745098
Bituminaria_bituminosa_flower.jpg	Bituminaria bituminosa	Bituminaria bituminosa	0.9490196078431372	Medicago sativa	0.00784313725490196	Polygala vulgaris	0.00392156862745098	Centaurea calcitrapa	0.00392156862745098	Trifolium medium	0.00392156862745098
Yellow-wort._Blackstonia_perfoliata._Gentianaceae_%2832287314168%29.jpg	Blackstonia acuminata	Blackstonia perfoliata	0.6431372549019608	Blackstonia acuminata	0.3568627450980392	Cerastium semidecandrum	0.0	Theligonum cynocrambe	0.0	Arctotheca calendula	0.0
Blackstonia_perfoliata1.jpg	Blackstonia perfoliata	Blackstonia perfoliata	0.6705882352941176	Blackstonia acuminata	0.23137254901960785	Lathyrus aphaca	0.00784313725490196	Tragopogon dubius	0.00392156862745098	Lotus pedunculatus	0.00392156862745098
Bolboschoenus_yagara.jpeg	Bolboschoenus glaucus	Bolboschoenus maritimus	0.596078431372549	Bolboschoenus glaucus	0.29411764705882354	Schoenoplectus triqueter	0.043137254901960784	Schoenoplectus lacustris	0.03137254901960784	Cyperus esculentus	0.00392156862745098
BolboschoenusMaritimus2.jpg	Bolboschoenus maritimus	Bolboschoenus maritimus	0.5490196078431373	Bolboschoenus glaucus	0.27058823529411763	Cyperus longus	0.08235294117647059	Cyperus rotundus	0.03529411764705882	Schoenoplectus lacustris	0.011764705882352941
Bombycilaena_erecta_1_%28Espagne%29.jpg	Bombycilaena erecta	Bombycilaena erecta	0.8549019607843137	Cakile maritima	0.00784313725490196	Otanthus maritimus	0.00784313725490196	Arctotheca calendula	0.00392156862745098	Teucrium capitatum	0.00392156862745098
Borage_starflower_Rohtopurasruoho_01.jpg	Borago officinalis	Borago officinalis	0.9725490196078431	Onosma tricerosperma	0.00392156862745098	Cerastium semidecandrum	0.0	Theligonum cynocrambe	0.0	Arctotheca calendula	0.0
Brachypodium_distachyon_Bd21-3.jpg	Brachypodium distachyon	Anthoxanthum aristatum	0.26666666666666666	Bromus madritensis	0.23921568627450981	Bromus catharticus	0.14901960784313725	Vulpia bromoides	0.03529411764705882	Holcus mollis	0.027450980392156862
Brachypodium_retusum_hivern_Canyelles.jpg	Brachypodium retusum	Brachypodium retusum	0.34509803921568627	Elymus athericus	0.10588235294117647	Vulpia bromoides	0.09411764705882353	Taeniatherum caput-medusae	0.08235294117647059	Hordeum secalinum	0.06666666666666667
Brachypodium_sylvaticum_hivern.jpg	Brachypodium sylvaticum	Luzula sylvatica	0.25098039215686274	Brachypodium sylvaticum	0.13725490196078433	Salix babylonica	0.08627450980392157	Calamagrostis arundinacea	0.06666666666666667	Woodwardia radicans	0.058823529411764705
Brassica_oleracea0.jpg	Brassica oleracea	Centaurea sphaerocephala	0.4235294117647059	Ecballium elaterium	0.1843137254901961	Beta maritima	0.12941176470588237	Hyoscyamus albus	0.03529411764705882	Verbascum sinuatum	0.0196078431372549
Starr_050530-2059_Briza_maxima.jpg	Briza maxima	Briza maxima	0.8431372549019608	Briza media	0.03529411764705882	Bromus squarrosus	0.027450980392156862	Honckenya peploides	0.011764705882352941	Briza minor	0.00784313725490196
Briza_media.jpg	Briza media	Bromus madritensis	0.20784313725490197	Briza minor	0.050980392156862744	Silene scabriflora	0.03529411764705882	Briza media	0.03137254901960784	Setaria viridis	0.027450980392156862
Briza_minor3.jpg	Briza minor	Briza minor	0.9372549019607843	Euphorbia paniculata	0.00392156862745098	Briza media	0.00392156862745098	Poa supina	0.00392156862745098	Cerastium semidecandrum	0.0
Starr_080418-4233_Bromus_catharticus.jpg	Bromus catharticus	Bromus catharticus	0.9568627450980393	Bromus racemosus	0.023529411764705882	Bromus squarrosus	0.00784313725490196	Cerastium semidecandrum	0.0	Theligonum cynocrambe	0.0
Bromusdiandrus.jpg	Bromus diandrus	Bromus madritensis	0.14901960784313725	Brachypodium retusum	0.14901960784313725	Vulpia myuros	0.09411764705882353	Elymus repens	0.050980392156862744	Bromus catharticus	0.0392156862745098
Zachte_dravik_in_bloei_Bromus_mollis.jpg	Bromus hordeaceus	Poa pratensis	0.17647058823529413	Poa supina	0.10980392156862745	Poa trivialis	0.09803921568627451	Agrostis capillaris	0.043137254901960784	Arrhenatherum elatius	0.0392156862745098
Bromus_racemosus.jpg	Bromus racemosus	Piptatherum miliaceum	0.7529411764705882	Molinia caerulea	0.06274509803921569	Elymus caninus	0.050980392156862744	Cryptomeria japonica	0.0392156862745098	Festuca rubra	0.01568627450980392
Bromus_ramosus_IP0706072.JPG	Bromus ramosus	Bromus ramosus	0.8627450980392157	Bromus sterilis	0.058823529411764705	Bromus catharticus	0.011764705882352941	Bromus racemosus	0.00784313725490196	Brachypodium sylvaticum	0.00784313725490196
Bromus-rubens-20080327.JPG	Bromus rubens	Bromus madritensis	0.403921568627451	Bromus diandrus	0.403921568627451	Bromus tectorum	0.06274509803921569	Avena sterilis	0.027450980392156862	Bromus sterilis	0.01568627450980392
Bromus_squarrosus_NRCS-1.jpg	Bromus squarrosus	Bromus squarrosus	0.16862745098039217	Bromus catharticus	0.07450980392156863	Paeonia officinalis	0.043137254901960784	Bromus racemosus	0.03529411764705882	Helianthus annuus	0.03529411764705882
Bromus_sterilis_detail.jpeg	Bromus sterilis	Bromus sterilis	0.3137254901960784	Bromus tectorum	0.13725490196078433	Bromus racemosus	0.13725490196078433	Bromus diandrus	0.09803921568627451	Bromus catharticus	0.058823529411764705
P1000627_Bryonia_dioica_%28Cucurbitaceae%29_Plant.JPG	Bryonia dioica	Ficus carica	0.8431372549019608	Tetragonia tetragonoides	0.03137254901960784	Urtica dioica	0.01568627450980392	Acer monspessulanum	0.011764705882352941	Cistus populifolius	0.011764705882352941
BuddlejaDavidiiStrauch.jpg	Buddleja davidii	Buddleja davidii	0.7019607843137254	Pimpinella major	0.03529411764705882	Verbena bonariensis	0.03529411764705882	Eupatorium cannabinum	0.011764705882352941	Erica australis	0.011764705882352941
Lithospermum_arvense_W.jpg	Buglossoides arvensis	Buglossoides arvensis	0.9921568627450981	Cerastium semidecandrum	0.0	Theligonum cynocrambe	0.0	Arctotheca calendula	0.0	Lathyrus pratensis	0.0
Bunias_orientalis_eF.jpg	Bunias erucago	Crepis pulchra	0.09411764705882353	Glyceria fluitans	0.06666666666666667	Rapistrum rugosum	0.058823529411764705	Bunias erucago	0.047058823529411764	Lapsana communis	0.027450980392156862
Bunium_bulbocatstanum_RH._%283%29.jpg	Bunium bulbocastanum	Oenanthe pimpinelloides	0.8313725490196079	Oenanthe crocata	0.09019607843137255	Bunium bulbocastanum	0.0196078431372549	Daucus carota	0.011764705882352941	Berula erecta	0.00784313725490196
Bupleurum_fruticosum3.jpg	Bupleurum fruticosum	Bupleurum fruticosum	1.0	Cerastium semidecandrum	0.0	Theligonum cynocrambe	0.0	Arctotheca calendula	0.0	Lathyrus pratensis	0.0
Bupleurum_rotundifolium_Llez_001.jpg	Bupleurum rigidum	Euphorbia serrata	0.0392156862745098	Bupleurum rigidum	0.03529411764705882	Lathyrus aphaca	0.023529411764705882	Lonicera etrusca	0.023529411764705882	Euphorbia angulata	0.023529411764705882
Bupleurum_tenuissimum.jpeg	Bupleurum tenuissimum	Bupleurum tenuissimum	0.9921568627450981	Linum strictum	0.00784313725490196	Juncus tenuis	0.00392156862745098	Cerastium semidecandrum	0.0	Theligonum cynocrambe	0.0
Butomus_umbellatus_-_harilik_luigelill_Keilas.jpg	Butomus umbellatus	Butomus umbellatus	0.3607843137254902	Asperula aristata	0.07058823529411765	Retama monosperma	0.06274509803921569	Cynanchum acutum	0.03137254901960784	Allium roseum	0.0196078431372549
Buxus_sempervirens.jpg	Buxus sempervirens	Salix babylonica	0.24313725490196078	Salix fragilis	0.21568627450980393	Cryptomeria japonica	0.13725490196078433	Taxus baccata	0.12156862745098039	Salix viminalis	0.043137254901960784
Cakile-maritima-%28eurMeersenf%29_1.jpg	Cakile maritima	Spergularia purpurea	0.34901960784313724	Silene littorea	0.13333333333333333	Carpobrotus edulis	0.08627450980392157	Convolvulus althaeoides	0.06666666666666667	Spergularia rupicola	0.047058823529411764
Calamagrostis.arundinacea.jpg	Calamagrostis arundinacea	Arrhenatherum elatius	0.34901960784313724	Molinia caerulea	0.15294117647058825	Anthoxanthum aristatum	0.10588235294117647	Calamagrostis arundinacea	0.10588235294117647	Gaudinia fragilis	0.09411764705882353
Calendula_January_2008-1_filtered.jpg	Calendula arvensis	Calendula suffruticosa	0.1843137254901961	Coleostephus myconis	0.11372549019607843	Calendula arvensis	0.10196078431372549	Sonchus tenerrimus	0.08235294117647059	Pulicaria dysenterica	0.06274509803921569
Calicotome_villosa3.JPG	Calicotome villosa	Cytisus oromediterraneus	0.30980392156862746	Ulex europaeus	0.30980392156862746	Calicotome villosa	0.17254901960784313	Lotus creticus	0.058823529411764705	Ononis ramosissima	0.03529411764705882
Fig._07_Callitriche_brutia%2C_C._lustianica.jpg	Callitriche brutia	Ranunculus ololeucos	0.21176470588235294	Teesdalia nudicaulis	0.07450980392156863	Teesdalia coronopifolia	0.058823529411764705	Bupleurum fruticosum	0.047058823529411764	Rorippa sylvestris	0.027450980392156862
Callitrichestagnalis.jpg	Callitriche stagnalis	Callitriche stagnalis	0.4588235294117647	Callitriche brutia	0.09019607843137255	Galium rotundifolium	0.09019607843137255	Galium saxatile	0.0392156862745098	Centunculus minimus	0.027450980392156862
CallunaVulgaris.jpg	Calluna vulgaris	Erica australis	0.9215686274509803	Calluna vulgaris	0.0196078431372549	Erica umbellata	0.0196078431372549	Erica scoparia	0.00392156862745098	Erica erigena	0.00392156862745098
Caltha_palustris_plant.JPG	Caltha palustris	Caltha palustris	0.9921568627450981	Cerastium semidecandrum	0.0	Theligonum cynocrambe	0.0	Arctotheca calendula	0.0	Lathyrus pratensis	0.0
Calystegia_April_2008-1.jpg	Calystegia sepium	Calystegia sepium	0.44313725490196076	Calystegia silvatica	0.19607843137254902	Convolvulus lineatus	0.058823529411764705	Convolvulus arvensis	0.01568627450980392	Cistus ladanifer	0.011764705882352941
Calystegia_silvatica.jpg	Calystegia silvatica	Calystegia sepium	0.4	Calystegia silvatica	0.3176470588235294	Alcea rosea	0.027450980392156862	Convolvulus arvensis	0.011764705882352941	Zantedeschia aethiopica	0.00784313725490196
Calystegia_soldanella_060524wb.jpg	Calystegia soldanella	Calystegia soldanella	0.4196078431372549	Convolvulus arvensis	0.16470588235294117	Convolvulus lineatus	0.09019607843137255	Convolvulus althaeoides	0.03529411764705882	Calystegia silvatica	0.027450980392156862
Camelina_microcarpa_NPS-1.jpg	Camelina microcarpa	Camelina microcarpa	0.9764705882352941	Asphodelus serotinus	0.00784313725490196	Thlaspi arvense	0.00392156862745098	Samolus valerandi	0.00392156862745098	Cerastium semidecandrum	0.0
Campanula_erinus_kz1.JPG	Campanula erinus	Myosotis persoonii	0.12941176470588237	Campanula erinus	0.10196078431372549	Cerastium brachypetalum	0.0784313725490196	Galium murale	0.07058823529411765	Myosotis discolor	0.050980392156862744
Campanula_lusitanica_20140501.jpg	Campanula lusitanica	Campanula lusitanica	0.8784313725490196	Campanula rapunculus	0.03137254901960784	Aquilegia vulgaris	0.01568627450980392	Linaria triornithophora	0.00392156862745098	Knautia nevadensis	0.00392156862745098
Campanulaceae_-_Campanula_rapunculus-5.JPG	Campanula rapunculus	Campanula rapunculus	0.43137254901960786	Centaurium pulchellum	0.06666666666666667	Ornithogalum narbonense	0.047058823529411764	Trachelium caeruleum	0.0196078431372549	Centaurium erythraea	0.0196078431372549
Cinnamon-bellied_flowerpiercer_%28Diglossa_baritula%29_male_on_Indian_shot_%28Canna_indica%29_Finca_El_Pilar.jpg	Canna indica	Canna indica	0.16470588235294117	Juncus bulbosus	0.058823529411764705	Sedum rubens	0.03137254901960784	Serapias cordigera	0.023529411764705882	Butomus umbellatus	0.0196078431372549
A_Field_of_Shepherd%E2%80%99s-purse.jpg	Capsella bursa-pastoris	Galium mollugo	0.24313725490196078	Capsella bursa-pastoris	0.21568627450980393	Lepidium virginicum	0.16862745098039217	Calepina irregularis	0.047058823529411764	Corrigiola litoralis	0.047058823529411764
Cardamine_flexuosa_eF.jpg	Cardamine flexuosa	Cakile maritima	0.3686274509803922	Cardamine flexuosa	0.23137254901960785	Heliotropium curassavicum	0.09019607843137255	Cardamine parviflora	0.0784313725490196	Seseli tortuosum	0.03529411764705882
Kleine_veldkers_Cardamine_hirsuta_plant.jpg	Cardamine hirsuta	Cardamine hirsuta	0.5607843137254902	Cardamine flexuosa	0.34901960784313724	Cardamine parviflora	0.03137254901960784	Teesdalia nudicaulis	0.00784313725490196	Hornungia petraea	0.00392156862745098
Wiesenschaumkraut_%28Cardamine_pratensis%29-20200416-RM-095356.jpg	Cardamine pratensis	Cardamine pratensis	0.9882352941176471	Cakile maritima	0.00392156862745098	Oxalis latifolia	0.00392156862745098	Cerastium semidecandrum	0.0	Theligonum cynocrambe	0.0
Carduus_pycnocephalus_2.jpg	Carduus pycnocephalus	Carduus pycnocephalus	0.5686274509803921	Carduus tenuiflorus	0.3137254901960784	Cirsium palustre	0.01568627450980392	Carduus platypus	0.01568627450980392	Cirsium vulgare	0.011764705882352941
Carduus_tenuiflorus1.jpg	Carduus tenuiflorus	Carduus pycnocephalus	0.6274509803921569	Carduus tenuiflorus	0.27450980392156865	Notobasis syriaca	0.011764705882352941	Staehelina dubia	0.00392156862745098	Poa bulbosa	0.00392156862745098
CarexArenaria.jpg	Carex arenaria	Carex arenaria	0.3803921568627451	Juncus squarrosus	0.26666666666666666	Juncus tenuis	0.08235294117647059	Cladium mariscus	0.058823529411764705	Carex extensa	0.03529411764705882
Carex_caryophyllea_%28Ankstyvoji_viksva%29001.JPG	Carex caryophyllea	Carex caryophyllea	0.5725490196078431	Anthoxanthum odoratum	0.12549019607843137	Alopecurus myosuroides	0.047058823529411764	Carex sylvatica	0.043137254901960784	Carex distans	0.03529411764705882
Carex.demissa.-.lindsey.jpg	Carex demissa	Carex demissa	0.5372549019607843	Carex extensa	0.10196078431372549	Carex punctata	0.050980392156862744	Carex lepidocarpa	0.047058823529411764	Carex vesicaria	0.03529411764705882
Carex_distans_maennl.jpeg	Carex distans	Carex panicea	0.3137254901960784	Carex caryophyllea	0.19607843137254902	Carex elata	0.07450980392156863	Carex trinervis	0.047058823529411764	Carex nigra	0.043137254901960784
Carex_divisa.jpg	Carex divisa	Carex divisa	0.7607843137254902	Juncus maritimus	0.07058823529411765	Carex muricata	0.0392156862745098	Carex arenaria	0.0392156862745098	Carex divulsa	0.01568627450980392
Carex.echinata.jpg	Carex echinata	Carex echinata	0.7411764705882353	Carex divulsa	0.1411764705882353	Carex muricata	0.0392156862745098	Carex remota	0.023529411764705882	Juncus articulatus	0.00392156862745098
Carex_elata.jpg	Carex elata	Carex caryophyllea	0.2	Alopecurus geniculatus	0.2	Alopecurus aequalis	0.17647058823529413	Anthoxanthum odoratum	0.07058823529411765	Carex elata	0.043137254901960784
Carex_extensa_%281%29.jpg	Carex extensa	Carex extensa	0.7215686274509804	Carex demissa	0.0784313725490196	Carex nigra	0.054901960784313725	Carex lepidocarpa	0.023529411764705882	Carex hirta	0.023529411764705882
Carex_flacca.jpeg	Carex flacca	Paspalum dilatatum	0.9803921568627451	Echinochloa crus-galli	0.01568627450980392	Carex pendula	0.00392156862745098	Carex flacca	0.00392156862745098	Cerastium semidecandrum	0.0
Carex_hirta_utricles.jpg	Carex hirta	Carex hirta	0.4745098039215686	Gomphocarpus fruticosus	0.023529411764705882	Carex pilulifera	0.01568627450980392	Plantago maritima	0.01568627450980392	Carex divulsa	0.01568627450980392
Carex_hispida_kz1.jpg	Carex hispida	Carex divulsa	0.43137254901960786	Deschampsia cespitosa	0.14901960784313725	Melica uniflora	0.11764705882352941	Carex elata	0.06666666666666667	Carex paniculata	0.058823529411764705
Carex_lepidocarpa_inflorescens_%2804%29.jpg	Carex lepidocarpa	Carex demissa	0.7686274509803922	Carex lepidocarpa	0.20784313725490197	Carex extensa	0.00784313725490196	Carex punctata	0.00392156862745098	Carex flacca	0.00392156862745098
Carex.ovalis.2.jpg	Carex leporina	Carex divisa	0.2627450980392157	Carex panicea	0.20784313725490197	Carex leporina	0.058823529411764705	Eleocharis multicaulis	0.050980392156862744	Eleocharis uniglumis	0.023529411764705882
Carex_muricata_-_siiltarn_Keilas.jpg	Carex muricata	Carex muricata	0.7490196078431373	Carex lepidocarpa	0.10196078431372549	Carex echinata	0.03529411764705882	Carex demissa	0.01568627450980392	Juncus capitatus	0.011764705882352941
Carex_nigra.JPG	Carex nigra	Carex nigra	0.7529411764705882	Carex elata	0.23137254901960785	Carex trinervis	0.00784313725490196	Carex riparia	0.00392156862745098	Cerastium semidecandrum	0.0
Carex_panicea_fruchtstand.jpeg	Carex panicea	Carex caryophyllea	0.19607843137254902	Carex trinervis	0.08627450980392157	Carex flacca	0.08627450980392157	Carex riparia	0.08627450980392157	Carex hispida	0.08627450980392157
Carex_paniculata_fruchtstand.jpeg	Carex paniculata	Carex paniculata	0.5647058823529412	Cladium mariscus	0.2196078431372549	Carex muricata	0.17254901960784313	Luzula campestris	0.00784313725490196	Carex divisa	0.00392156862745098
Carex_pendula_1.jpg	Carex pendula	Carex sylvatica	0.4	Carex pseudocyperus	0.35294117647058826	Cyperus esculentus	0.10980392156862745	Cyperus eragrostis	0.023529411764705882	Carex muricata	0.011764705882352941
Carex_pilulifera.jpeg	Carex pilulifera	Carex pilulifera	0.9450980392156862	Carex caryophyllea	0.01568627450980392	Carex panicea	0.01568627450980392	Carex muricata	0.00784313725490196	Carex distans	0.00392156862745098
Carex_pseudocyperus.jpeg	Carex pseudocyperus	Carex pseudocyperus	0.9019607843137255	Setaria faberi	0.00392156862745098	Setaria italica	0.00392156862745098	Carex pendula	0.00392156862745098	Carex vesicaria	0.00392156862745098
Carex_punctata_inflorescens_%283%29.jpg	Carex punctata	Carex demissa	0.23137254901960785	Carex punctata	0.20784313725490197	Carex vesicaria	0.20784313725490197	Carex hirta	0.1843137254901961	Carex distans	0.0196078431372549
Carex_remota_by_stream.jpg	Carex remota	Carex remota	0.6274509803921569	Carex elata	0.30980392156862746	Carex paniculata	0.03529411764705882	Deschampsia cespitosa	0.00784313725490196	Carex divulsa	0.00392156862745098
CarexRiparia1.jpg	Carex riparia	Carex riparia	0.984313725490196	Carex vesicaria	0.00784313725490196	Carex hispida	0.00784313725490196	Cerastium semidecandrum	0.0	Theligonum cynocrambe	0.0
Carex_sylvatica.jpg	Carex sylvatica	Carex sylvatica	0.4980392156862745	Calamagrostis arundinacea	0.19215686274509805	Carex pendula	0.08627450980392157	Elymus caninus	0.07450980392156863	Bromus ramosus	0.03137254901960784
Carex_trinervis_inflorescens_%282%29.jpg	Carex trinervis	Carex riparia	0.4627450980392157	Carex flacca	0.09803921568627451	Bolboschoenus glaucus	0.0784313725490196	Setaria verticillata	0.07058823529411765	Bolboschoenus maritimus	0.03529411764705882
Carex_vesicaria_inflorescense_%2821%29.jpg	Carex vesicaria	Carex vesicaria	0.9098039215686274	Carex hirta	0.01568627450980392	Cynosurus cristatus	0.00784313725490196	Carex flacca	0.00392156862745098	Salix fragilis	0.00392156862745098
Carpobrotus_edulis_on_the_sand_dunes_of_Waimairi_Beach%2C_Christchurch%2C_New_Zealand_05.jpg	Carpobrotus edulis	Carpobrotus edulis	0.9411764705882353	Carlina racemosa	0.011764705882352941	Centaurea pullata	0.00392156862745098	Inula montana	0.00392156862745098	Carlina hispanica	0.00392156862745098
C.carricht.-8.JPG	Carrichtera annua	Carrichtera annua	0.984313725490196	Papaver hybridum	0.00392156862745098	Coincya monensis	0.00392156862745098	Cerastium semidecandrum	0.0	Theligonum cynocrambe	0.0
Carthamus_lanatus_1_bgiu.jpg	Carthamus lanatus	Carthamus lanatus	0.1568627450980392	Scolymus maculatus	0.12156862745098039	Scolymus hispanicus	0.047058823529411764	Notobasis syriaca	0.047058823529411764	Carlina hispanica	0.0392156862745098
Chestnuts.jpg	Castanea sativa	Castanea sativa	0.8549019607843137	Paraserianthes lophantha	0.0196078431372549	Prunus lusitanica	0.01568627450980392	Ricinus communis	0.00784313725490196	Quercus lusitanica	0.00392156862745098
Catananche_caerulea_001.jpg	Catananche caerulea	Catananche caerulea	0.9019607843137255	Bidens aurea	0.011764705882352941	Tragopogon porrifolius	0.00784313725490196	Tragopogon hybridus	0.00392156862745098	Malva tournefortiana	0.00392156862745098
Catapodium_marinum_inflorescence_%282%29.jpg	Catapodium marinum	Torilis nodosa	0.10980392156862745	Catapodium marinum	0.09803921568627451	Lolium perenne	0.09803921568627451	Asplenium marinum	0.08627450980392157	Lolium multiflorum	0.0784313725490196
Catapodium_rigidum_2.jpg	Catapodium rigidum	Anthoxanthum aristatum	0.15294117647058825	Catapodium rigidum	0.07450980392156863	Anthoxanthum odoratum	0.054901960784313725	Bromus madritensis	0.0392156862745098	Vulpia myuros	0.03529411764705882
Centaurea_alba.jpg	Centaurea alba	Centaurea alba	0.5490196078431373	Centaurea aspera	0.07450980392156863	Centaurea paniculata	0.047058823529411764	Centaurea sphaerocephala	0.03529411764705882	Mantisalca salmantica	0.011764705882352941
Centaurea_aspera3.JPG	Centaurea aspera	Centaurea nigra	0.796078431372549	Centaurea paniculata	0.027450980392156862	Centaurea alba	0.023529411764705882	Centaurea sphaerocephala	0.023529411764705882	Cheirolophus sempervirens	0.00784313725490196
Centaurea_calcitrapa_001.jpg	Centaurea calcitrapa	Centaurea calcitrapa	0.3137254901960784	Centaurea ornata	0.0196078431372549	Silybum marianum	0.0196078431372549	Xanthium spinosum	0.01568627450980392	Centaurea melitensis	0.011764705882352941
Centaurea_collina_2.jpg	Centaurea collina	Centaurea collina	0.9529411764705882	Carthamus lanatus	0.023529411764705882	Klasea flavescens	0.00392156862745098	Centaurea ornata	0.00392156862745098	Cerastium semidecandrum	0.0
Centaurea_cyanus_3.jpg	Centaurea cyanus	Centaurea cyanus	0.9725490196078431	Jasione laevis	0.00784313725490196	Catananche caerulea	0.00392156862745098	Cichorium intybus	0.00392156862745098	Cerastium semidecandrum	0.0
Maltese_star_thistle_%28Centaurea_melitensis%29_%285831615942%29.jpg	Centaurea melitensis	Centaurea melitensis	0.8431372549019608	Centaurea ornata	0.011764705882352941	Hispidella hispanica	0.00784313725490196	Trifolium stellatum	0.00784313725490196	Tolpis barbata	0.00392156862745098
Centaurea_nigra-3233.jpg	Centaurea nigra	Centaurea nigra	0.9647058823529412	Cheirolophus sempervirens	0.011764705882352941	Arctium minus	0.00392156862745098	Cerastium semidecandrum	0.0	Theligonum cynocrambe	0.0
Centaurea_pullata_b.JPG	Centaurea ornata	Centaurea pullata	0.9568627450980393	Centaurea aspera	0.00784313725490196	Centaurea sphaerocephala	0.00392156862745098	Cerastium semidecandrum	0.0	Theligonum cynocrambe	0.0
Centaurea_paniculata.JPG	Centaurea paniculata	Centaurea paniculata	0.20392156862745098	Centaurea alba	0.1607843137254902	Centaurea aspera	0.050980392156862744	Centaurea nigra	0.023529411764705882	Centaurea sphaerocephala	0.023529411764705882
Centaurea_pullata_canada_FlowersCloseup_01May2009_CampodeCalatrava.jpg	Centaurea pullata	Centaurea pullata	0.9294117647058824	Centaurea sphaerocephala	0.0392156862745098	Carduus tenuiflorus	0.00392156862745098	Centaurea calcitrapa	0.00392156862745098	Carpobrotus edulis	0.00392156862745098
Flower_April_2010-3.jpg	Centaurea sphaerocephala	Centaurea sphaerocephala	0.9686274509803922	Centaurea nigra	0.00392156862745098	Centaurea paniculata	0.00392156862745098	Centaurea aspera	0.00392156862745098	Cerastium semidecandrum	0.0
Centaurium_erythraea_220603.jpg	Centaurium erythraea	Centaurium erythraea	0.4666666666666667	Centaurium pulchellum	0.4666666666666667	Lythrum junceum	0.011764705882352941	Spergularia purpurea	0.00392156862745098	Hypericum humifusum	0.00392156862745098
Centaurium_erythraea_%28plant%29.jpg	Centaurium maritimum	Centaurium erythraea	0.9333333333333333	Centaurium pulchellum	0.043137254901960784	Cerastium semidecandrum	0.0	Theligonum cynocrambe	0.0	Arctotheca calendula	0.0
CentauriumPulchellum.jpg	Centaurium pulchellum	Centaurium pulchellum	0.7450980392156863	Centaurium erythraea	0.0784313725490196	Spergularia purpurea	0.023529411764705882	Spergularia rubra	0.023529411764705882	Spergularia marina	0.011764705882352941
Centranthus_calcitrapa.JPG	Centranthus calcitrapae	Centranthus calcitrapae	0.9098039215686274	Centranthus ruber	0.06666666666666667	Valeriana montana	0.00784313725490196	Valeriana tuberosa	0.00392156862745098	Cerastium semidecandrum	0.0
GardenValerian.jpg	Centranthus ruber	Centranthus ruber	0.8274509803921568	Angelica sylvestris	0.03137254901960784	Pimpinella major	0.011764705882352941	Ammi visnaga	0.00784313725490196	Daucus carota	0.00784313725490196
Lysimachia_minima.jpg	Centunculus minimus	Rorippa palustris	0.4627450980392157	Barbarea verna	0.1607843137254902	Myosotis laxa	0.054901960784313725	Thesium humifusum	0.050980392156862744	Myosotis discolor	0.043137254901960784
Cephalanthera_longifolia_seglea.jpg	Cephalanthera longifolia	Cephalanthera longifolia	0.7372549019607844	Dactylorhiza insularis	0.054901960784313725	Dactylorhiza elata	0.023529411764705882	Asplenium onopteris	0.01568627450980392	Acanthus mollis	0.011764705882352941
Cephalanthera_rubra_catena-rangeval_55_170602_2.JPG	Cephalanthera rubra	Cephalanthera rubra	0.6666666666666666	Campanula rapunculus	0.00784313725490196	Limodorum abortivum	0.00784313725490196	Dactylorhiza elata	0.00784313725490196	Polystichum setiferum	0.00392156862745098
Caprifoliaceae_-_Cephalaria_leucantha.JPG	Cephalaria leucantha	Cephalaria leucantha	0.12941176470588237	Jasione maritima	0.11372549019607843	Armeria arenaria	0.11372549019607843	Allium subvillosum	0.0784313725490196	Paronychia argentea	0.054901960784313725
Cerastium_brachypetalum_W.jpg	Cerastium brachypetalum	Cerastium brachypetalum	0.8980392156862745	Stellaria neglecta	0.023529411764705882	Cerastium glomeratum	0.00784313725490196	Cerastium diffusum	0.00392156862745098	Kickxia spuria	0.00392156862745098
Cerastium_diffusum_2.jpg	Cerastium diffusum	Arenaria leptoclados	0.6509803921568628	Cerastium diffusum	0.1568627450980392	Cerastium brachypetalum	0.054901960784313725	Arenaria serpyllifolia	0.03529411764705882	Cerastium semidecandrum	0.027450980392156862
Gewone_hoornbloem_R0019819.JPG	Cerastium fontanum	Cerastium fontanum	0.7490196078431373	Cerastium semidecandrum	0.11372549019607843	Cerastium diffusum	0.0392156862745098	Cerastium glomeratum	0.023529411764705882	Stellaria neglecta	0.01568627450980392
%28MHNT%29_Cerastium_glomeratum_-_habitus.jpg	Cerastium glomeratum	Stellaria neglecta	0.12549019607843137	Lycium europaeum	0.10980392156862745	Thymus mastichina	0.0784313725490196	Veronica peregrina	0.07058823529411765	Euphorbia terracina	0.054901960784313725
Cerastium_arvense_-_Acker-Hornkraut_Detail.JPG	Cerastium semidecandrum	Saxifraga fragosoi	0.13333333333333333	Cerastium semidecandrum	0.09411764705882353	Saxifraga granulata	0.09411764705882353	Arenaria montana	0.07450980392156863	Cerastium fontanum	0.050980392156862744
Corydalis_claviculata.jpeg	Ceratocapnos claviculata	Ceratocapnos claviculata	1.0	Cerastium semidecandrum	0.0	Theligonum cynocrambe	0.0	Arctotheca calendula	0.0	Lathyrus pratensis	0.0
Ceratonia_siliqua_Keciboynuzu_1370984_Nevit.jpg	Ceratonia siliqua	Ceratonia siliqua	0.8549019607843137	Salix babylonica	0.01568627450980392	Ficus carica	0.01568627450980392	Aristolochia baetica	0.011764705882352941	Gleditsia triacanthos	0.011764705882352941
Ceratophyllum_demersum.jpg	Ceratophyllum demersum	Myriophyllum aquaticum	0.5607843137254902	Ceratophyllum demersum	0.08627450980392157	Myriophyllum verticillatum	0.0196078431372549	Equisetum arvense	0.011764705882352941	Hordeum geniculatum	0.011764705882352941
Tiddi_n_we%C9%A3yul_-_cerinthe_major.jpg	Cerinthe major	Cerinthe major	0.9294117647058824	Rhinanthus minor	0.00784313725490196	Kickxia spuria	0.00392156862745098	Coronilla scorpioides	0.00392156862745098	Ophrys lutea	0.00392156862745098
Microrrhinum_minus_sl4.jpg	Chaenorhinum minus	Chaenorhinum origanifolium	0.27450980392156865	Chaenorhinum minus	0.12156862745098039	Centaurea ornata	0.027450980392156862	Scrophularia canina	0.023529411764705882	Pulicaria paludosa	0.01568627450980392
Chaenorhinum_origanifolium_001.JPG	Chaenorhinum origanifolium	Spergularia purpurea	0.3215686274509804	Fagonia cretica	0.10980392156862745	Viola bubanii	0.054901960784313725	Legousia hybrida	0.047058823529411764	Disphyma crassifolium	0.03137254901960784
Chamaecyparis_lawsoniana_Dorena1.jpg	Chamaecyparis lawsoniana	Cryptomeria japonica	0.7686274509803922	Salix babylonica	0.10196078431372549	Carex paniculata	0.011764705882352941	Pinus pinaster	0.011764705882352941	Castanea sativa	0.00784313725490196
Chamaerops_humilis_%28Zingaro%29015.jpg	Chamaerops humilis	Chamaerops humilis	0.8509803921568627	Retama sphaerocarpa	0.03137254901960784	Pinus pinea	0.023529411764705882	Phoenix canariensis	0.01568627450980392	Olea europaea	0.00784313725490196
Cheirolophus_crassifolius_flower.jpg	Cheirolophus sempervirens	Mantisalca salmantica	0.43137254901960786	Cirsium filipendulum	0.11764705882352941	Serratula tinctoria	0.050980392156862744	Carduus platypus	0.027450980392156862	Phagnalon rupestre	0.01568627450980392
Melganzenvoet_bloeiwijze_Chenopodium_album.jpg	Chenopodium album	Chenopodium album	0.41568627450980394	Atriplex patula	0.3686274509803922	Poa supina	0.023529411764705882	Chenopodium opulifolium	0.01568627450980392	Chenopodium vulvaria	0.00784313725490196
Chenopodium_opulifolium_sl90.jpg	Chenopodium opulifolium	Chenopodium vulvaria	0.8823529411764706	Chenopodium opulifolium	0.08235294117647059	Chenopodium album	0.01568627450980392	Moricandia arvensis	0.00392156862745098	Atriplex prostrata	0.00392156862745098
Chondrilla_juncea2.jpg	Chondrilla juncea	Chondrilla juncea	0.615686274509804	Polygonum equisetiforme	0.11764705882352941	Cichorium intybus	0.027450980392156862	Foeniculum vulgare	0.023529411764705882	Hirschfeldia incana	0.011764705882352941
ChrozophoraTinctoria.JPG	Chrozophora tinctoria	Chrozophora tinctoria	0.996078431372549	Heliotropium europaeum	0.00392156862745098	Cerastium semidecandrum	0.0	Theligonum cynocrambe	0.0	Arctotheca calendula	0.0
Chryso_opp_NN_RT_2.JPG	Chrysosplenium oppositifolium	Chrysosplenium oppositifolium	0.42745098039215684	Euphorbia helioscopia	0.12941176470588237	Euphorbia amygdaloides	0.03529411764705882	Euphorbia terracina	0.027450980392156862	Euphorbia serrata	0.023529411764705882
Cicendia_filiformis_%28detail%29.jpg	Cicendia filiformis	Cicendia filiformis	0.9647058823529412	Centaurium maritimum	0.027450980392156862	Arnoseris minima	0.00392156862745098	Cerastium semidecandrum	0.0	Theligonum cynocrambe	0.0
Cirsium_arvense_with_Bees_Richard_Bartz.jpg	Cirsium arvense	Cirsium arvense	0.4117647058823529	Cirsium filipendulum	0.2901960784313726	Mantisalca salmantica	0.03529411764705882	Onopordum nervosum	0.027450980392156862	Onopordum illyricum	0.023529411764705882
Cirsium_palustre_inflorescence_-_Niitv%C3%A4lja.jpg	Cirsium palustre	Cirsium palustre	0.4588235294117647	Serratula tinctoria	0.12549019607843137	Cirsium filipendulum	0.0784313725490196	Centaurea cyanus	0.050980392156862744	Mantisalca salmantica	0.023529411764705882
20160729Cirsium_vulgare5.jpg	Cirsium vulgare	Klasea flavescens	0.2784313725490196	Dipsacus comosus	0.0392156862745098	Phagnalon saxatile	0.03529411764705882	Silybum marianum	0.03137254901960784	Lactuca serriola	0.01568627450980392
CistanchePhelypaea.jpg	Cistanche phelypaea	Cistanche phelypaea	0.8941176470588236	Orobanche rapum-genistae	0.023529411764705882	Neottia nidus-avis	0.0196078431372549	Orobanche latisquama	0.00784313725490196	Orobanche gracilis	0.00784313725490196
CISTUS_ALBIDUS_-_AGUDA_-_IB-614_%28Estepa_blanca%29.JPG	Cistus albidus	Cistus albidus	0.45098039215686275	Frankenia laevis	0.45098039215686275	Helianthemum apenninum	0.043137254901960784	Cistus populifolius	0.01568627450980392	Spergularia rubra	0.00784313725490196
Cistus_May_2014-11.jpg	Cistus crispus	Cistus albidus	0.6078431372549019	Cistus crispus	0.2980392156862745	Lythrum junceum	0.00784313725490196	Helianthemum apenninum	0.00784313725490196	Solanum laciniatum	0.00784313725490196
Cistus_April_2017-2.jpg	Cistus ladanifer	Cistus ladanifer	0.9490196078431372	Cistus monspeliensis	0.011764705882352941	Halimium umbellatum	0.00392156862745098	Cerastium semidecandrum	0.0	Theligonum cynocrambe	0.0
Cistus_laurifolius2LEST.jpg	Cistus laurifolius	Cistus laurifolius	0.6627450980392157	Cistus ladanifer	0.06274509803921569	Cistus salviifolius	0.027450980392156862	Cistus populifolius	0.027450980392156862	Helianthemum apenninum	0.011764705882352941
Cistus_May_2014-3.jpg	Cistus monspeliensis	Cistus ladanifer	0.4627450980392157	Cistus laurifolius	0.0784313725490196	Cistus salviifolius	0.027450980392156862	Cistus monspeliensis	0.023529411764705882	Helianthemum apenninum	0.01568627450980392
Cistus_May_2014-7.jpg	Cistus populifolius	Cistus ladanifer	0.43137254901960786	Cistus monspeliensis	0.050980392156862744	Cistus salviifolius	0.0392156862745098	Halimium umbellatum	0.0392156862745098	Cistus laurifolius	0.027450980392156862
Cistus_April_2008-1.jpg	Cistus salviifolius	Cistus salviifolius	0.6196078431372549	Cistus populifolius	0.09411764705882353	Cistus monspeliensis	0.0196078431372549	Teucrium scorodonia	0.01568627450980392	Phlomis purpurea	0.01568627450980392
Cladium_mariscus.jpeg	Cladium mariscus	Luzula multiflora	0.2196078431372549	Juncus maritimus	0.19607843137254902	Juncus inflexus	0.1568627450980392	Juncus acutiflorus	0.10980392156862745	Cladium mariscus	0.09803921568627451
Clematis_cirrhosa_Bl%C3%BCte.JPG	Clematis cirrhosa	Clematis cirrhosa	0.7686274509803922	Lonicera periclymenum	0.023529411764705882	Erophaca baetica	0.0196078431372549	Prunella laciniata	0.01568627450980392	Bidens aurea	0.01568627450980392
Clematis_flamula_flor.jpg	Clematis flammula	Clematis flammula	1.0	Cerastium semidecandrum	0.0	Theligonum cynocrambe	0.0	Arctotheca calendula	0.0	Lathyrus pratensis	0.0
Clematis-vitalba-Waldrebe%28Samenstand%29.jpg	Clematis vitalba	Nerium oleander	0.21568627450980393	Scorzonera laciniata	0.10588235294117647	Clematis vitalba	0.09411764705882353	Staehelina dubia	0.08235294117647059	Tragopogon dubius	0.058823529411764705
Cleome_%28Spider_Flower%29_in_Gavi.jpg	Cleome violacea	Allium roseum	0.37254901960784315	Erica lusitanica	0.0196078431372549	Trifolium vesiculosum	0.0196078431372549	Galega officinalis	0.01568627450980392	Nigella damascena	0.011764705882352941
Cleonia_lusitanica_EnfoquedeFrente_2010-6-15_DehesaBoyaldePuertollano.jpg	Cleonia lusitanica	Cleonia lusitanica	0.8392156862745098	Althaea hirsuta	0.023529411764705882	Echium creticum	0.01568627450980392	Sideritis romana	0.00784313725490196	Ononis viscosa	0.00392156862745098
Clinopodium_vulgare_inflorescence.jpg	Clinopodium vulgare	Clinopodium vulgare	0.5176470588235295	Prunella vulgaris	0.0392156862745098	Galeopsis tetrahit	0.027450980392156862	Prunella grandiflora	0.01568627450980392	Valeriana montana	0.00784313725490196
Cochlearia_danica_Crozon_060416w.jpg	Cochlearia danica	Cochlearia danica	0.7294117647058823	Sedum mucizonia	0.08627450980392157	Fagonia cretica	0.01568627450980392	Iberis procumbens	0.01568627450980392	Iberis ciliata	0.00784313725490196
Colchicum_lusitanum.jpg	Colchicum lusitanum	Colchicum lusitanum	0.5450980392156862	Crocus serotinus	0.21176470588235294	Crocus carpetanus	0.16862745098039217	Astragalus tragacantha	0.00392156862745098	Allium roseum	0.00392156862745098
Asteraceae_-_Coleostephus_myconis-3.JPG	Coleostephus myconis	Coleostephus myconis	0.8156862745098039	Calendula arvensis	0.0784313725490196	Hypecoum imberbe	0.011764705882352941	Calendula suffruticosa	0.011764705882352941	Anacyclus radiatus	0.011764705882352941
Songe-R%C3%A9union.JPG	Colocasia esculenta	Colocasia esculenta	0.403921568627451	Ricinus communis	0.10980392156862745	Cynanchum acutum	0.043137254901960784	Eryngium maritimum	0.0392156862745098	Datura stramonium	0.027450980392156862
Conium.jpg	Conium maculatum	Daphne gnidium	0.5764705882352941	Senecio sylvaticus	0.043137254901960784	Erucastrum nasturtiifolium	0.023529411764705882	Serratula tinctoria	0.0196078431372549	Sorbus aucuparia	0.01568627450980392
Convolvulus_althaeoides01.jpg	Convolvulus althaeoides	Convolvulus althaeoides	0.6549019607843137	Ipomoea indica	0.08627450980392157	Convolvulus arvensis	0.07058823529411765	Calystegia soldanella	0.0392156862745098	Convolvulus lineatus	0.03529411764705882
Bindweed_%28Convolvulus_Arvensis%29_%283105112704%29.jpg	Convolvulus arvensis	Convolvulus arvensis	0.39215686274509803	Calystegia soldanella	0.30980392156862746	Convolvulus lineatus	0.15294117647058825	Calystegia silvatica	0.00784313725490196	Oenothera rosea	0.00784313725490196
Convolvulus_lineatus_1.JPG	Convolvulus lineatus	Convolvulus lineatus	0.9333333333333333	Convolvulus althaeoides	0.0196078431372549	Convolvulus arvensis	0.00784313725490196	Cerastium semidecandrum	0.0	Theligonum cynocrambe	0.0
Convolvulus_siculus.JPG	Convolvulus siculus	Convolvulus siculus	0.3803921568627451	Crocus carpetanus	0.03529411764705882	Convolvulus meonanthus	0.03529411764705882	Arabis verna	0.03137254901960784	Antirrhinum graniticum	0.03137254901960784
Corema_album_berries.jpg	Corema album	Corema album	0.5019607843137255	Chamaemelum fuscatum	0.0196078431372549	Erica lusitanica	0.01568627450980392	Juniperus oxycedrus	0.01568627450980392	Wolffia arrhiza	0.011764705882352941
Coronilla_minima8.jpg	Coronilla juncea	Medicago falcata	0.5607843137254902	Stauracanthus genistoides	0.12156862745098039	Crithmum maritimum	0.043137254901960784	Haplophyllum linifolium	0.03529411764705882	Coronilla juncea	0.027450980392156862
Coronilla_minima_2.JPG	Coronilla minima	Coronilla juncea	0.24705882352941178	Kundmannia sicula	0.12156862745098039	Foeniculum vulgare	0.10980392156862745	Lotus ornithopodioides	0.10980392156862745	Rorippa sylvestris	0.09803921568627451
Coronilla_scorpioides_kz02.jpg	Coronilla scorpioides	Coronilla scorpioides	0.7568627450980392	Lathyrus aphaca	0.23137254901960785	Linaria hirta	0.00392156862745098	Cerastium semidecandrum	0.0	Theligonum cynocrambe	0.0
Corrigiola_littoralis_1.jpg	Corrigiola litoralis	Corrigiola litoralis	0.9882352941176471	Corrigiola telephiifolia	0.00784313725490196	Cerastium semidecandrum	0.0	Theligonum cynocrambe	0.0	Arctotheca calendula	0.0
CorrigiolaLitoralis1.jpg	Corrigiola telephiifolia	Corrigiola litoralis	0.596078431372549	Cakile maritima	0.050980392156862744	Polygonum arenastrum	0.027450980392156862	Spergularia rubra	0.027450980392156862	Spergularia marina	0.023529411764705882
Herbe_Pampa_FR_2008.jpg	Cortaderia selloana	Cortaderia selloana	0.7529411764705882	Polypogon monspeliensis	0.050980392156862744	Ammophila arenaria	0.011764705882352941	Melica ciliata	0.00784313725490196	Trifolium angustifolium	0.00784313725490196
Corydalis_cava_a1.jpg	Corydalis cava	Corydalis cava	0.9254901960784314	Physospermum cornubiense	0.01568627450980392	Fumaria bastardii	0.011764705882352941	Fumaria capreolata	0.00392156862745098	Lathyrus linifolius	0.00392156862745098
Silbergras2.jpg	Corynephorus canescens	Corynephorus canescens	0.9803921568627451	Ammophila arenaria	0.00784313725490196	Armeria pungens	0.00392156862745098	Cerastium semidecandrum	0.0	Theligonum cynocrambe	0.0
Cosentinia_vellea_kz02.jpg	Cosentinia vellea	Cosentinia vellea	0.7411764705882353	Alyssum simplex	0.023529411764705882	Asplenium obovatum	0.00784313725490196	Hypericum tomentosum	0.00784313725490196	Alyssum alyssoides	0.00784313725490196
Cotula_australis.jpg	Cotula australis	Cotula australis	0.21176470588235294	Ranunculus sceleratus	0.16862745098039217	Scorpiurus vermiculatus	0.13333333333333333	Allium guttatum	0.09411764705882353	Ranunculus paludosus	0.06666666666666667
Crambe_Maritima_Estonia.jpg	Crambe hispanica	Glaucium flavum	0.14901960784313725	Eryngium maritimum	0.14901960784313725	Brassica oleracea	0.047058823529411764	Hyoscyamus albus	0.027450980392156862	Andryala ragusina	0.027450980392156862
Crassula_tillaea.jpg	Crassula tillaea	Crassula tillaea	0.9215686274509803	Sedum anglicum	0.03137254901960784	Mesembryanthemum nodiflorum	0.00784313725490196	Illecebrum verticillatum	0.00392156862745098	Sedum brevifolium	0.00392156862745098
Common_hawthorn.jpg	Crataegus monogyna	Olea europaea	0.8313725490196079	Salix salviifolia	0.027450980392156862	Salix atrocinerea	0.0196078431372549	Salix repens	0.00784313725490196	Tamarix africana	0.00784313725490196
Crepis_capillaris_2005.07.10_09.09.34.jpg	Crepis capillaris	Barbarea intermedia	0.2627450980392157	Crepis pulchra	0.09019607843137255	Valerianella locusta	0.054901960784313725	Verbena officinalis	0.050980392156862744	Coleostephus myconis	0.043137254901960784
Crepis_foetida_1.jpg	Crepis foetida	Crepis capillaris	0.17254901960784313	Calendula suffruticosa	0.10980392156862745	Leontodon tuberosus	0.09803921568627451	Hieracium laevigatum	0.0392156862745098	Sonchus tenerrimus	0.0392156862745098
Crepis_taraxacifolia.jpg	Crepis vesicaria	Reichardia intermedia	0.24313725490196078	Pulicaria odora	0.10588235294117647	Sonchus asper	0.06666666666666667	Crepis vesicaria	0.047058823529411764	Aeonium arboreum	0.03137254901960784
Perce-pierre.jpg	Crithmum maritimum	Crithmum maritimum	0.4196078431372549	Sagina maritima	0.23137254901960785	Spergularia media	0.06274509803921569	Lepidium ruderale	0.027450980392156862	Cryptogramma crispa	0.023529411764705882
Crocus_carpetanus_in_Castro_Laboreiro_10.jpg	Crocus carpetanus	Crocus carpetanus	0.615686274509804	Crocus serotinus	0.07450980392156863	Iris xiphium	0.06666666666666667	Romulea bulbocodium	0.03137254901960784	Romulea ramiflora	0.03137254901960784
Flor_del_azafran_de_la_sierra_de_Gibalto.jpg	Crocus serotinus	Crocus serotinus	0.7686274509803922	Colchicum lusitanum	0.06274509803921569	Crocus carpetanus	0.06274509803921569	Cerastium semidecandrum	0.0	Theligonum cynocrambe	0.0
Cruciata_glabra_kz04.jpg	Cruciata glabra	Cruciata glabra	0.9568627450980393	Cruciata laevipes	0.01568627450980392	Cruciata pedemontana	0.00784313725490196	Veronica peregrina	0.00392156862745098	Honckenya peploides	0.00392156862745098
%28MHNT%29_Cruciata_laevipes_-_Inflorescence.jpg	Cruciata laevipes	Cruciata glabra	0.48627450980392156	Cruciata laevipes	0.43137254901960786	Smyrnium perfoliatum	0.050980392156862744	Cruciata pedemontana	0.00784313725490196	Euphorbia serrata	0.00392156862745098
Cruciata_pedemontana_RF.jpg	Cruciata pedemontana	Cruciata pedemontana	0.8470588235294118	Galium murale	0.06274509803921569	Veronica arvensis	0.0196078431372549	Stachys arvensis	0.011764705882352941	Cruciata glabra	0.00784313725490196
Crupina_vulgaris_3.jpg	Crupina vulgaris	Crupina vulgaris	0.4117647058823529	Serratula tinctoria	0.050980392156862744	Hypericum pulchrum	0.043137254901960784	Carduus pycnocephalus	0.023529411764705882	Luzula forsteri	0.0196078431372549
Cryptogramma_crispa.jpg	Cryptogramma crispa	Cryptogramma crispa	1.0	Cerastium semidecandrum	0.0	Theligonum cynocrambe	0.0	Arctotheca calendula	0.0	Lathyrus pratensis	0.0
Cuscuta_epithymum1.jpg	Cuscuta epithymum	Cuscuta epithymum	0.7686274509803922	Salsola soda	0.058823529411764705	Rumex induratus	0.0392156862745098	Lythrum portula	0.011764705882352941	Smilax aspera	0.011764705882352941
Ivy-leaved_Toadflax.JPG	Cymbalaria muralis	Cymbalaria muralis	0.9019607843137255	Oxalis exilis	0.00784313725490196	Cochlearia danica	0.00784313725490196	Theligonum cynocrambe	0.00392156862745098	Veronica cymbalaria	0.00392156862745098
Cymodocea_nodosa.jpg	Cymodocea nodosa	Cymodocea nodosa	0.23137254901960785	Bromus sterilis	0.09019607843137255	Eleocharis uniglumis	0.06274509803921569	Cyperus esculentus	0.06274509803921569	Zostera marina	0.0392156862745098
C._acutum-3.jpg	Cynanchum acutum	Cynanchum acutum	0.996078431372549	Cerastium semidecandrum	0.0	Theligonum cynocrambe	0.0	Arctotheca calendula	0.0	Lathyrus pratensis	0.0
Costa_Vicentina_4.jpg	Cynara cardunculus	Onopordum illyricum	0.32941176470588235	Cynara humilis	0.25882352941176473	Cynara cardunculus	0.1803921568627451	Notobasis syriaca	0.06274509803921569	Silybum marianum	0.06274509803921569
Cynara_humilis_%2814225491129%29.jpg	Cynara humilis	Cynara humilis	0.615686274509804	Carduus platypus	0.047058823529411764	Tamarix africana	0.023529411764705882	Polystichum setiferum	0.01568627450980392	Reseda alba	0.01568627450980392
Cynodon_dactylon_2.jpg	Cynodon dactylon	Armeria maritima	0.15294117647058825	Ferula communis	0.12156862745098039	Parapholis incurva	0.09803921568627451	Holcus mollis	0.09803921568627451	Lolium perenne	0.08627450980392157
CynoglossumOfficinale-bloem-kl.jpg	Cynoglossum clandestinum	Cynoglossum creticum	0.42745098039215684	Nonea vesicaria	0.09411764705882353	Cynoglossum clandestinum	0.03137254901960784	Anchusa undulata	0.023529411764705882	Digitalis purpurea	0.01568627450980392
4445-Cynoglossum_creticum-5.06.jpg	Cynoglossum creticum	Cynoglossum creticum	0.9137254901960784	Echium vulgare	0.00392156862745098	Chaenorhinum origanifolium	0.00392156862745098	Veronica nevadensis	0.00392156862745098	Cerastium semidecandrum	0.0
Cynomorium_coccineum_2.jpg	Cynomorium coccineum	Cynomorium coccineum	0.8196078431372549	Aristolochia baetica	0.03529411764705882	Lavandula stoechas	0.0196078431372549	Serapias cordigera	0.011764705882352941	Allium sphaerocephalon	0.011764705882352941
Kamgras_%28Cynosurus_cristatus%29.jpg	Cynosurus cristatus	Armeria pungens	0.17647058823529413	Pancratium maritimum	0.1568627450980392	Digitaria ischaemum	0.047058823529411764	Honckenya peploides	0.043137254901960784	Alopecurus geniculatus	0.03529411764705882
Cynosurus_echinatus.jpg	Cynosurus echinatus	Cynosurus echinatus	0.5686274509803921	Anthoxanthum aristatum	0.0784313725490196	Sparganium erectum	0.03529411764705882	Echinops strigosus	0.0196078431372549	Trifolium ochroleucon	0.01568627450980392
Cyperus_capitatus_Sousse_2009.jpg	Cyperus capitatus	Cyperus capitatus	0.9372549019607843	Cyperus longus	0.00392156862745098	Cynara cardunculus	0.00392156862745098	Cerastium semidecandrum	0.0	Theligonum cynocrambe	0.0
Cyperus_eragrostis_goldengatepark.jpg	Cyperus eragrostis	Cyperus eragrostis	0.6078431372549019	Allium victorialis	0.13333333333333333	Peucedanum officinale	0.027450980392156862	Juncus tenuis	0.023529411764705882	Sanicula europaea	0.01568627450980392
Cyperus_Fuscus_crop.jpg	Cyperus fuscus	Cyperus fuscus	0.9568627450980393	Bolboschoenus glaucus	0.00784313725490196	Sparganium angustifolium	0.00392156862745098	Isolepis setacea	0.00392156862745098	Cyperus esculentus	0.00392156862745098
Nutgrass_Cyperus_rotundus02.jpg	Cyperus rotundus	Cyperus rotundus	0.7764705882352941	Cyperus longus	0.14901960784313725	Luzula forsteri	0.0196078431372549	Cyperus esculentus	0.00784313725490196	Bolboschoenus glaucus	0.00392156862745098
Cystopteris_fragilis_3.jpg	Cystopteris fragilis	Anogramma leptophylla	0.6588235294117647	Cystopteris fragilis	0.1411764705882353	Davallia canariensis	0.06274509803921569	Asplenium obovatum	0.027450980392156862	Cryptogramma crispa	0.01568627450980392
Cytinus_hypocistis.jpg	Cytinus hypocistis	Cytinus hypocistis	0.9725490196078431	Cytinus ruber	0.011764705882352941	Carpobrotus edulis	0.00392156862745098	Cerastium semidecandrum	0.0	Theligonum cynocrambe	0.0
Cytinus_ruber_%28flowers%29.jpg	Cytinus ruber	Cytinus ruber	0.8	Cytinus hypocistis	0.03137254901960784	Crataegus monogyna	0.00784313725490196	Lobularia maritima	0.00784313725490196	Corrigiola litoralis	0.00392156862745098
Cytisus_multiflorus.jpg	Cytisus multiflorus	Genista anglica	0.2235294117647059	Adenocarpus complicatus	0.19607843137254902	Adenocarpus telonensis	0.10980392156862745	Ulmus minor	0.08627450980392157	Odontites viscosus	0.054901960784313725
Cytisus_oromediterraneus_2601.jpg	Cytisus oromediterraneus	Cytisus oromediterraneus	0.9450980392156862	Cytisus scoparius	0.023529411764705882	Genista florida	0.011764705882352941	Calicotome villosa	0.00784313725490196	Cytisus striatus	0.00392156862745098
Cytisus_scoparius_by_Danny_S._-_001.JPG	Cytisus scoparius	Cytisus striatus	0.3058823529411765	Cytisus grandiflorus	0.3058823529411765	Cytisus scoparius	0.3058823529411765	Genista florida	0.047058823529411764	Genista falcata	0.011764705882352941
Cytisus_striatus_2.jpg	Cytisus striatus	Cytisus striatus	0.4196078431372549	Genista florida	0.29411764705882354	Spartium junceum	0.16470588235294117	Retama monosperma	0.03137254901960784	Retama sphaerocarpa	0.027450980392156862
Daboecia_cantabrica1373917974.jpg	Daboecia cantabrica	Daboecia cantabrica	0.8941176470588236	Digitalis purpurea	0.01568627450980392	Erica cinerea	0.011764705882352941	Lamium maculatum	0.00784313725490196	Erica ciliaris	0.00784313725490196
Dactylis_glomerata_Habitus_Valderrepisa_2012-5-31_SierraMadrona.jpg	Dactylis glomerata	Dactylis glomerata	0.33725490196078434	Holcus lanatus	0.10588235294117647	Polypogon viridis	0.07450980392156863	Poa angustifolia	0.06666666666666667	Poa trivialis	0.050980392156862744
Dactylorhiza_fuchsii_Mariazell_01.JPG	Dactylorhiza elata	Dactylorhiza maculata	0.45098039215686275	Orchis italica	0.3176470588235294	Neotinea maculata	0.03137254901960784	Dactylorhiza elata	0.0196078431372549	Gymnadenia conopsea	0.0196078431372549
Dactylorhiza_insularis_Orchi_014.jpg	Dactylorhiza insularis	Dactylorhiza insularis	0.7333333333333333	Orchis provincialis	0.2	Ligustrum vulgare	0.00392156862745098	Galium saxatile	0.00392156862745098	Arbutus unedo	0.00392156862745098
Dactylorhiza_maculata_LC0232.jpg	Dactylorhiza maculata	Anacamptis pyramidalis	0.9372549019607843	Dactylorhiza maculata	0.023529411764705882	Phytolacca americana	0.00392156862745098	Dactylorhiza elata	0.00392156862745098	Digitalis purpurea	0.00392156862745098
Danthonia_decumbens_horst.jpeg	Danthonia decumbens	Danthonia decumbens	0.5568627450980392	Carex extensa	0.12156862745098039	Carex pilulifera	0.09411764705882353	Carex demissa	0.058823529411764705	Deschampsia cespitosa	0.027450980392156862
Daphne_gnidium3.jpg	Daphne gnidium	Daphne gnidium	0.8313725490196079	Ligustrum vulgare	0.0392156862745098	Pittosporum undulatum	0.023529411764705882	Osyris lanceolata	0.00392156862745098	Artemisia verlotiorum	0.00392156862745098
Daphne_laureola_8703.jpg	Daphne laureola	Daphne laureola	0.6823529411764706	Honckenya peploides	0.023529411764705882	Iris planifolia	0.01568627450980392	Mercurialis tomentosa	0.01568627450980392	Theligonum cynocrambe	0.011764705882352941
Datura_stramonium_2_%282005_07_07%29.jpg	Datura stramonium	Datura stramonium	0.5843137254901961	Quercus rubra	0.07058823529411765	Calystegia silvatica	0.043137254901960784	Platanus hispanica	0.043137254901960784	Ipomoea indica	0.027450980392156862
Daucus_carota_May_2008-1_edit.jpg	Daucus carota	Daucus carota	0.8352941176470589	Ammi visnaga	0.07058823529411765	Daucus muricatus	0.050980392156862744	Ammi majus	0.03137254901960784	Tolpis barbata	0.00784313725490196
Daucus_carota0.jpg	Daucus muricatus	Daucus carota	0.9725490196078431	Daucus muricatus	0.00392156862745098	Cerastium semidecandrum	0.0	Theligonum cynocrambe	0.0	Arctotheca calendula	0.0
Davallia_canariensis_1_ies.jpg	Davallia canariensis	Dryopteris dilatata	0.48627450980392156	Davallia canariensis	0.23921568627450981	Dryopteris carthusiana	0.11764705882352941	Dryopteris expansa	0.047058823529411764	Asplenium onopteris	0.03137254901960784
Aconitum_variegatum_110807f.jpg	Delphinium gracile	Aconitum napellus	0.7215686274509804	Vicia onobrychioides	0.08627450980392157	Vicia tenuifolia	0.0392156862745098	Vicia villosa	0.023529411764705882	Linaria triornithophora	0.011764705882352941
DeschampsiaCesp.jpg	Deschampsia cespitosa	Stipa gigantea	0.5490196078431373	Deschampsia cespitosa	0.27058823529411763	Agrostis canina	0.0392156862745098	Juncus tenuis	0.027450980392156862	Juncus squarrosus	0.0196078431372549
%28MHNT%29_Dianthus_armeria_-_Plant_habit.jpg	Dianthus armeria	Sagina apetala	0.4666666666666667	Gladiolus italicus	0.20392156862745098	Epilobium brachycarpum	0.1607843137254902	Epilobium hirsutum	0.054901960784313725	Lepidium virginicum	0.0196078431372549
Dianthus_broteri.jpg	Dianthus broteri	Dianthus broteri	0.807843137254902	Notobasis syriaca	0.03137254901960784	Poa bulbosa	0.00784313725490196	Cynara humilis	0.00784313725490196	Cynosurus echinatus	0.00392156862745098
Dianthus_caryophyllus_L_%28Clove_pink%29.JPG	Dianthus hyssopifolius	Dianthus lusitanus	0.9921568627450981	Cerastium semidecandrum	0.0	Theligonum cynocrambe	0.0	Arctotheca calendula	0.0	Lathyrus pratensis	0.0
Clavellina_de_rocas_-_Dianthus_lusitanus_%2814563902177%29.jpg	Dianthus lusitanus	Dianthus broteri	0.4470588235294118	Dianthus lusitanus	0.4470588235294118	Centaurea alba	0.011764705882352941	Centaurea cyanus	0.011764705882352941	Centaurea aspera	0.00784313725490196
Digitalis_purpurea_LC0101.jpg	Digitalis purpurea	Digitalis purpurea	0.9725490196078431	Lythrum salicaria	0.00784313725490196	Cerastium semidecandrum	0.0	Theligonum cynocrambe	0.0	Arctotheca calendula	0.0
Digitalis_thapsi_01.JPG	Digitalis thapsi	Digitalis thapsi	0.792156862745098	Digitalis purpurea	0.01568627450980392	Convolvulus lineatus	0.00392156862745098	Daboecia cantabrica	0.00392156862745098	Vicia bithynica	0.00392156862745098
Harig_vingergras_plant_%28Digitaria_sanguinalis%29.jpg	Digitaria sanguinalis	Digitaria ischaemum	0.30196078431372547	Digitaria sanguinalis	0.18823529411764706	Agrostis stolonifera	0.16862745098039217	Setaria viridis	0.050980392156862744	Eragrostis minor	0.047058823529411764
Dipcadi_serotinum-IMG_4331.jpg	Dipcadi serotinum	Dipcadi serotinum	0.9882352941176471	Cerastium semidecandrum	0.0	Theligonum cynocrambe	0.0	Arctotheca calendula	0.0	Lathyrus pratensis	0.0
Kleine_zandkool_R0013711.JPG	Diplotaxis muralis	Hirschfeldia incana	0.2	Haplophyllum linifolium	0.2	Bunias erucago	0.17647058823529413	Medicago falcata	0.17647058823529413	Ranunculus arvensis	0.0392156862745098
Dipsacus_fullonum1.jpg	Dipsacus fullonum	Dipsacus fullonum	0.8352941176470589	Helichrysum foetidum	0.12549019607843137	Erigeron acris	0.00784313725490196	Pulicaria dysenterica	0.00392156862745098	Andryala integrifolia	0.00392156862745098
Pigface_Disphyma_crassifolium_%288274152316%29.jpg	Disphyma crassifolium	Disphyma crassifolium	0.3568627450980392	Centaurea alba	0.17647058823529413	Thymbra capitata	0.0784313725490196	Pistorinia hispanica	0.06666666666666667	Sedum mucizonia	0.043137254901960784
Dittrichia_graveolens_Habitus_20September2009_DehesaBoyaldePuertollano.jpg	Dittrichia graveolens	Dittrichia graveolens	0.796078431372549	Scrophularia canina	0.15294117647058825	Scrophularia frutescens	0.03137254901960784	Cytisus scoparius	0.00392156862745098	Dittrichia viscosa	0.00392156862745098
Dittrichia_viscosa_InflorescencesCloseup2_27September2009_DehesaBoyaldePuertollano.jpg	Dittrichia viscosa	Dittrichia viscosa	0.9333333333333333	Helichrysum stoechas	0.01568627450980392	Ajuga chamaepitys	0.00392156862745098	Pulicaria paludosa	0.00392156862745098	Plantago afra	0.00392156862745098
Doronicum_plantagineum_StG_040418B.jpg	Doronicum plantagineum	Doronicum plantagineum	0.4392156862745098	Arctotheca calendula	0.08235294117647059	Hieracium lachenalii	0.027450980392156862	Leontodon tuberosus	0.023529411764705882	Aeonium arboreum	0.0196078431372549
Drosanthemum_candens.jpg	Drosanthemum floribundum	Drosanthemum floribundum	0.8352941176470589	Mesembryanthemum nodiflorum	0.0784313725490196	Disphyma crassifolium	0.054901960784313725	Thymbra capitata	0.00392156862745098	Jurinea humilis	0.00392156862745098
Drosera_intermedia_ne1.jpg	Drosera intermedia	Drosera intermedia	0.8980392156862745	Drosophyllum lusitanicum	0.011764705882352941	Teesdalia coronopifolia	0.00392156862745098	Thapsia villosa	0.00392156862745098	Agapanthus praecox	0.00392156862745098
Drosera-rotundifolia.jpg	Drosera rotundifolia	Drosera rotundifolia	0.792156862745098	Drosera intermedia	0.08235294117647059	Trifolium lappaceum	0.00784313725490196	Oenanthe pimpinelloides	0.00784313725490196	Oenanthe fistulosa	0.00784313725490196
Drosophyllum_lusitanicum_a.JPG	Drosophyllum lusitanicum	Drosophyllum lusitanicum	0.984313725490196	Onosma tricerosperma	0.00392156862745098	Cerastium semidecandrum	0.0	Theligonum cynocrambe	0.0	Arctotheca calendula	0.0
Dryopteris_affinis0.jpg	Dryopteris affinis	Dryopteris affinis	0.2980392156862745	Woodwardia radicans	0.2980392156862745	Dryopteris filix-mas	0.1450980392156863	Pteridium aquilinum	0.027450980392156862	Polystichum setiferum	0.01568627450980392
Dryopteris_carthusiana1.jpg	Dryopteris carthusiana	Athyrium filix-femina	0.13725490196078433	Dryopteris affinis	0.08627450980392157	Dryopteris expansa	0.08627450980392157	Pteridium aquilinum	0.07450980392156863	Polystichum setiferum	0.047058823529411764
Dryopteris_dilatata_im_weissen_moor2.jpg	Dryopteris dilatata	Dryopteris carthusiana	0.3686274509803922	Dryopteris dilatata	0.3686274509803922	Athyrium filix-femina	0.0784313725490196	Pteridium aquilinum	0.023529411764705882	Dryopteris affinis	0.0196078431372549
Dryopteris_expansa.jpg	Dryopteris expansa	Pteridium aquilinum	0.38823529411764707	Dryopteris expansa	0.14901960784313725	Athyrium filix-femina	0.050980392156862744	Dryopteris dilatata	0.023529411764705882	Dryopteris affinis	0.0196078431372549
Ecballium_elaterium1.jpg	Ecballium elaterium	Ecballium elaterium	0.6431372549019608	Platanus hispanica	0.011764705882352941	Solanum villosum	0.011764705882352941	Aichryson laxum	0.00784313725490196	Borago officinalis	0.00784313725490196
Echinochloa_crus-galli01.jpg	Echinochloa crus-galli	Echinochloa crus-galli	0.3803921568627451	Hyparrhenia hirta	0.09019607843137255	Calamagrostis arundinacea	0.07450980392156863	Phragmites australis	0.050980392156862744	Holcus lanatus	0.027450980392156862
Echinospartum_horridum_1.JPG	Echinospartum ibericum	Echinospartum ibericum	0.615686274509804	Astragalus tragacantha	0.08235294117647059	Ononis ramosissima	0.058823529411764705	Rumex induratus	0.0392156862745098	Ephedra fragilis	0.01568627450980392
KM16EchiumBoissieri.jpg	Echium boissieri	Cynosurus cristatus	0.23921568627450981	Gymnadenia conopsea	0.10588235294117647	Equisetum telmateia	0.03529411764705882	Orobanche foetida	0.03137254901960784	Epipactis tremolsii	0.027450980392156862
Viperine_crete.jpg	Echium creticum	Echium creticum	0.9450980392156862	Vicia benghalensis	0.00784313725490196	Serapias cordigera	0.00784313725490196	Papaver hybridum	0.00392156862745098	Trifolium incarnatum	0.00392156862745098
Echium_April_2010-2.jpg	Echium plantagineum	Echium plantagineum	0.20784313725490197	Echium creticum	0.1450980392156863	Pulmonaria longifolia	0.11372549019607843	Echium vulgare	0.11372549019607843	Alkanna tinctoria	0.09019607843137255
Echium_vulgare_L.jpg	Echium vulgare	Echium vulgare	0.4196078431372549	Echium lusitanicum	0.11372549019607843	Echium creticum	0.10196078431372549	Echium gaditanum	0.08235294117647059	Pulmonaria longifolia	0.03529411764705882
False_daisy_or_bhringraj_%28Eclipta_prostrata%29_flower.jpg	Eclipta prostrata	Eclipta prostrata	0.4666666666666667	Centaurea pullata	0.0196078431372549	Buglossoides arvensis	0.00784313725490196	Solidago virgaurea	0.00784313725490196	Theligonum cynocrambe	0.00392156862745098
Eichhornia_crassipes_C.jpg	Eichhornia crassipes	Eichhornia crassipes	0.41568627450980394	Rhododendron ponticum	0.12941176470588237	Iris planifolia	0.0392156862745098	Agapanthus praecox	0.023529411764705882	Nymphaea alba	0.01568627450980392
Korina_2012-05-15_Elaeagnus_angustifolia_1.jpg	Elaeagnus angustifolia	Quercus rotundifolia	0.27058823529411763	Salix salviifolia	0.13333333333333333	Retama monosperma	0.13333333333333333	Olea europaea	0.09411764705882353	Salix repens	0.047058823529411764
Eleocharis_acicularis.jpeg	Eleocharis acicularis	Eleocharis uniglumis	0.6039215686274509	Eleocharis multicaulis	0.20784313725490197	Eleocharis palustris	0.08235294117647059	Eleocharis acicularis	0.058823529411764705	Carex divisa	0.01568627450980392
EleocharisPalustrisAspekt.jpg	Eleocharis palustris	Eleocharis palustris	0.7411764705882353	Schoenoplectus lacustris	0.09019607843137255	Typha angustifolia	0.06274509803921569	Eleocharis uniglumis	0.00784313725490196	Lythrum junceum	0.00392156862745098
Eleocharis_uniglumis.jpeg	Eleocharis uniglumis	Eleocharis palustris	0.7450980392156863	Eleocharis uniglumis	0.20392156862745098	Eleocharis multicaulis	0.0392156862745098	Carex caryophyllea	0.00392156862745098	Alopecurus geniculatus	0.00392156862745098
Kweek_Elytrigia_repens.jpg	Elymus repens	Bromus catharticus	0.23529411764705882	Elymus repens	0.14901960784313725	Setaria italica	0.11764705882352941	Setaria viridis	0.08235294117647059	Echinochloa crus-galli	0.047058823529411764
Ephedra_fragilis_3.JPG	Ephedra fragilis	Ephedra fragilis	0.0784313725490196	Pinus pinaster	0.0196078431372549	Centranthus ruber	0.01568627450980392	Juncus effusus	0.011764705882352941	Drosera intermedia	0.011764705882352941
Epilobiumbrachycarpum.jpg	Epilobium brachycarpum	Epilobium brachycarpum	0.7803921568627451	Petrorhagia saxifraga	0.00784313725490196	Malva neglecta	0.00784313725490196	Petrorhagia nanteuilii	0.00784313725490196	Diplotaxis muralis	0.00392156862745098
Epilobium_hirsutum_jfg.jpg	Epilobium hirsutum	Epilobium hirsutum	0.9450980392156862	Mirabilis jalapa	0.00784313725490196	Hydrangea macrophylla	0.00392156862745098	Nerium oleander	0.00392156862745098	Erica australis	0.00392156862745098
Epilobium_lanceolatum_2005.07.11_11.02.32.jpg	Epilobium lanceolatum	Epilobium lanceolatum	0.33725490196078434	Senecio angulatus	0.18823529411764706	Beta maritima	0.09411764705882353	Barbarea intermedia	0.06666666666666667	Clematis cirrhosa	0.027450980392156862
Epilobium_hirsutum_04_ies.jpg	Epilobium obscurum	Epilobium hirsutum	0.6196078431372549	Matthiola incana	0.11764705882352941	Agrostemma githago	0.027450980392156862	Nerium oleander	0.027450980392156862	Phlomis herba-venti	0.01568627450980392
Epilobium_palustre_bluete.jpeg	Epilobium palustre	Epilobium parviflorum	0.36470588235294116	Petrorhagia saxifraga	0.1607843137254902	Epilobium tetragonum	0.1607843137254902	Epilobium palustre	0.1411764705882353	Epilobium lanceolatum	0.09803921568627451
Epilobium_parviflorum_kz04.jpg	Epilobium parviflorum	Epilobium parviflorum	0.5372549019607843	Valeriana montana	0.18823529411764706	Epilobium tetragonum	0.047058823529411764	Epilobium obscurum	0.03529411764705882	Stellaria neglecta	0.0196078431372549
Epilobium_tetragonum_flower%2C_kantige_basterdwederik_bloem.jpg	Epilobium tetragonum	Epilobium obscurum	0.8274509803921568	Epilobium tetragonum	0.043137254901960784	Veronica montana	0.0196078431372549	Geranium columbinum	0.011764705882352941	Geranium pusillum	0.00784313725490196
Epipactis_helleborine_flowers1_220703.jpg	Epipactis helleborine	Epipactis helleborine	0.4980392156862745	Epipactis tremolsii	0.24705882352941178	Erica scoparia	0.058823529411764705	Cynosurus cristatus	0.011764705882352941	Veratrum album	0.011764705882352941
Epipactis_termolsii_Habitus_2011-5-22_SierraMadrona.jpg	Epipactis tremolsii	Epipactis tremolsii	0.9019607843137255	Gennaria diphylla	0.047058823529411764	Epipactis helleborine	0.03137254901960784	Antirrhinum linkianum	0.00784313725490196	Cerastium semidecandrum	0.0
Equisetum_arvense_foliage.jpg	Equisetum arvense	Myriophyllum aquaticum	0.9019607843137255	Equisetum arvense	0.03137254901960784	Daphne gnidium	0.0196078431372549	Cytisus oromediterraneus	0.00784313725490196	Hordeum geniculatum	0.00784313725490196
Equisetum_palustre_detail.jpeg	Equisetum palustre	Equisetum palustre	0.9294117647058824	Equisetum ramosissimum	0.07058823529411765	Cerastium semidecandrum	0.0	Theligonum cynocrambe	0.0	Arctotheca calendula	0.0
Starr_020124-8001_Eragrostis_cilianensis.jpg	Eragrostis minor	Eragrostis minor	0.11764705882352941	Poa nemoralis	0.08235294117647059	Glyceria declinata	0.07450980392156863	Catapodium rigidum	0.06666666666666667	Spergularia marina	0.058823529411764705
Eragrostis_pilosa_1.jpg	Eragrostis pilosa	Deschampsia cespitosa	0.7803921568627451	Stipa gigantea	0.050980392156862744	Hyparrhenia hirta	0.050980392156862744	Eragrostis pilosa	0.027450980392156862	Piptatherum miliaceum	0.00392156862745098
Erica_arborea_JPG1.jpg	Erica arborea	Erica arborea	0.7176470588235294	Erica scoparia	0.09803921568627451	Erica lusitanica	0.043137254901960784	Thymus carnosus	0.0196078431372549	Erica australis	0.0196078431372549
Erica_australis.JPG	Erica australis	Erica australis	0.792156862745098	Calluna vulgaris	0.09411764705882353	Lythrum salicaria	0.03529411764705882	Vicia disperma	0.00392156862745098	Erica cinerea	0.00392156862745098
Erica_ciliaris.jpg	Erica ciliaris	Erica ciliaris	0.7686274509803922	Erica cinerea	0.18823529411764706	Erica tetralix	0.00392156862745098	Lythrum salicaria	0.00392156862745098	Erica australis	0.00392156862745098
Bell_Heather_-_geograph.org.uk_-_493968.jpg	Erica cinerea	Daboecia cantabrica	0.3411764705882353	Erica cinerea	0.27058823529411763	Erica ciliaris	0.16862745098039217	Erica umbellata	0.13333333333333333	Matthiola incana	0.03137254901960784
Erica_erigena_2c.JPG	Erica erigena	Erica erigena	0.43137254901960786	Erica australis	0.3843137254901961	Calluna vulgaris	0.06666666666666667	Erica arborea	0.0196078431372549	Prunus dulcis	0.00784313725490196
Ericalusitanica.jpg	Erica lusitanica	Erica lusitanica	0.6627450980392157	Erica arborea	0.1450980392156863	Calluna vulgaris	0.09019607843137255	Erica australis	0.03529411764705882	Erica cinerea	0.011764705882352941
Erica_scoparia.jpg	Erica scoparia	Flueggea tinctoria	0.19215686274509805	Arbutus unedo	0.17254901960784313	Erica scoparia	0.15294117647058825	Erica arborea	0.10588235294117647	Myrica gale	0.07450980392156863
EricaTetralix.jpg	Erica tetralix	Erica tetralix	0.803921568627451	Erica ciliaris	0.08627450980392157	Erica cinerea	0.0196078431372549	Erica australis	0.01568627450980392	Daboecia cantabrica	0.011764705882352941
Erica_umbellata._Queiruega.jpg	Erica umbellata	Erica umbellata	0.6705882352941176	Erica australis	0.0784313725490196	Lunaria annua	0.03529411764705882	Danthonia decumbens	0.01568627450980392	Erica erigena	0.00784313725490196
Erigeron_acre0.jpg	Erigeron acris	Erigeron acris	0.8784313725490196	Urospermum picroides	0.011764705882352941	Centaurea alba	0.00784313725490196	Globularia vulgaris	0.00784313725490196	Carduncellus caeruleus	0.00392156862745098
Erigeron_karvinskianus_-_blossom_top_%28aka%29.jpg	Erigeron karvinskianus	Erigeron karvinskianus	0.6039215686274509	Bellis sylvestris	0.23529411764705882	Bellis perennis	0.08235294117647059	Leucanthemum vulgare	0.01568627450980392	Leucanthemum ircutianum	0.00784313725490196
Eriophorum_angustifolium_upernavik_2007-08-01_1.jpg	Eriophorum angustifolium	Eriophorum angustifolium	0.788235294117647	Lagurus ovatus	0.03137254901960784	Scorzonera laciniata	0.027450980392156862	Hyacinthoides non-scripta	0.00784313725490196	Cirsium arvense	0.00784313725490196
Erodium_acaule_1.JPG	Erodium acaule	Spergularia rubra	0.19607843137254902	Spergularia purpurea	0.17254901960784313	Erodium acaule	0.09411764705882353	Fagonia cretica	0.058823529411764705	Spergularia rupicola	0.058823529411764705
Erodium_botrys_2004-04-07.jpg	Erodium botrys	Erodium botrys	0.7843137254901961	Geranium robertianum	0.011764705882352941	Romulea ramiflora	0.00392156862745098	Lythrum junceum	0.00392156862745098	Gladiolus illyricus	0.00392156862745098
Erodium_chium_%288816168606%29.jpg	Erodium chium	Erodium malacoides	0.5215686274509804	Erodium chium	0.20392156862745098	Erodium moschatum	0.12549019607843137	Erodium laciniatum	0.07058823529411765	Geranium robertianum	0.00784313725490196
Erodium_January_2008-2.jpg	Erodium malacoides	Erodium malacoides	0.6705882352941176	Erodium moschatum	0.1607843137254902	Erodium laciniatum	0.06274509803921569	Erodium chium	0.01568627450980392	Spergularia purpurea	0.01568627450980392
Astragalus_lusitanicus_056b.JPG	Erophaca baetica	Erophaca baetica	0.4980392156862745	Astragalus hamosus	0.027450980392156862	Paraserianthes lophantha	0.0196078431372549	Robinia pseudoacacia	0.0196078431372549	Berula erecta	0.011764705882352941
Eruca_vesicaria_re.jpg	Eruca vesicaria	Eruca vesicaria	0.8196078431372549	Raphanus raphanistrum	0.03137254901960784	Scorzonera laciniata	0.023529411764705882	Lamium bifidum	0.011764705882352941	Teucrium pseudochamaepitys	0.011764705882352941
Eryngium_campestre_310705b.jpg	Eryngium campestre	Eryngium campestre	0.5411764705882353	Eryngium duriaei	0.10196078431372549	Setaria viridis	0.0196078431372549	Carex demissa	0.011764705882352941	Carex extensa	0.011764705882352941
Eryngium_pandanifolium.jpg	Eryngium pandanifolium	Matthiola incana	0.07450980392156863	Euphorbia characias	0.047058823529411764	Eryngium pandanifolium	0.027450980392156862	Muscari comosum	0.027450980392156862	Silybum marianum	0.023529411764705882
Erythronium_dens-canis_AT2.JPG	Erythronium dens-canis	Erythronium dens-canis	0.25882352941176473	Butomus umbellatus	0.054901960784313725	Paeonia broteri	0.050980392156862744	Nymphaea alba	0.03529411764705882	Canna indica	0.03137254901960784
Kaldari_Eschscholzia_californica_01.jpg	Eschscholzia californica	Eschscholzia californica	0.7843137254901961	Hypecoum imberbe	0.03137254901960784	Papaver rhoeas	0.01568627450980392	Ranunculus paludosus	0.011764705882352941	Narcissus bulbocodium	0.00784313725490196
700_yr_red_river_gum02.jpg	Eucalyptus camaldulensis	Castanea sativa	0.23137254901960785	Prunus dulcis	0.1607843137254902	Robinia pseudoacacia	0.11372549019607843	Salix fragilis	0.09019607843137255	Fraxinus angustifolia	0.07058823529411765
Eucalyptus_globulus_subsp._maidenii.jpg	Eucalyptus globulus	Pinus sylvestris	0.10980392156862745	Pinus pinea	0.054901960784313725	Acacia saligna	0.054901960784313725	Pinus pinaster	0.043137254901960784	Acacia melanoxylon	0.0392156862745098
Euonymus_europaeus2.jpg	Euonymus europaeus	Euonymus europaeus	0.9490196078431372	Dorycnopsis gerardi	0.00784313725490196	Rumex induratus	0.00784313725490196	Rosa canina	0.00392156862745098	Osyris alba	0.00392156862745098
Eupatorium_cannabinum_%28xndr%29.jpg	Eupatorium cannabinum	Eupatorium cannabinum	0.9137254901960784	Valeriana montana	0.0196078431372549	Trachelium caeruleum	0.00392156862745098	Sedum arenarium	0.00392156862745098	Origanum vulgare	0.00392156862745098
Amandelwolfsmelk_Euphorbia_amygdaloides_closeup.jpg	Euphorbia amygdaloides	Euphorbia amygdaloides	0.611764705882353	Euphorbia esula	0.16862745098039217	Euphorbia angulata	0.0196078431372549	Euphorbia segetalis	0.0196078431372549	Smyrnium perfoliatum	0.01568627450980392
Euphorbia_characias_RJB.jpg	Euphorbia characias	Euphorbia characias	0.9529411764705882	Teucrium scorodonia	0.00784313725490196	Galium lucidum	0.00392156862745098	Euphorbia portlandica	0.00392156862745098	Lobularia maritima	0.00392156862745098
Euphorbia_dulcis5_ies.jpg	Euphorbia dulcis	Euphorbia terracina	0.2196078431372549	Euphorbia paniculata	0.17254901960784313	Euphorbia portlandica	0.15294117647058825	Euphorbia hirsuta	0.09803921568627451	Euphorbia falcata	0.03529411764705882
Euphorbia_esula_-_kibe_piimalill.jpg	Euphorbia esula	Euphorbia exigua	0.24705882352941178	Dittrichia viscosa	0.13725490196078433	Narthecium ossifragum	0.09411764705882353	Euphorbia esula	0.03137254901960784	Euphorbia hyberna	0.0196078431372549
Euphorbia_helioscopia2.jpg	Euphorbia helioscopia	Euphorbia helioscopia	0.47058823529411764	Euphorbia falcata	0.1450980392156863	Euphorbia flavicoma	0.0196078431372549	Euphorbia segetalis	0.01568627450980392	Euphorbia angulata	0.011764705882352941
Euphorbiaceae_-_Euphorbia_nicaeensis.JPG	Euphorbia nicaeensis	Euphorbia nicaeensis	0.7058823529411765	Osyris lanceolata	0.07450980392156863	Euphorbia esula	0.058823529411764705	Euphorbia portlandica	0.050980392156862744	Euphorbia paniculata	0.00784313725490196
Euphorbia_paniculata_Habitus_2011-4-21_SierraMadrona.jpg	Euphorbia paniculata	Euphorbia paniculata	0.23137254901960785	Euphorbia angulata	0.20392156862745098	Euphorbia dulcis	0.12941176470588237	Euphorbia hyberna	0.11372549019607843	Euphorbia amygdaloides	0.09019607843137255
Euphorbia_paralias01.jpg	Euphorbia paralias	Ajuga chamaepitys	0.22745098039215686	Euphorbia paralias	0.20392156862745098	Santolina rosmarinifolia	0.050980392156862744	Corema album	0.03529411764705882	Halimium calycinum	0.03529411764705882
E_peplus.jpg	Euphorbia peplus	Euphorbia peplus	0.8745098039215686	Euphorbia falcata	0.050980392156862744	Thalictrum minus	0.01568627450980392	Valerianella locusta	0.00784313725490196	Cruciata glabra	0.00392156862745098
Euphorbia_segetalis.001_-_Ponferrada.jpg	Euphorbia segetalis	Euphorbia portlandica	0.1803921568627451	Thymelaea coridifolia	0.1607843137254902	Euphorbia segetalis	0.09019607843137255	Oxalis pes-caprae	0.07058823529411765	Anagyris foetida	0.043137254901960784
Euphorbia_February_2008-2.jpg	Euphorbia serrata	Euphorbia helioscopia	0.5843137254901961	Euphorbia falcata	0.20392156862745098	Euphorbia terracina	0.01568627450980392	Euphorbia hirsuta	0.00784313725490196	Euphorbia portlandica	0.00784313725490196
Euphorbiaterracina.jpg	Euphorbia terracina	Euphorbia terracina	0.2627450980392157	Euphorbia segetalis	0.2627450980392157	Hypericum pulchrum	0.06274509803921569	Euphorbia angulata	0.06274509803921569	Euphorbia dulcis	0.054901960784313725
Fagonia_cretica.jpg	Fagonia cretica	Fagonia cretica	0.9725490196078431	Erodium botrys	0.00392156862745098	Erodium acaule	0.00392156862745098	Spergularia rubra	0.00392156862745098	Cerastium semidecandrum	0.0
Japanese_Buckwheat_Flower.JPG	Fagopyrum esculentum	Fagopyrum esculentum	0.6549019607843137	Trifolium nigrescens	0.1803921568627451	Teesdalia coronopifolia	0.023529411764705882	Cynanchum acutum	0.01568627450980392	Apium nodiflorum	0.00784313725490196
Fallopia_convolvulus1pl.jpg	Fallopia convolvulus	Fallopia convolvulus	0.9294117647058824	Aristolochia paucinervis	0.03137254901960784	Atriplex prostrata	0.023529411764705882	Cynanchum acutum	0.00784313725490196	Aristolochia pistolochia	0.00392156862745098
Fedia_graciliflora_in_Jardin_des_Plantes_01.JPG	Fedia cornucopiae	Fedia cornucopiae	0.7098039215686275	Prunella vulgaris	0.24705882352941178	Ageratina adenophora	0.011764705882352941	Prunella grandiflora	0.00392156862745098	Thymus pulegioides	0.00392156862745098
Riesenfenchel.JPG	Ferula communis	Ferula communis	0.807843137254902	Cistanche phelypaea	0.0196078431372549	Coronilla juncea	0.0196078431372549	Phlomis lychnitis	0.01568627450980392	Aeonium arboreum	0.011764705882352941
Festuca_rubra_detail.jpeg	Festuca rubra	Festuca rubra	0.7490196078431373	Poa pratensis	0.09019607843137255	Poa bulbosa	0.0392156862745098	Poa angustifolia	0.023529411764705882	Poa trivialis	0.023529411764705882
Ficus_carica_L%2C_1771.jpg	Ficus carica	Polypodium interjectum	0.058823529411764705	Amaranthus viridis	0.043137254901960784	Rosa micrantha	0.0392156862745098	Heliotropium europaeum	0.0392156862745098	Frangula alnus	0.03529411764705882
Filago_arvensis2_W.jpg	Filago lutescens	Bombycilaena erecta	0.3176470588235294	Logfia minima	0.17647058823529413	Filago pyramidata	0.13725490196078433	Teucrium capitatum	0.09803921568627451	Otanthus maritimus	0.09803921568627451
Filago_pyramidata_S924547.JPG	Filago pyramidata	Scleranthus annuus	0.2235294117647059	Filago pyramidata	0.1411764705882353	Linum strictum	0.1411764705882353	Scleranthus perennis	0.0784313725490196	Eryngium campestre	0.054901960784313725
20140715Filipendula_ulmaria.jpg	Filipendula ulmaria	Filipendula ulmaria	0.9411764705882353	Filipendula vulgaris	0.027450980392156862	Centranthus ruber	0.00784313725490196	Helichrysum italicum	0.00392156862745098	Najas marina	0.00392156862745098
Filipendula_vulgaris_-_inflorescence_-_Kulna.jpg	Filipendula vulgaris	Filipendula vulgaris	0.996078431372549	Cerastium semidecandrum	0.0	Theligonum cynocrambe	0.0	Arctotheca calendula	0.0	Lathyrus pratensis	0.0
Flueggea_tinctoria_2009-7-26_RioFresnedas_ValledeAlcudia.jpg	Flueggea tinctoria	Flueggea tinctoria	0.796078431372549	Spiraea hypericifolia	0.07450980392156863	Rhamnus alaternus	0.011764705882352941	Pistacia lentiscus	0.011764705882352941	Myrtus communis	0.00784313725490196
Foeniculum_July_2011-1a.jpg	Foeniculum vulgare	Foeniculum vulgare	0.9764705882352941	Senecio jacobaea	0.00392156862745098	Ruta chalepensis	0.00392156862745098	Rorippa pyrenaica	0.00392156862745098	Cerastium semidecandrum	0.0
Frangula-alnus-fruits.JPG	Frangula alnus	Frangula alnus	0.8588235294117647	Viburnum tinus	0.0392156862745098	Rhamnus lycioides	0.00784313725490196	Prunus avium	0.00392156862745098	Ruscus aculeatus	0.00392156862745098
Frankenia_laevis_5_%28Corse%29.JPG	Frankenia laevis	Frankenia laevis	0.7568627450980392	Fagonia cretica	0.054901960784313725	Spergularia rubra	0.03137254901960784	Lythrum junceum	0.01568627450980392	Erica erigena	0.01568627450980392
Frankenia_pulverulenta_kz2.jpg	Frankenia pulverulenta	Frankenia laevis	0.7843137254901961	Frankenia pulverulenta	0.19215686274509805	Mesembryanthemum nodiflorum	0.00392156862745098	Cerastium semidecandrum	0.0	Theligonum cynocrambe	0.0
Fraxinus_angustifolia_foliage.jpg	Fraxinus angustifolia	Salix babylonica	0.16470588235294117	Salix fragilis	0.14901960784313725	Salix viminalis	0.12941176470588237	Salix alba	0.08235294117647059	Fraxinus angustifolia	0.050980392156862744
Fritillaria_lusitanica_c1.JPG	Fritillaria lusitanica	Fritillaria lusitanica	0.9568627450980393	Serapias cordigera	0.00392156862745098	Iris germanica	0.00392156862745098	Dipcadi serotinum	0.00392156862745098	Cynosurus echinatus	0.00392156862745098
Fumana_thymifolia.jpg	Fumana thymifolia	Fumana procumbens	0.807843137254902	Phagnalon saxatile	0.058823529411764705	Fumana ericifolia	0.03137254901960784	Lactuca viminea	0.027450980392156862	Coronilla minima	0.011764705882352941
F._agraria-img-000222579O.jpg	Fumaria agraria	Fumaria agraria	0.6823529411764706	Fumaria bastardii	0.09019607843137255	Fumaria capreolata	0.023529411764705882	Corydalis cava	0.01568627450980392	Fumaria muralis	0.011764705882352941
Fumaria_bastardii_imported_from_iNaturalist_photo_12889957_on_28_March_2020.jpg	Fumaria bastardii	Fumaria densiflora	0.6	Fumaria officinalis	0.20784313725490197	Fumaria bastardii	0.11372549019607843	Fumaria muralis	0.03137254901960784	Fumaria parviflora	0.0196078431372549
Fumaria_April_2010-1.jpg	Fumaria capreolata	Fumaria capreolata	0.7294117647058823	Fumaria muralis	0.12549019607843137	Fumaria bastardii	0.09803921568627451	Fumaria parviflora	0.01568627450980392	Fumaria densiflora	0.00392156862745098
Fumaria_densiflora%2C_floral_world_and_garden_guide_1877.jpg	Fumaria densiflora	Fumaria agraria	0.07450980392156863	Reseda phyteuma	0.058823529411764705	Crucianella maritima	0.03529411764705882	Euphorbia falcata	0.027450980392156862	Fumaria muralis	0.0196078431372549
Fumaria_muralis.jpg	Fumaria muralis	Fumaria officinalis	0.403921568627451	Fumaria capreolata	0.25098039215686274	Fumaria bastardii	0.17647058823529413	Fumaria muralis	0.10980392156862745	Fumaria agraria	0.03529411764705882
%28MHNT%29_Fumaria_officinalis_-_Habit.jpg	Fumaria officinalis	Fumaria officinalis	0.5294117647058824	Fumaria bastardii	0.09019607843137255	Fumaria muralis	0.09019607843137255	Vicia tenuifolia	0.043137254901960784	Fumaria densiflora	0.03137254901960784
Gagea_bohemica_sl2.jpg	Gagea bohemica	Gagea bohemica	0.9803921568627451	Sisymbrella aspera	0.00784313725490196	Lactuca viminea	0.00392156862745098	Gagea pratensis	0.00392156862745098	Cerastium semidecandrum	0.0
Gagea_pratensis2.jpg	Gagea pratensis	Gagea pratensis	0.9411764705882353	Gagea bohemica	0.03137254901960784	Ornithogalum orthophyllum	0.00392156862745098	Sedum acre	0.00392156862745098	Scorzonera humilis	0.00392156862745098
Galegaofficinalis03.jpg	Galega officinalis	Galega officinalis	0.9450980392156862	Hyacinthoides hispanica	0.011764705882352941	Calluna vulgaris	0.00392156862745098	Veronica officinalis	0.00392156862745098	Vicia disperma	0.00392156862745098
Galeopsis_tetrahit_-_kare_k%C3%B5rvik_Keilas.jpg	Galeopsis tetrahit	Stachys ocymastrum	0.4117647058823529	Galeopsis tetrahit	0.3254901960784314	Sideritis romana	0.023529411764705882	Phlomis herba-venti	0.01568627450980392	Clinopodium vulgare	0.011764705882352941
Galinsoga_parviflora_bluete.jpeg	Galinsoga parviflora	Galinsoga parviflora	0.47843137254901963	Galinsoga quadriradiata	0.47843137254901963	Bidens pilosa	0.00392156862745098	Cerastium semidecandrum	0.0	Theligonum cynocrambe	0.0
Galinsoga.ciliata.1.jpg	Galinsoga quadriradiata	Galinsoga quadriradiata	0.5647058823529412	Galinsoga parviflora	0.19607843137254902	Bidens pilosa	0.06666666666666667	Stachys ocymastrum	0.00392156862745098	Bidens tripartita	0.00392156862745098
Galium_glaucum_eF.jpg	Galium glaucum	Galium glaucum	0.3215686274509804	Physospermum cornubiense	0.1607843137254902	Peucedanum oreoselinum	0.054901960784313725	Conopodium majus	0.043137254901960784	Pimpinella major	0.0392156862745098
Galium_lucidum_1.jpg	Galium lucidum	Asparagus aphyllus	0.36470588235294116	Ruta chalepensis	0.10980392156862745	Cynara humilis	0.06274509803921569	Anthoxanthum aristatum	0.047058823529411764	Asparagus acutifolius	0.047058823529411764
Rubiaceae_-_Galium_mollugo.JPG	Galium mollugo	Galium mollugo	0.29411764705882354	Galium lucidum	0.20784313725490197	Sedum album	0.11372549019607843	Centranthus ruber	0.054901960784313725	Galium saxatile	0.050980392156862744
Galium_murale_sl9.jpg	Galium murale	Galium tricornutum	0.45098039215686275	Galium verrucosum	0.10980392156862745	Galium murale	0.09803921568627451	Sedum album	0.027450980392156862	Cerastium glomeratum	0.01568627450980392
Galium_palustre.jpeg	Galium palustre	Galium palustre	0.9294117647058824	Galium glaucum	0.00784313725490196	Vicia hirsuta	0.00392156862745098	Oenanthe fistulosa	0.00392156862745098	Valerianella dentata	0.00392156862745098
Galium_parisiense.jpg	Galium parisiense	Galium saxatile	0.17254901960784313	Bryonia dioica	0.058823529411764705	Galium palustre	0.054901960784313725	Physospermum cornubiense	0.0392156862745098	Galium lucidum	0.0392156862745098
Galium_rotundifolium_2006.07.06_15.02.45-p7060182.jpg	Galium rotundifolium	Galium rotundifolium	0.6470588235294118	Moehringia trinervia	0.1568627450980392	Stellaria neglecta	0.10980392156862745	Buglossoides arvensis	0.01568627450980392	Veronica cymbalaria	0.011764705882352941
Galium_harcynicum_detail.jpeg	Galium saxatile	Galium saxatile	0.5568627450980392	Galium palustre	0.15294117647058825	Galium glaucum	0.10588235294117647	Galium lucidum	0.058823529411764705	Galium mollugo	0.027450980392156862
Galium_verrucosum_Sebkhat_Kelbia_2.jpg	Galium verrucosum	Galium tricornutum	0.5490196078431373	Galium verrucosum	0.16862745098039217	Dittrichia viscosa	0.09411764705882353	Crupina vulgaris	0.01568627450980392	Galium aparine	0.01568627450980392
Galium_verum01.jpg	Galium verum	Galium verum	0.8549019607843137	Cruciata laevipes	0.00784313725490196	Ferula communis	0.00392156862745098	Sisymbrium austriacum	0.00392156862745098	Smyrnium perfoliatum	0.00392156862745098
Gamochaeta_pensylvanica-_R%C3%ADo_Negro%2C_Palmar%2C_Suelo_arcilloso_entre_rocas_cerca_al_dique_de_la_represa_1.jpg	Gamochaeta pensylvanica	Gamochaeta pensylvanica	0.7176470588235294	Gnaphalium uliginosum	0.12156862745098039	Alyssum alyssoides	0.03137254901960784	Plantago afra	0.0196078431372549	Alyssum simplex	0.01568627450980392
Gaudinia_fragilis_-_Botanischer_Garten_M%C3%BCnchen-Nymphenburg_-_DSC07884.JPG	Gaudinia fragilis	Armeria pungens	0.1450980392156863	Alopecurus myosuroides	0.1450980392156863	Poa annua	0.10196078431372549	Cyperus esculentus	0.043137254901960784	Parapholis incurva	0.03137254901960784
Gazania_rigens-2.jpg	Gazania rigens	Gazania rigens	0.27058823529411763	Anemone palmata	0.16862745098039217	Coleostephus myconis	0.13333333333333333	Calendula suffruticosa	0.09411764705882353	Anacyclus radiatus	0.09411764705882353
Genista_anglica.jpeg	Genista anglica	Genista anglica	0.9725490196078431	Lotus pedunculatus	0.00784313725490196	Genista triacanthos	0.00392156862745098	Cerastium semidecandrum	0.0	Theligonum cynocrambe	0.0
Genista_florida_2601.JPG	Genista florida	Seseli tortuosum	0.1411764705882353	Retama sphaerocarpa	0.1411764705882353	Tamarix africana	0.09803921568627451	Genista polyanthos	0.09803921568627451	Salix salviifolia	0.08627450980392157
Gennaria_diphylla_-_Las_Canarias_1.jpg	Gennaria diphylla	Gennaria diphylla	0.9882352941176471	Umbilicus rupestris	0.00392156862745098	Epipactis tremolsii	0.00392156862745098	Cerastium semidecandrum	0.0	Theligonum cynocrambe	0.0
Gelber_Enzian_%28Gentiana_lutea%29%2C_Bl%C3%BCtenstand.jpg	Gentiana lutea	Gentiana lutea	0.3411764705882353	Helleborus foetidus	0.023529411764705882	Acanthus mollis	0.0196078431372549	Aeonium arboreum	0.011764705882352941	Ruscus aculeatus	0.00784313725490196
Gentiana_pneumonanthe_130805a.jpg	Gentiana pneumonanthe	Gentiana pneumonanthe	0.7725490196078432	Campanula rapunculus	0.03529411764705882	Vicia onobrychioides	0.0196078431372549	Ilex aquifolium	0.01568627450980392	Romulea bulbocodium	0.011764705882352941
Geraniaceae_-_Geranium_columbinum-1.JPG	Geranium columbinum	Geranium columbinum	0.9490196078431372	Geranium sanguineum	0.01568627450980392	Geranium dissectum	0.00392156862745098	Geranium molle	0.00392156862745098	Cerastium semidecandrum	0.0
Geranium_February_2008-1.jpg	Geranium dissectum	Geranium dissectum	0.788235294117647	Geranium columbinum	0.13333333333333333	Geranium sanguineum	0.027450980392156862	Echium plantagineum	0.00392156862745098	Althaea hirsuta	0.00392156862745098
Geranium_molle-01_%28xndr%29.jpg	Geranium molle	Geranium molle	0.7137254901960784	Geranium pusillum	0.13725490196078433	Legousia hybrida	0.011764705882352941	Verbena rigida	0.011764705882352941	Erodium malacoides	0.011764705882352941
Geranium_purpureum_3.jpg	Geranium purpureum	Geranium purpureum	0.6235294117647059	Geranium robertianum	0.27450980392156865	Geranium columbinum	0.0196078431372549	Fagonia cretica	0.011764705882352941	Geranium dissectum	0.00784313725490196
Geranium_pusillum.jpeg	Geranium pusillum	Geranium pusillum	0.39215686274509803	Aphanes australis	0.27450980392156865	Geranium molle	0.12156862745098039	Fumaria bastardii	0.027450980392156862	Geranium rotundifolium	0.027450980392156862
Geranium_pyrenaicum_5_RF.jpg	Geranium pyrenaicum	Geranium pyrenaicum	0.7568627450980392	Geranium molle	0.1843137254901961	Geranium pusillum	0.027450980392156862	Geranium sanguineum	0.00392156862745098	Geranium columbinum	0.00392156862745098
Herb-Robert_800.jpg	Geranium robertianum	Geranium purpureum	0.5490196078431373	Geranium robertianum	0.23921568627450981	Erodium botrys	0.00392156862745098	Erodium acaule	0.00392156862745098	Erodium chium	0.00392156862745098
Geranium_February_2008-3.jpg	Geranium rotundifolium	Geranium rotundifolium	0.3411764705882353	Geranium molle	0.26666666666666666	Geranium pusillum	0.058823529411764705	Geranium sanguineum	0.047058823529411764	Geranium columbinum	0.0392156862745098
Geranium_Sanguineum_Portland_Maine.jpg	Geranium sanguineum	Geranium sanguineum	0.8941176470588236	Geranium columbinum	0.00784313725490196	Viola bubanii	0.00392156862745098	Cerastium semidecandrum	0.0	Theligonum cynocrambe	0.0
Geum_coccineum2.jpg	Geum sylvaticum	Geum sylvaticum	0.8156862745098039	Fragaria vesca	0.0392156862745098	Humulus lupulus	0.027450980392156862	Aphanes australis	0.011764705882352941	Potentilla sterilis	0.011764705882352941
%28MHNT%29_Geum_urbanum_-_Habit.jpg	Geum urbanum	Barbarea intermedia	0.12156862745098039	Geum urbanum	0.08627450980392157	Inula salicina	0.050980392156862744	Sisymbrium austriacum	0.047058823529411764	Oenanthe fistulosa	0.03137254901960784
Gladiolus_illyricus_037.JPG	Gladiolus illyricus	Gladiolus illyricus	0.6862745098039216	Gladiolus italicus	0.30196078431372547	Cerastium semidecandrum	0.0	Theligonum cynocrambe	0.0	Arctotheca calendula	0.0
0_Gladiolus_italicus_-_Samo%C3%ABns_%281%29.JPG	Gladiolus italicus	Gladiolus italicus	0.6862745098039216	Gladiolus illyricus	0.23921568627450981	Bromus catharticus	0.01568627450980392	Bromus madritensis	0.00392156862745098	Centaurea sphaerocephala	0.00392156862745098
Glaucium_corniculatum_flor.jpg	Glaucium corniculatum	Glaucium corniculatum	0.7294117647058823	Papaver somniferum	0.043137254901960784	Papaver rhoeas	0.0392156862745098	Alcea rosea	0.00784313725490196	Papaver dubium	0.00784313725490196
Glaucium_flavum_2015-06-16_442.JPG	Glaucium flavum	Glaucium flavum	0.9607843137254902	Glaucium corniculatum	0.011764705882352941	Ranunculus gramineus	0.00392156862745098	Cerastium semidecandrum	0.0	Theligonum cynocrambe	0.0
Glechoma_hederacea_-_Keila.jpg	Glechoma hederacea	Glechoma hederacea	0.33725490196078434	Veronica polita	0.10196078431372549	Pedicularis sylvatica	0.023529411764705882	Teucrium scordium	0.023529411764705882	Scutellaria galericulata	0.0196078431372549
Gleditsia_triacanthos_Maryhill_Museum_01.jpg	Gleditsia triacanthos	Acacia saligna	0.7843137254901961	Acacia pycnantha	0.06666666666666667	Senecio jacobaea	0.03137254901960784	Anagyris foetida	0.011764705882352941	Quercus rotundifolia	0.00784313725490196
Globularia_alypum_02.jpg	Globularia alypum	Globularia alypum	0.8	Globularia vulgaris	0.03137254901960784	Jasione montana	0.01568627450980392	Jasione laevis	0.00392156862745098	Allium guttatum	0.00392156862745098
Globularia_vulgaris01.jpg	Globularia vulgaris	Globularia vulgaris	1.0	Valeriana montana	0.00392156862745098	Cerastium semidecandrum	0.0	Theligonum cynocrambe	0.0	Arctotheca calendula	0.0
Glyceria_striata.jpg	Glyceria declinata	Leersia oryzoides	0.5607843137254902	Deschampsia cespitosa	0.13725490196078433	Poa angustifolia	0.058823529411764705	Glyceria fluitans	0.0392156862745098	Melica ciliata	0.03137254901960784
Glyceria.fluitans.2.jpg	Glyceria fluitans	Schoenoplectus lacustris	0.2784313725490196	Cyperus longus	0.2196078431372549	Glyceria fluitans	0.06666666666666667	Schoenoplectus triqueter	0.043137254901960784	Bolboschoenus maritimus	0.03529411764705882
Moerasdroogbloem_plant_Gnaphalium_uliginosum_%281%29.jpg	Gnaphalium uliginosum	Gnaphalium uliginosum	1.0	Cerastium semidecandrum	0.0	Theligonum cynocrambe	0.0	Arctotheca calendula	0.0	Lathyrus pratensis	0.0
Asclepias_fruticosa_fruits.jpg	Gomphocarpus fruticosus	Gomphocarpus fruticosus	0.4980392156862745	Gomphocarpus physocarpus	0.44313725490196076	Vicia peregrina	0.00392156862745098	Cotula coronopifolia	0.00392156862745098	Vicia lutea	0.00392156862745098
Asclepias_physocarpa2.jpg	Gomphocarpus physocarpus	Gomphocarpus physocarpus	0.28627450980392155	Gomphocarpus fruticosus	0.28627450980392155	Arundo donax	0.043137254901960784	Silene uniflora	0.023529411764705882	Phragmites australis	0.0196078431372549
Gratiola_officinalis3.jpg	Gratiola officinalis	Gratiola officinalis	0.2549019607843137	Daphne gnidium	0.06274509803921569	Halimium umbellatum	0.054901960784313725	Veronica scutellata	0.027450980392156862	Potentilla erecta	0.023529411764705882
Groenlandia_densa_01_by-dpc.jpg	Groenlandia densa	Cymodocea nodosa	0.47058823529411764	Egeria densa	0.2627450980392157	Dryopteris filix-mas	0.054901960784313725	Vallisneria spiralis	0.023529411764705882	Dryopteris affinis	0.01568627450980392
M%C3%BCcken-H%C3%A4ndelwurz_Gymnadenia_conopsea.jpg	Gymnadenia conopsea	Gymnadenia conopsea	0.8941176470588236	Dactylorhiza maculata	0.050980392156862744	Dactylorhiza elata	0.00784313725490196	Anacamptis pyramidalis	0.00784313725490196	Lupinus angustifolius	0.00392156862745098
Willow-leaved_Hakea.jpg	Hakea salicifolia	Hakea salicifolia	0.5803921568627451	Acacia retinodes	0.0392156862745098	Acacia saligna	0.03529411764705882	Euphorbia terracina	0.03137254901960784	Bassia scoparia	0.027450980392156862
Halimium_halimifolium_Corse0.jpg	Halimium halimifolium	Halimium halimifolium	0.8823529411764706	Halimium lasianthum	0.011764705882352941	Halimium ocymoides	0.00784313725490196	Tuberaria lignosa	0.00392156862745098	Tuberaria guttata	0.00392156862745098
Halimium_lasianthum_2.jpg	Halimium lasianthum	Halimium halimifolium	0.5058823529411764	Tuberaria guttata	0.25098039215686274	Alkanna tinctoria	0.0392156862745098	Halimium lasianthum	0.03137254901960784	Cistanche phelypaea	0.023529411764705882
Halimium_ocymoides_20190521a.jpg	Halimium ocymoides	Halimium ocymoides	0.8392156862745098	Tuberaria guttata	0.06274509803921569	Halimium calycinum	0.023529411764705882	Halimium halimifolium	0.023529411764705882	Tuberaria globulariifolia	0.023529411764705882
Hedera_hibernica1.jpg	Hedera hibernica	Hedera hibernica	0.8470588235294118	Cynanchum acutum	0.0392156862745098	Smilax aspera	0.023529411764705882	Tropaeolum majus	0.00392156862745098	Vincetoxicum hirundinaria	0.00392156862745098
Helianthemum_apenninum1.jpg	Helianthemum apenninum	Helianthemum apenninum	0.792156862745098	Halimium umbellatum	0.15294117647058825	Cistus salviifolius	0.011764705882352941	Arenaria montana	0.00784313725490196	Cistus ladanifer	0.00784313725490196
Sonnenr%C3%B6schen.jpg	Helianthemum nummularium	Helianthemum marifolium	0.12549019607843137	Helianthemum nummularium	0.09803921568627451	Helianthemum hirtum	0.054901960784313725	Halimium lasianthum	0.054901960784313725	Tuberaria lignosa	0.043137254901960784
Sunflower_sky_backdrop.jpg	Helianthus annuus	Helianthus annuus	0.9019607843137255	Phytolacca heterotepala	0.00392156862745098	Hydrangea macrophylla	0.00392156862745098	Cerastium semidecandrum	0.0	Theligonum cynocrambe	0.0
Helichrysum_italicum_%28immortelle%29.JPG	Helichrysum italicum	Cytisus multiflorus	0.26666666666666666	Myrica gale	0.050980392156862744	Thymus zygis	0.050980392156862744	Santolina rosmarinifolia	0.047058823529411764	Salicornia ramosissima	0.047058823529411764
HELICHRYSUM_STOECHAS_-_AGUDA_-_IB-813_%28Sempreviva_borda%29.JPG	Helichrysum stoechas	Tanacetum vulgare	0.1843137254901961	Helichrysum stoechas	0.11372549019607843	Helichrysum italicum	0.10196078431372549	Santolina rosmarinifolia	0.0392156862745098	Achillea ageratum	0.03529411764705882
Heliotropium_curassavicum_Cambria_CA_%28cropped%29.jpg	Heliotropium curassavicum	Iberis procumbens	0.396078431372549	Corrigiola litoralis	0.17254901960784313	Lobularia maritima	0.09411764705882353	Calepina irregularis	0.011764705882352941	Heliotropium curassavicum	0.011764705882352941
Heliotropium_europaeum3.jpg	Heliotropium europaeum	Heliotropium europaeum	0.996078431372549	Cerastium semidecandrum	0.0	Theligonum cynocrambe	0.0	Arctotheca calendula	0.0	Lathyrus pratensis	0.0
HelleborusFoetidus-plant.jpg	Helleborus foetidus	Helleborus foetidus	0.984313725490196	Cerastium semidecandrum	0.0	Theligonum cynocrambe	0.0	Arctotheca calendula	0.0	Lathyrus pratensis	0.0
Heracleum_sphondylium_Berenklauw.jpg	Heracleum sphondylium	Oenanthe pimpinelloides	0.2901960784313726	Heracleum sphondylium	0.2901960784313726	Peucedanum oreoselinum	0.1803921568627451	Conium maculatum	0.0392156862745098	Oenanthe crocata	0.023529411764705882
Herniaria_hirsuta_cinerea.jpg	Herniaria cinerea	Herniaria cinerea	0.9921568627450981	Cosentinia vellea	0.00392156862745098	Cerastium semidecandrum	0.0	Theligonum cynocrambe	0.0	Arctotheca calendula	0.0
Herniaria_glabra_2005.06.12_14.50.22.jpg	Herniaria glabra	Herniaria glabra	0.9568627450980393	Valantia muralis	0.011764705882352941	Polycarpon tetraphyllum	0.00784313725490196	Montia fontana	0.00392156862745098	Amaranthus blitum	0.00392156862745098
Hesperis_matronalis_flowers.jpg	Hesperis laciniata	Silene ciliata	0.19215686274509805	Butomus umbellatus	0.13725490196078433	Dianthus lusitanus	0.06666666666666667	Eleocharis acicularis	0.058823529411764705	Schoenoplectus lacustris	0.047058823529411764
Hieracium_amplexicaule_002.JPG	Hieracium amplexicaule	Sonchus oleraceus	0.807843137254902	Hieracium amplexicaule	0.054901960784313725	Hieracium murorum	0.023529411764705882	Sonchus asper	0.023529411764705882	Pilosella officinarum	0.00784313725490196
Hawkweed_2007-5.jpg	Hieracium lachenalii	Reichardia picroides	0.6509803921568628	Sonchus tenerrimus	0.1568627450980392	Hypochaeris radicata	0.043137254901960784	Reichardia intermedia	0.03137254901960784	Hypochaeris glabra	0.03137254901960784
Hieracium_laevigatum_Willd._%287608628280%29.jpg	Hieracium laevigatum	Crepis vesicaria	0.16862745098039217	Sisymbrium austriacum	0.11764705882352941	Crepis capillaris	0.058823529411764705	Hieracium laevigatum	0.050980392156862744	Hieracium sabaudum	0.03529411764705882
Hieracium_murorum_blatt.jpeg	Hieracium murorum	Hieracium murorum	0.6196078431372549	Hieracium laevigatum	0.14901960784313725	Hieracium lachenalii	0.11764705882352941	Hieracium amplexicaule	0.023529411764705882	Cleonia lusitanica	0.011764705882352941
Hieracium_sabaudum_flower_head.jpg	Hieracium sabaudum	Reichardia picroides	0.27450980392156865	Andryala ragusina	0.12156862745098039	Sonchus tenerrimus	0.12156862745098039	Sonchus oleraceus	0.08627450980392157	Hypochaeris radicata	0.03529411764705882
Canada_Hawkweed.jpg	Hieracium umbellatum	Sonchus asper	0.13725490196078433	Sonchus tenerrimus	0.10980392156862745	Sonchus oleraceus	0.09803921568627451	Reichardia picroides	0.08627450980392157	Hypochaeris radicata	0.058823529411764705
Hippocrepis_unisiliquosa_1.jpg	Hippocrepis biflora	Hippocrepis ciliata	0.5294117647058824	Hippocrepis biflora	0.4196078431372549	Vicia peregrina	0.011764705882352941	Astragalus hamosus	0.00784313725490196	Linaria polygalifolia	0.00392156862745098
3672-Hippocrepis_ciliata-5.06.JPG	Hippocrepis ciliata	Hippocrepis ciliata	0.9686274509803922	Hippocrepis biflora	0.01568627450980392	Scorpiurus muricatus	0.00392156862745098	Cerastium semidecandrum	0.0	Theligonum cynocrambe	0.0
Hirschfeldia_incana_plant1_%2814445285567%29.jpg	Hirschfeldia incana	Hirschfeldia incana	0.9647058823529412	Senecio sylvaticus	0.023529411764705882	Brassica nigra	0.00392156862745098	Cerastium semidecandrum	0.0	Theligonum cynocrambe	0.0
Vellosilla_de_Espa%C3%B1a_%286942388172%29.jpg	Hispidella hispanica	Tolpis barbata	0.8352941176470589	Hispidella hispanica	0.11372549019607843	Tolpis umbellata	0.00392156862745098	Tuberaria globulariifolia	0.00392156862745098	Cerastium semidecandrum	0.0
Holcus_lanatus_Gestreepte_witbol_%282%29.jpg	Holcus lanatus	Typha latifolia	0.19607843137254902	Alopecurus arundinaceus	0.19607843137254902	Typha angustifolia	0.17254901960784313	Carex elata	0.10980392156862745	Bromus catharticus	0.09803921568627451
Holcus.mollis.2.jpg	Holcus mollis	Avenula pubescens	0.34509803921568627	Holcus lanatus	0.3058823529411765	Deschampsia cespitosa	0.12156862745098039	Arrhenatherum elatius	0.07450980392156863	Holcus mollis	0.050980392156862744
Honckenya_peploides_kz2.jpg	Honckenya peploides	Honckenya peploides	0.8901960784313725	Euphorbia paralias	0.058823529411764705	Euphorbia portlandica	0.011764705882352941	Scrophularia frutescens	0.00784313725490196	Artemisia campestris	0.00784313725490196
Hordeum_marinum_-_Oslo_botanical_garden_-_IMG_8875.jpg	Hordeum marinum	Glyceria fluitans	0.13725490196078433	Poa annua	0.13725490196078433	Digitaria ischaemum	0.09411764705882353	Paspalum dilatatum	0.06666666666666667	Alopecurus myosuroides	0.06666666666666667
Kruipertje_Hordeum_murinum_plant.jpg	Hordeum murinum	Bromus catharticus	0.2901960784313726	Leersia oryzoides	0.10196078431372549	Bromus diandrus	0.06274509803921569	Bromus sterilis	0.054901960784313725	Elymus repens	0.03529411764705882
Hordeum_secalinum300612a.jpg	Hordeum secalinum	Hordeum secalinum	0.8941176470588236	Vulpia myuros	0.0196078431372549	Vulpia ciliata	0.00784313725490196	Elymus athericus	0.00392156862745098	Elymus caninus	0.00392156862745098
Hornungia_petraea2_eF.jpg	Hornungia petraea	Hornungia petraea	0.9568627450980393	Veronica triphyllos	0.00392156862745098	Helianthemum salicifolium	0.00392156862745098	Spergula morisonii	0.00392156862745098	Chaenorhinum minus	0.00392156862745098
Hopfen1.jpg	Humulus lupulus	Humulus lupulus	0.9098039215686274	Viburnum opulus	0.011764705882352941	Sedum hirsutum	0.00392156862745098	Helleborus foetidus	0.00392156862745098	Clematis cirrhosa	0.00392156862745098
Scilla_hispanica_1.JPG	Hyacinthoides hispanica	Hyacinthoides hispanica	0.7803921568627451	Campanula rapunculus	0.08235294117647059	Hyacinthoides non-scripta	0.0196078431372549	Agapanthus praecox	0.0196078431372549	Limodorum trabutianum	0.00784313725490196
Hyacinthoides_non-scripta_%28Common_Bluebell%29.jpg	Hyacinthoides non-scripta	Hyacinthoides non-scripta	0.8705882352941177	Hyacinthoides hispanica	0.06666666666666667	Iris planifolia	0.00392156862745098	Echium plantagineum	0.00392156862745098	Muscari neglectum	0.00392156862745098
Hydrangea_macrophylla_01_Crop.jpg	Hydrangea macrophylla	Hydrangea macrophylla	0.7215686274509804	Lantana camara	0.12156862745098039	Digitalis purpurea	0.0392156862745098	Viburnum tinus	0.03137254901960784	Cytinus ruber	0.011764705882352941
Hydrocotyle_bonariensis.jpg	Hydrocotyle bonariensis	Hydrocotyle vulgaris	0.21568627450980393	Viola palustris	0.13333333333333333	Hydrocotyle bonariensis	0.10588235294117647	Cruciata glabra	0.047058823529411764	Cochlearia danica	0.047058823529411764
HydrocotyleVulgaris.jpg	Hydrocotyle vulgaris	Hydrocotyle vulgaris	0.7647058823529411	Umbilicus rupestris	0.09019607843137255	Chrysosplenium oppositifolium	0.047058823529411764	Hydrocotyle bonariensis	0.023529411764705882	Glechoma hederacea	0.01568627450980392
Hyoscyamus_albus_habitus.jpg	Hyoscyamus albus	Ficus carica	0.5764705882352941	Hyoscyamus albus	0.25098039215686274	Chrozophora tinctoria	0.047058823529411764	Quercus robur	0.03529411764705882	Diplotaxis muralis	0.0196078431372549
Hyparrhenia_hirta_espiguetes_albellatge.jpg	Hyparrhenia hirta	Hyparrhenia hirta	0.8117647058823529	Bromus squarrosus	0.047058823529411764	Avenula pubescens	0.0392156862745098	Elymus caninus	0.01568627450980392	Stipa tenacissima	0.00392156862745098
Hypecoum_imberbe_Palencia.jpg	Hypecoum imberbe	Hypecoum imberbe	0.9098039215686274	Ranunculus arvensis	0.00784313725490196	Coleostephus myconis	0.00784313725490196	Epilobium palustre	0.00392156862745098	Lysimachia nemorum	0.00392156862745098
%28MHNT%29_Hypericum_androsaemum_-_Habit.jpg	Hypericum androsaemum	Adiantum capillus-veneris	0.5098039215686274	Osmunda regalis	0.17647058823529413	Berula erecta	0.047058823529411764	Sonchus tenerrimus	0.01568627450980392	Ailanthus altissima	0.011764705882352941
Hypericum_Calycinum_photos.jpg	Hypericum calycinum	Hypericum calycinum	0.0784313725490196	Narcissus pseudonarcissus	0.054901960784313725	Nymphoides peltata	0.047058823529411764	Pulicaria vulgaris	0.047058823529411764	Lantana camara	0.043137254901960784
Hypericum_elodes1.jpg	Hypericum elodes	Hypericum elodes	1.0	Cerastium semidecandrum	0.0	Theligonum cynocrambe	0.0	Arctotheca calendula	0.0	Lathyrus pratensis	0.0
Hypericum_humifusum_W.jpg	Hypericum humifusum	Hypericum humifusum	0.9882352941176471	Gagea pratensis	0.00784313725490196	Cerastium semidecandrum	0.0	Theligonum cynocrambe	0.0	Arctotheca calendula	0.0
Hypericum_montanum06.jpg	Hypericum montanum	Hypericum montanum	0.8313725490196079	Hypericum linariifolium	0.043137254901960784	Hypericum perfoliatum	0.0392156862745098	Hypericum perforatum	0.0196078431372549	Hypericum humifusum	0.01568627450980392
Saint_John%27s_wort_flowers.jpg	Hypericum perfoliatum	Hypericum perforatum	0.3803921568627451	Hypericum perfoliatum	0.3803921568627451	Hypericum montanum	0.21176470588235294	Hypericum pulchrum	0.023529411764705882	Agrimonia procera	0.00392156862745098
Hypericum_pulchrum.jpg	Hypericum pulchrum	Hypericum pulchrum	0.9254901960784314	Hypericum montanum	0.043137254901960784	Hypericum perfoliatum	0.0196078431372549	Hypericum linariifolium	0.00392156862745098	Cerastium semidecandrum	0.0
Hypericum_tomentosum1.jpg	Hypericum tomentosum	Hypericum perfoliatum	0.3333333333333333	Hypericum perforatum	0.11764705882352941	Hypericum linariifolium	0.050980392156862744	Hypericum pulchrum	0.043137254901960784	Hypericum tomentosum	0.043137254901960784
Hypochoeris_glabra_fruits_2003-05-19.jpg	Hypochaeris glabra	Hypochaeris glabra	0.7372549019607844	Hieracium sabaudum	0.0784313725490196	Chondrilla juncea	0.0392156862745098	Taraxacum obovatum	0.011764705882352941	Senecio lividus	0.00784313725490196
Hypochaeris_radicata_3285.JPG	Hypochaeris radicata	Hieracium sabaudum	0.3764705882352941	Coleostephus myconis	0.1843137254901961	Hieracium laevigatum	0.1450980392156863	Leontodon tuberosus	0.06274509803921569	Pulicaria odora	0.0392156862745098
Illecebrum_verticillatum-IMG_4272.jpg	Illecebrum verticillatum	Illecebrum verticillatum	0.1568627450980392	Sedum anglicum	0.06274509803921569	Azolla filiculoides	0.043137254901960784	Sedum arenarium	0.023529411764705882	Galium murale	0.0196078431372549
Inula_salicina_240606.jpg	Inula salicina	Inula salicina	0.8823529411764706	Inula montana	0.06666666666666667	Pulicaria odora	0.01568627450980392	Doronicum plantagineum	0.011764705882352941	Pulicaria dysenterica	0.00392156862745098
Ipomoea_July_2007-1.jpg	Ipomoea indica	Ipomoea indica	0.36470588235294116	Ipomoea purpurea	0.1411764705882353	Colocasia esculenta	0.011764705882352941	Calystegia silvatica	0.00784313725490196	Tropaeolum majus	0.00392156862745098
BlueMorningGlory.jpg	Ipomoea purpurea	Ipomoea indica	0.6431372549019608	Ipomoea purpurea	0.13725490196078433	Iris germanica	0.027450980392156862	Echium plantagineum	0.011764705882352941	Echium gaditanum	0.011764705882352941
Iris_albicans_fort_worth.jpg	Iris albicans	Iris albicans	0.8784313725490196	Iris xiphium	0.011764705882352941	Gratiola officinalis	0.00784313725490196	Linaria hirta	0.00392156862745098	Iris pseudacorus	0.00392156862745098
Iris_foetidissima_PaR.JPG	Iris foetidissima	Iris foetidissima	0.9333333333333333	Onobrychis viciifolia	0.00392156862745098	Iris germanica	0.00392156862745098	Acer pseudoplatanus	0.00392156862745098	Cerastium semidecandrum	0.0
Iris_Germanica_2012-2.jpg	Iris germanica	Iris germanica	0.6980392156862745	Iris xiphium	0.11764705882352941	Iris albicans	0.027450980392156862	Iris planifolia	0.0196078431372549	Iris pseudacorus	0.011764705882352941
Iris_planifolia_01.JPG	Iris planifolia	Iris planifolia	0.611764705882353	Iris xiphium	0.03137254901960784	Cleonia lusitanica	0.0196078431372549	Hyacinthoides non-scripta	0.01568627450980392	Hyacinthoides hispanica	0.011764705882352941
Iris_pseudacorus_iris_des_marais.jpg	Iris pseudacorus	Iris pseudacorus	0.9529411764705882	Iris germanica	0.00784313725490196	Nymphoides peltata	0.00392156862745098	Utricularia australis	0.00392156862745098	Chelidonium majus	0.00392156862745098
Iris-xiphium.JPG	Iris xiphium	Iris xiphium	0.8901960784313725	Iris planifolia	0.011764705882352941	Crocus serotinus	0.00784313725490196	Viola bubanii	0.00392156862745098	Aphyllanthes monspeliensis	0.00392156862745098
Isatis_tinctoria02.JPG	Isatis tinctoria	Smyrnium olusatrum	0.1803921568627451	Aeonium arboreum	0.11372549019607843	Isatis tinctoria	0.11372549019607843	Asparagus acutifolius	0.09019607843137255	Quercus lusitanica	0.050980392156862744
Fig._09_Isolepis_fluitans.jpg	Isolepis fluitans	Isolepis fluitans	0.6862745098039216	Juncus bulbosus	0.050980392156862744	Eleocharis multicaulis	0.047058823529411764	Eleocharis palustris	0.0392156862745098	Potamogeton pusillus	0.03137254901960784
Jasione_levis.jpg	Jasione laevis	Jasione laevis	0.9294117647058824	Centaurea cyanus	0.047058823529411764	Jasione montana	0.00784313725490196	Carduncellus caeruleus	0.00392156862745098	Jasione crispa	0.00392156862745098
Bombus_soroeensis_-_Jasione_montana_-_Tallinn.jpg	Jasione montana	Jasione laevis	0.4470588235294118	Jasione montana	0.17647058823529413	Centaurea cyanus	0.09803921568627451	Jasione crispa	0.054901960784313725	Scilla verna	0.01568627450980392
Jasonia_3.JPG	Jasonia tuberosa	Jasonia tuberosa	0.8509803921568627	Scorzonera humilis	0.0392156862745098	Genista hirsuta	0.027450980392156862	Gagea pratensis	0.027450980392156862	Scorzonera laciniata	0.00784313725490196
Noyer_centenaire_en_automne.JPG	Juglans regia	Salix fragilis	0.34901960784313724	Prunus dulcis	0.27450980392156865	Fraxinus angustifolia	0.09411764705882353	Quercus faginea	0.09411764705882353	Castanea sativa	0.027450980392156862
Juncus.acutiflorus2.-.lindsey.jpg	Juncus acutiflorus	Juncus subnodulosus	0.5686274509803921	Juncus acutiflorus	0.19607843137254902	Equisetum ramosissimum	0.10980392156862745	Eleocharis palustris	0.0392156862745098	Schoenoplectus triqueter	0.0196078431372549
Juncus_acutus_at_Lake_Walyungup%2C_Rockingham_Lakes_Regional_Park%2C_June_2022_02.jpg	Juncus acutus	Corynephorus canescens	0.10980392156862745	Pinus pinaster	0.03137254901960784	Asplenium ruta-muraria	0.01568627450980392	Eichhornia crassipes	0.01568627450980392	Deschampsia cespitosa	0.01568627450980392
JuncusArticulatus.jpg	Juncus articulatus	Juncus articulatus	0.5529411764705883	Juncus acutiflorus	0.19215686274509805	Juncus acutus	0.043137254901960784	Juncus squarrosus	0.023529411764705882	Juncus subnodulosus	0.0196078431372549
Juncus_bufonius.jpeg	Juncus bufonius	Juncus bufonius	0.48627450980392156	Juncus ranarius	0.21176470588235294	Aira praecox	0.058823529411764705	Juncus hybridus	0.058823529411764705	Moenchia erecta	0.03529411764705882
Juncus_conglomeratus_-_Oslo_botanical_garden_-_IMG_8916.jpg	Juncus conglomeratus	Eleocharis uniglumis	0.7568627450980392	Festuca rubra	0.0392156862745098	Poa angustifolia	0.01568627450980392	Eleocharis multicaulis	0.01568627450980392	Equisetum ramosissimum	0.01568627450980392
Juncus_effuses.jpg	Juncus effusus	Trichophorum cespitosum	0.42745098039215684	Carex elata	0.16470588235294117	Scirpoides holoschoenus	0.07450980392156863	Carex remota	0.047058823529411764	Carex lepidocarpa	0.027450980392156862
Juncus_hybridus_inflorescence_%2801%29.jpg	Juncus hybridus	Juncus capitatus	0.6666666666666666	Juncus hybridus	0.043137254901960784	Juncus tenageia	0.03529411764705882	Juncus pygmaeus	0.023529411764705882	Juncus ranarius	0.023529411764705882
Meerstrand-Binse.JPG	Juncus maritimus	Juncus maritimus	0.6705882352941176	Typha angustifolia	0.1607843137254902	Cotula coronopifolia	0.03529411764705882	Schoenoplectus triqueter	0.0196078431372549	Cladium mariscus	0.01568627450980392
Juncus.conglomeratus.2.jpg	Juncus pygmaeus	Juncus acutiflorus	0.6392156862745098	Schoenoplectus triqueter	0.07450980392156863	Juncus subnodulosus	0.023529411764705882	Typha angustifolia	0.0196078431372549	Juncus inflexus	0.0196078431372549
Juncus_ranarius.jpeg	Juncus ranarius	Juncus tenageia	0.8156862745098039	Juncus bufonius	0.1568627450980392	Juncus ranarius	0.011764705882352941	Juncus pygmaeus	0.00392156862745098	Juncus bulbosus	0.00392156862745098
Juncus-subnodulosus.jpg	Juncus subnodulosus	Molinia caerulea	0.11372549019607843	Myrica gale	0.11372549019607843	Pilularia globulifera	0.09019607843137255	Carex elata	0.050980392156862744	Sparganium emersum	0.043137254901960784
Juncus_tenageia_plant_%2803%29.jpg	Juncus tenageia	Juncus tenageia	0.32941176470588235	Eleocharis uniglumis	0.16470588235294117	Arnoseris minima	0.06274509803921569	Isolepis setacea	0.050980392156862744	Eleocharis multicaulis	0.043137254901960784
Jute_002_lvp.jpg	Juncus tenuis	Juncus bufonius	0.9098039215686274	Juncus tenuis	0.08627450980392157	Juncus ranarius	0.00392156862745098	Cerastium semidecandrum	0.0	Theligonum cynocrambe	0.0
Jeneverbes.jpg	Juniperus communis	Robinia pseudoacacia	0.1803921568627451	Arbutus unedo	0.1607843137254902	Taxus baccata	0.11372549019607843	Pinus pinea	0.09019607843137255	Rhus coriaria	0.07058823529411765
Cade1.jpg	Juniperus oxycedrus	Juniperus communis	0.5019607843137255	Juniperus oxycedrus	0.4470588235294118	Xanthium spinosum	0.00784313725490196	Carduus tenuiflorus	0.00392156862745098	Asparagus albus	0.00392156862745098
Jurinea_bocconei.jpg	Jurinea humilis	Jurinea humilis	0.9647058823529412	Astragalus tragacantha	0.00784313725490196	Chamaecyparis lawsoniana	0.00392156862745098	Cerastium semidecandrum	0.0	Theligonum cynocrambe	0.0
Vivipary_in_Kalanchoe_daigremontiana.jpg	Kalanchoe daigremontiana	Kalanchoe daigremontiana	0.8784313725490196	Dryopteris affinis	0.03137254901960784	Carex nigra	0.0196078431372549	Paspalum distichum	0.00784313725490196	Heliotropium curassavicum	0.00784313725490196
Kickxia_elatine1.jpg	Kickxia elatine	Kickxia elatine	0.6823529411764706	Kickxia spuria	0.2980392156862745	Cerastium semidecandrum	0.0	Theligonum cynocrambe	0.0	Arctotheca calendula	0.0
Kickxia_spuria_eF.jpg	Kickxia spuria	Kickxia spuria	0.4235294117647059	Tripodion tetraphyllum	0.1843137254901961	Cistus albidus	0.08235294117647059	Kickxia elatine	0.027450980392156862	Scorpiurus vermiculatus	0.023529411764705882
Klasea_flavescens0001_04.jpg	Klasea flavescens	Matthiola sinuata	0.25098039215686274	Convolvulus lineatus	0.054901960784313725	Gnaphalium uliginosum	0.054901960784313725	Acacia melanoxylon	0.043137254901960784	Phagnalon rupestre	0.0392156862745098
Koeleria_vallesiana_-_Berlin_Botanical_Garden_-_IMG_8569.JPG	Koeleria vallesiana	Juncus squarrosus	0.25882352941176473	Carex remota	0.06274509803921569	Agrostis canina	0.043137254901960784	Molinia caerulea	0.03137254901960784	Myriophyllum aquaticum	0.03137254901960784
Kundmannia_sicula_2.jpg	Kundmannia sicula	Foeniculum vulgare	0.788235294117647	Helichrysum stoechas	0.08235294117647059	Ridolfia segetum	0.047058823529411764	Achillea ageratum	0.043137254901960784	Helichrysum italicum	0.011764705882352941
Lactucaserriola2web.jpg	Lactuca serriola	Lactuca serriola	0.403921568627451	Sonchus asper	0.1411764705882353	Sonchus oleraceus	0.054901960784313725	Sisymbrium austriacum	0.043137254901960784	Urospermum picroides	0.03529411764705882
Lactuca_viminea.jpg	Lactuca viminea	Lactuca viminea	0.9137254901960784	Chondrilla juncea	0.0196078431372549	Hypericum tomentosum	0.00784313725490196	Helianthemum aegyptiacum	0.00392156862745098	Hypericum linariifolium	0.00392156862745098
Cuminoides_vulgare_-_Lagoecia_-_Cimio_-_Le_Cumin._%28Wild_Cumin%29_%28NYPL_b14444147-1130618%29.tiff	Lagoecia cuminoides	Asplenium trichomanes	0.30196078431372547	Pteridium aquilinum	0.18823529411764706	Briza minor	0.11764705882352941	Selaginella kraussiana	0.023529411764705882	Erica arborea	0.011764705882352941
Lagurus_ovatus.jpg	Lagurus ovatus	Lagurus ovatus	0.5607843137254902	Polypogon monspeliensis	0.2784313725490196	Hordeum marinum	0.01568627450980392	Papaver pinnatifidum	0.00784313725490196	Typha latifolia	0.00392156862745098
Lamarckia_aurea_%28plant%29.jpg	Lamarckia aurea	Lamarckia aurea	1.0	Cerastium semidecandrum	0.0	Theligonum cynocrambe	0.0	Arctotheca calendula	0.0	Lathyrus pratensis	0.0
Lamium_amplexicaule_Kaldari_01.jpg	Lamium amplexicaule	Lamium amplexicaule	0.8745098039215686	Clinopodium vulgare	0.047058823529411764	Lamium bifidum	0.0196078431372549	Salvia verbenaca	0.00392156862745098	Marrubium vulgare	0.00392156862745098
Lamium_bifidum_imported_from_iNaturalist_photo_16334565_on_18_November_2021.jpg	Lamium bifidum	Lamium bifidum	0.8941176470588236	Stachys ocymastrum	0.0196078431372549	Urtica urens	0.0196078431372549	Prasium majus	0.0196078431372549	Scrophularia peregrina	0.00784313725490196
Lamium_maculatum_cm01.jpg	Lamium maculatum	Lamium maculatum	0.6862745098039216	Lamium purpureum	0.0392156862745098	Lamium amplexicaule	0.03137254901960784	Lunaria annua	0.011764705882352941	Stachys arvensis	0.011764705882352941
Lamium_purpureum_-_Tutermaa.jpg	Lamium purpureum	Lamium purpureum	0.7176470588235294	Lamium amplexicaule	0.09803921568627451	Lamium bifidum	0.043137254901960784	Glechoma hederacea	0.0196078431372549	Lamium maculatum	0.00392156862745098
LantanaFlowerLeaves.jpg	Lantana camara	Lantana camara	0.8705882352941177	Viburnum lantana	0.0196078431372549	Rubus vestitus	0.00392156862745098	Buddleja davidii	0.00392156862745098	Viburnum opulus	0.00392156862745098
Lapsana_communis_003.JPG	Lapsana communis	Lapsana communis	0.615686274509804	Crepis capillaris	0.18823529411764706	Crepis vesicaria	0.03137254901960784	Hieracium umbellatum	0.027450980392156862	Hieracium murorum	0.0196078431372549
Lathyrus_angulatus.jpg	Lathyrus angulatus	Vicia peregrina	0.9686274509803922	Vicia onobrychioides	0.01568627450980392	Lathyrus angulatus	0.00784313725490196	Lathyrus hirsutus	0.00392156862745098	Cerastium semidecandrum	0.0
Lathyrus_sp._01.jpg	Lathyrus annuus	Lathyrus annuus	0.4666666666666667	Lathyrus sphaericus	0.1607843137254902	Lathyrus cicera	0.11372549019607843	Lathyrus aphaca	0.10196078431372549	Vicia lutea	0.0392156862745098
Lathyrus_aphaca_var._aphaca1LEST.jpg	Lathyrus aphaca	Lathyrus aphaca	0.20784313725490197	Menyanthes trifoliata	0.1450980392156863	Lathyrus ochrus	0.11372549019607843	Helleborus foetidus	0.03137254901960784	Ruscus aculeatus	0.027450980392156862
Lathyrus_cicera.JPG	Lathyrus cicera	Lathyrus cicera	0.403921568627451	Lathyrus sphaericus	0.3176470588235294	Lathyrus setifolius	0.054901960784313725	Lathyrus aphaca	0.043137254901960784	Lathyrus annuus	0.03137254901960784
Lathyrus_clymenum1LEST.jpg	Lathyrus clymenum	Lathyrus cicera	0.3764705882352941	Lathyrus clymenum	0.3764705882352941	Lathyrus tingitanus	0.10196078431372549	Lathyrus setifolius	0.011764705882352941	Onobrychis humilis	0.00784313725490196
Lathyrus_hirsutus_bgiu.jpg	Lathyrus hirsutus	Lathyrus hirsutus	0.2980392156862745	Lathyrus angulatus	0.2627450980392157	Vicia bithynica	0.12941176470588237	Vicia peregrina	0.06274509803921569	Lathyrus clymenum	0.050980392156862744
Lathyrus_latifolius_flowers.jpg	Lathyrus latifolius	Lathyrus latifolius	0.5803921568627451	Lathyrus sylvestris	0.3215686274509804	Lathyrus odoratus	0.0392156862745098	Lathyrus linifolius	0.00392156862745098	Lathyrus clymenum	0.00392156862745098
Lathyrus_linifolius_RF.jpg	Lathyrus linifolius	Lathyrus linifolius	0.803921568627451	Lathyrus angulatus	0.054901960784313725	Lathyrus clymenum	0.0392156862745098	Vicia bithynica	0.027450980392156862	Vicia parviflora	0.0196078431372549
Lathyrus_niger_%28Schwarz-Platterbse%29_IMG_7523.JPG	Lathyrus niger	Lathyrus niger	0.8549019607843137	Lathyrus linifolius	0.050980392156862744	Vicia parviflora	0.03137254901960784	Vicia benghalensis	0.01568627450980392	Vicia disperma	0.00784313725490196
Grass_Vetchling_%28Lathyrus_nissolia%29_%283552393290%29.jpg	Lathyrus nissolia	Lathyrus nissolia	0.8901960784313725	Lathyrus sylvestris	0.023529411764705882	Lathyrus hirsutus	0.023529411764705882	Lathyrus angulatus	0.01568627450980392	Lathyrus cicera	0.00784313725490196
Lathyrus_ochrus.jpg	Lathyrus ochrus	Coincya monensis	0.35294117647058826	Bombycilaena erecta	0.15294117647058825	Lathyrus ochrus	0.12156862745098039	Carduncellus caeruleus	0.054901960784313725	Eryngium campestre	0.023529411764705882
Sweet_Pea-7.jpg	Lathyrus odoratus	Lathyrus clymenum	0.11372549019607843	Lathyrus tingitanus	0.09019607843137255	Lathyrus cicera	0.08235294117647059	Alcea rosea	0.054901960784313725	Lathyrus odoratus	0.054901960784313725
%28MHNT%29_Lathyrus_pratensis-_Habit.jpg	Lathyrus pratensis	Trifolium alexandrinum	0.403921568627451	Lathyrus pratensis	0.08627450980392157	Linaria triornithophora	0.08627450980392157	Vicia bithynica	0.0784313725490196	Ranunculus sceleratus	0.0392156862745098
Lathyrus_setifolius-Gesse_%C3%A0_feuille_fines-20160417.jpg	Lathyrus setifolius	Lathyrus cicera	0.6039215686274509	Onobrychis humilis	0.10196078431372549	Lathyrus clymenum	0.06274509803921569	Lathyrus nissolia	0.023529411764705882	Lathyrus tingitanus	0.011764705882352941
Lathyrus_sphaericus_Follateres.jpg	Lathyrus sphaericus	Lathyrus sphaericus	0.9764705882352941	Lathyrus cicera	0.011764705882352941	Lathyrus setifolius	0.011764705882352941	Cerastium semidecandrum	0.0	Theligonum cynocrambe	0.0
Lathyrus_sylvestris1.jpg	Lathyrus sylvestris	Lathyrus sylvestris	0.7019607843137254	Lathyrus annuus	0.027450980392156862	Lathyrus latifolius	0.023529411764705882	Lathyrus sphaericus	0.0196078431372549	Lathyrus nissolia	0.0196078431372549
Lathyrus_tingitanus1CEJO.jpg	Lathyrus tingitanus	Lathyrus tingitanus	0.8705882352941177	Lathyrus clymenum	0.058823529411764705	Lathyrus cicera	0.01568627450980392	Alcea rosea	0.00392156862745098	Lathyrus sylvestris	0.00392156862745098
Starr-071024-0195-Laurus_nobilis-leaves-Enchanting_Floral_Gardens_of_Kula-Maui_%2824867859296%29.jpg	Laurus nobilis	Laurus nobilis	0.5529411764705883	Phillyrea latifolia	0.16862745098039217	Quercus lusitanica	0.09411764705882353	Quercus coccifera	0.06666666666666667	Rhamnus alaternus	0.050980392156862744
Lavandula_latifolia_DehesaBoyalPuertollano.jpg	Lavandula latifolia	Lavandula latifolia	0.15294117647058825	Ajuga reptans	0.10588235294117647	Vicia villosa	0.07450980392156863	Limonium vulgare	0.058823529411764705	Limonium sinuatum	0.047058823529411764
Lavandula_multifida.jpg	Lavandula multifida	Lavandula multifida	0.07450980392156863	Dactylorhiza maculata	0.03137254901960784	Lavandula stoechas	0.027450980392156862	Nepeta tuberosa	0.0196078431372549	Stachys germanica	0.0196078431372549
Lstoechas.jpg	Lavandula pedunculata	Lavandula pedunculata	0.8666666666666667	Lavandula stoechas	0.11764705882352941	Salvia viridis	0.00392156862745098	Cerastium semidecandrum	0.0	Theligonum cynocrambe	0.0
Topped_lavendar_flowerhead.jpg	Lavandula stoechas	Lavandula stoechas	0.8705882352941177	Lavandula pedunculata	0.10588235294117647	Orobanche foetida	0.00392156862745098	Cerastium semidecandrum	0.0	Theligonum cynocrambe	0.0
L.viridis.JPG	Lavandula viridis	Lavandula viridis	0.9529411764705882	Dittrichia viscosa	0.01568627450980392	Cheirolophus sempervirens	0.00392156862745098	Onosma tricerosperma	0.00392156862745098	Senecio pyrenaicus	0.00392156862745098
Leersia_oryzoides_NRCS-1.jpg	Leersia oryzoides	Poa trivialis	0.17647058823529413	Leersia oryzoides	0.17647058823529413	Deschampsia cespitosa	0.1411764705882353	Festuca rubra	0.09803921568627451	Agrostis capillaris	0.08627450980392157
Legousia_hybrida_A.JPG	Legousia hybrida	Legousia hybrida	0.9254901960784314	Veronica anagallis-aquatica	0.00784313725490196	Spergularia rubra	0.00784313725490196	Veronica montana	0.00392156862745098	Lythrum junceum	0.00392156862745098
L_gibba2.jpg	Lemna gibba	Lemna gibba	0.807843137254902	Lemna minor	0.08627450980392157	Lemna minuta	0.058823529411764705	Callitriche stagnalis	0.023529411764705882	Wolffia arrhiza	0.00392156862745098
Eendekroos_dicht_bijeen.JPG	Lemna minor	Lemna minuta	0.2901960784313726	Montia fontana	0.23137254901960785	Lemna gibba	0.0784313725490196	Lemna minor	0.07058823529411765	Honckenya peploides	0.03529411764705882
Lemnaminuta.jpg	Lemna minuta	Lemna gibba	0.403921568627451	Minuartia recurva	0.07058823529411765	Platanus hispanica	0.03137254901960784	Ammi visnaga	0.023529411764705882	Trichophorum cespitosum	0.0196078431372549
Leontodon_hispidus_hyoseroides.jpg	Leontodon hispidus	Senecio doronicum	0.7568627450980392	Scorzonera laciniata	0.09019607843137255	Senecio pyrenaicus	0.07058823529411765	Anacyclus radiatus	0.01568627450980392	Reichardia picroides	0.01568627450980392
Leontodon_tuberosus_EnfoqueInflorescencia_2010-4-02_SierraMadrona.jpg	Leontodon tuberosus	Leontodon hispidus	0.49411764705882355	Leontodon tuberosus	0.21568627450980393	Scorzonera humilis	0.050980392156862744	Hypochaeris radicata	0.047058823529411764	Taraxacum obovatum	0.03137254901960784
Lepidium_graminifolium_2005.08.11_16.41.17.jpg	Lepidium graminifolium	Lepidium graminifolium	0.8431372549019608	Rhynchospora alba	0.023529411764705882	Linum catharticum	0.023529411764705882	Alisma plantago-aquatica	0.023529411764705882	Thalictrum minus	0.0196078431372549
Downy_Pepperwort_%28Lepidium_heterophyllum%29_-_geograph.org.uk_-_1393693.jpg	Lepidium heterophyllum	Lepidium heterophyllum	0.7529411764705882	Daucus carota	0.0392156862745098	Tordylium maximum	0.00784313725490196	Ammi visnaga	0.00784313725490196	Viburnum tinus	0.00784313725490196
20140523-Lepidium_latifolium-1.jpg	Lepidium latifolium	Calendula suffruticosa	0.2	Camelina microcarpa	0.2	Dittrichia viscosa	0.06274509803921569	Hieracium amplexicaule	0.043137254901960784	Brassica oleracea	0.043137254901960784
Lepidium_sativum_2019-05-04_2820.jpg	Lepidium sativum	Papaver argemone	0.10196078431372549	Lepidium sativum	0.10196078431372549	Oenanthe crocata	0.09019607843137255	Ranunculus paludosus	0.07058823529411765	Anthriscus caucalis	0.054901960784313725
Lepidium_virginicum_ssp_virginicum.jpg	Lepidium virginicum	Hornungia petraea	0.32941176470588235	Corrigiola telephiifolia	0.050980392156862744	Centranthus calcitrapae	0.0196078431372549	Thymus pulegioides	0.01568627450980392	Thymus zygis	0.01568627450980392
Leucanthemum_ircutianum_ENBLA02.JPG	Leucanthemum ircutianum	Anthemis arvensis	0.3058823529411765	Leucanthemum ircutianum	0.3058823529411765	Anthemis cotula	0.15294117647058825	Bellis annua	0.08235294117647059	Leucanthemum vulgare	0.047058823529411764
Leucanthemum_vulgare_%27Filigran%27_Flower_2200px.jpg	Leucanthemum vulgare	Leucanthemum vulgare	0.4980392156862745	Leucanthemum ircutianum	0.30980392156862746	Bellis sylvestris	0.054901960784313725	Bellis perennis	0.011764705882352941	Erigeron karvinskianus	0.011764705882352941
FloweringLigustrumLucidumTree.jpg	Ligustrum lucidum	Acacia melanoxylon	0.9215686274509803	Acacia longifolia	0.054901960784313725	Acacia mearnsii	0.011764705882352941	Arbutus unedo	0.00784313725490196	Cerastium semidecandrum	0.0
Wilde_liguster_%28Ligustrum_vulgare%29.jpg	Ligustrum vulgare	Frangula alnus	0.3137254901960784	Pistacia terebinthus	0.08627450980392157	Rhus coriaria	0.07450980392156863	Ceratonia siliqua	0.06666666666666667	Rosa corymbifera	0.054901960784313725
T%C3%BCrkenbund_Lilie%2C_Lilium_martagon_2.JPG	Lilium martagon	Lilium martagon	0.9764705882352941	Digitalis thapsi	0.00392156862745098	Cerastium semidecandrum	0.0	Theligonum cynocrambe	0.0	Arctotheca calendula	0.0
%D0%9D%D0%B5%D0%B4%D0%BE%D1%80%D0%B0%D0%B7%D0%B2%D0%B8%D1%82_%D0%BB%D0%B8%D0%BC%D0%BE%D0%B4%D0%BE%D1%80%D1%83%D0%BC_Limodorum_abortivum.jpg	Limodorum abortivum	Limodorum abortivum	0.9215686274509803	Epipactis tremolsii	0.00392156862745098	Limodorum trabutianum	0.00392156862745098	Cerastium semidecandrum	0.0	Theligonum cynocrambe	0.0
Limodorum_abortivum_Orchi_2013-04-16_022.jpg	Limodorum trabutianum	Limodorum abortivum	0.29411764705882354	Limodorum trabutianum	0.12941176470588237	Iris xiphium	0.06274509803921569	Scilla peruviana	0.03529411764705882	Fraxinus angustifolia	0.011764705882352941
Salgado_plant_on_the_beach.jpg	Limoniastrum monopetalum	Limoniastrum monopetalum	0.9254901960784314	Erica umbellata	0.0196078431372549	Convolvulus althaeoides	0.00784313725490196	Dianthus lusitanus	0.00392156862745098	Daboecia cantabrica	0.00392156862745098
Limonium_perezii_3.jpg	Limonium echioides	Scilla peruviana	0.39215686274509803	Trachelium caeruleum	0.13725490196078433	Viburnum tinus	0.03137254901960784	Allium ampeloprasum	0.027450980392156862	Limonium virgatum	0.023529411764705882
Tema_Nezahat_Gokyigit_Park_1060783_20080513133708.JPG	Limonium sinuatum	Limonium sinuatum	0.7529411764705882	Limonium vulgare	0.1450980392156863	Hesperis laciniata	0.043137254901960784	Senecio doria	0.00784313725490196	Lobelia erinus	0.00392156862745098
Limonium_virgatum_%2AStatice_virgata.jpg	Limonium virgatum	Limonium echioides	0.7725490196078432	Veronica scutellata	0.023529411764705882	Limonium virgatum	0.023529411764705882	Limoniastrum monopetalum	0.0196078431372549	Velezia rigida	0.01568627450980392
Limonium_vulgare_001.JPG	Limonium vulgare	Limonium vulgare	0.26666666666666666	Scilla peruviana	0.20784313725490197	Eichhornia crassipes	0.1450980392156863	Limonium sinuatum	0.12941176470588237	Allium nigrum	0.023529411764705882
Linaria_triornithophora.JPG	Linaria triornithophora	Linaria triornithophora	0.37254901960784315	Lathyrus sylvestris	0.08235294117647059	Ornithopus sativus	0.054901960784313725	Antirrhinum linkianum	0.03137254901960784	Viola arborescens	0.023529411764705882
Lindernia_dubia.jpg	Lindernia dubia	Lindernia dubia	0.8980392156862745	Scutellaria minor	0.03529411764705882	Scutellaria galericulata	0.00784313725490196	Moehringia trinervia	0.00392156862745098	Veronica scutellata	0.00392156862745098
Linum_austriacum_flora2.jpg	Linum austriacum	Linum austriacum	0.8235294117647058	Linum narbonense	0.1411764705882353	Linum bienne	0.00392156862745098	Viola bubanii	0.00392156862745098	Cerastium semidecandrum	0.0
Flower_March_2008-13_edit.jpg	Linum bienne	Linum bienne	0.9764705882352941	Linum austriacum	0.00784313725490196	Viola arborescens	0.00392156862745098	Cerastium semidecandrum	0.0	Theligonum cynocrambe	0.0
Liunum_catharticum1.jpg	Linum catharticum	Linum catharticum	0.5843137254901961	Saxifraga fragosoi	0.03529411764705882	Saxifraga granulata	0.0196078431372549	Cerastium semidecandrum	0.011764705882352941	Cerastium ramosissimum	0.011764705882352941
Linum_narbonense_flor.jpg	Linum narbonense	Linum austriacum	0.5019607843137255	Linum narbonense	0.3137254901960784	Linum bienne	0.07450980392156863	Veronica triphyllos	0.00784313725490196	Viola bubanii	0.00392156862745098
Linus_strictum-Lin_raide-Boutons-20160610.jpg	Linum strictum	Linum strictum	0.9686274509803922	Galium glaucum	0.00392156862745098	Cerastium semidecandrum	0.0	Theligonum cynocrambe	0.0	Arctotheca calendula	0.0
Linum_trigynum_Dingli_Cliffs_Malta_04.jpg	Linum trigynum	Linum trigynum	0.7137254901960784	Fumana laevipes	0.054901960784313725	Helianthemum marifolium	0.0196078431372549	Potentilla erecta	0.01568627450980392	Fumana thymifolia	0.01568627450980392
Littorella_uniflora.jpeg	Littorella uniflora	Littorella uniflora	0.5372549019607843	Plantago alpina	0.06274509803921569	Poa bulbosa	0.058823529411764705	Spirodela polyrhiza	0.03137254901960784	Poa supina	0.023529411764705882
Lobelia_close-up_%28aka%29.jpg	Lobelia erinus	Lobelia erinus	0.9098039215686274	Viola bubanii	0.0392156862745098	Aquilegia vulgaris	0.0196078431372549	Matthiola sinuata	0.00392156862745098	Cerastium semidecandrum	0.0
Lobelia_urens_%28spike%29.jpg	Lobelia urens	Lobelia urens	0.9803921568627451	Linaria elegans	0.00392156862745098	Cerastium semidecandrum	0.0	Theligonum cynocrambe	0.0	Arctotheca calendula	0.0
Smagliczka_nadmorska_1.jpg	Lobularia maritima	Ammi majus	0.3176470588235294	Scleranthus perennis	0.17647058823529413	Thymus capitellatus	0.06274509803921569	Ammi visnaga	0.054901960784313725	Thymus camphoratus	0.03529411764705882
Logfia_gallica_3_%2814289082519%29.jpg	Logfia gallica	Logfia gallica	0.33725490196078434	Rhynchospora alba	0.10196078431372549	Xeranthemum inapertum	0.08235294117647059	Juncus capitatus	0.08235294117647059	Aegilops geniculata	0.07450980392156863
Logfia_minima.jpg	Logfia minima	Logfia gallica	0.4392156862745098	Logfia minima	0.30980392156862746	Filago pyramidata	0.058823529411764705	Scleranthus polycarpos	0.0196078431372549	Juncus articulatus	0.01568627450980392
Lolium_multiflorum_detail.jpeg	Lolium multiflorum	Lolium multiflorum	0.8745098039215686	Bromus catharticus	0.06666666666666667	Lolium perenne	0.023529411764705882	Glyceria fluitans	0.011764705882352941	Bromus racemosus	0.011764705882352941
Lolium_perenne_Engels_raaigras_doorschietend.jpg	Lolium perenne	Peucedanum officinale	0.45098039215686275	Poa nemoralis	0.3568627450980392	Cymodocea nodosa	0.10980392156862745	Bromus catharticus	0.01568627450980392	Elymus repens	0.011764705882352941
Lonicera_etrusca_3.jpg	Lonicera etrusca	Lonicera etrusca	0.8705882352941177	Lonicera periclymenum	0.07450980392156863	Lonicera implexa	0.03137254901960784	Fumaria agraria	0.00392156862745098	Cerastium semidecandrum	0.0
Loniceraimplexa.jpg	Lonicera implexa	Lonicera implexa	0.7176470588235294	Lonicera etrusca	0.17254901960784313	Fumaria agraria	0.01568627450980392	Phytolacca americana	0.00784313725490196	Corydalis cava	0.00784313725490196
European_honeysuckle_800.jpg	Lonicera periclymenum	Lonicera periclymenum	0.5450980392156862	Lonicera etrusca	0.43137254901960786	Astragalus glycyphyllos	0.00784313725490196	Cerastium semidecandrum	0.0	Theligonum cynocrambe	0.0
%28MHNT%29_Lotus_corniculatus_-_Plant_habit.jpg	Lotus corniculatus	Genista falcata	0.29411764705882354	Adenocarpus telonensis	0.25882352941176473	Calicotome villosa	0.12941176470588237	Cytisus striatus	0.07058823529411765	Cytisus scoparius	0.06274509803921569
Lotus_creticus.JPG	Lotus creticus	Lotus creticus	0.9333333333333333	Medicago marina	0.00784313725490196	Argyrolobium zanonii	0.00784313725490196	Coronilla minima	0.00784313725490196	Lotus corniculatus	0.00392156862745098
Lotus_edulis_kz1.jpg	Lotus edulis	Lotus edulis	0.12941176470588237	Medicago littoralis	0.10196078431372549	Hippocrepis biflora	0.08235294117647059	Ononis pusilla	0.058823529411764705	Argyrolobium zanonii	0.03137254901960784
Lotus_ornithopodioides_RF_01.jpg	Lotus ornithopodioides	Lotus ornithopodioides	0.9490196078431372	Lotus pedunculatus	0.011764705882352941	Ornithopus compressus	0.00392156862745098	Medicago falcata	0.00392156862745098	Trifolium micranthum	0.00392156862745098
Lotus_uliginosus.jpg	Lotus pedunculatus	Lotus pedunculatus	0.3333333333333333	Lotus corniculatus	0.11372549019607843	Lotus ornithopodioides	0.043137254901960784	Melilotus segetalis	0.0392156862745098	Arum italicum	0.01568627450980392
Starr_070515-7067_Ludwigia_palustris.jpg	Ludwigia palustris	Ludwigia palustris	0.3411764705882353	Myrtus communis	0.23921568627450981	Epilobium brachycarpum	0.18823529411764706	Ligustrum lucidum	0.09411764705882353	Ligustrum vulgare	0.027450980392156862
Lunaria_annua_flowers.jpg	Lunaria annua	Lunaria annua	0.8431372549019608	Cistus populifolius	0.10196078431372549	Matthiola fruticulosa	0.011764705882352941	Matthiola incana	0.00784313725490196	Helianthus annuus	0.00392156862745098
Lupinus_angustifolius_20150331_a.jpg	Lupinus angustifolius	Lupinus angustifolius	0.1607843137254902	Asparagus acutifolius	0.10196078431372549	Anarrhinum bellidifolium	0.0784313725490196	Asparagus aphyllus	0.03529411764705882	Juniperus oxycedrus	0.023529411764705882
Luzula_campestris_in_Wales.JPG	Luzula campestris	Odontites vernus	0.29411764705882354	Juncus acutiflorus	0.11372549019607843	Juncus subnodulosus	0.11372549019607843	Luzula sylvatica	0.054901960784313725	Poa supina	0.03529411764705882
Luzula_multiflora_-_Berlin_Botanical_Garden_-_IMG_8554.JPG	Luzula multiflora	Juncus tenuis	0.19607843137254902	Juncus bulbosus	0.19607843137254902	Agrostis capillaris	0.17647058823529413	Aira caryophyllea	0.10980392156862745	Anthoxanthum aristatum	0.06274509803921569
Luzula_sylvatica_in_natural_setting.JPG	Luzula sylvatica	Carex pendula	0.2980392156862745	Plantago lanceolata	0.23529411764705882	Carex sylvatica	0.11764705882352941	Luzula sylvatica	0.06274509803921569	Agapanthus praecox	0.023529411764705882
Lycium_europaeum.jpg	Lycium europaeum	Lycium europaeum	0.9333333333333333	Withania frutescens	0.027450980392156862	Montia fontana	0.00392156862745098	Olea europaea	0.00392156862745098	Calicotome villosa	0.00392156862745098
Lycopodiella_inundata_002.jpg	Lycopodiella inundata	Lycopodiella inundata	0.6313725490196078	Lycopodium clavatum	0.043137254901960784	Ranunculus ollissiponensis	0.00392156862745098	Dryopteris affinis	0.00392156862745098	Echium creticum	0.00392156862745098
Lycopodium_clavatum_151207.jpg	Lycopodium clavatum	Lycopodium clavatum	0.6509803921568628	Erica arborea	0.054901960784313725	Erica lusitanica	0.023529411764705882	Myriophyllum verticillatum	0.011764705882352941	Achillea millefolium	0.011764705882352941
Wolfspoot_R0012816.JPG	Lycopus europaeus	Teucrium scordium	0.8980392156862745	Lycopus europaeus	0.08627450980392157	Thelypteris palustris	0.00784313725490196	Cerastium semidecandrum	0.0	Theligonum cynocrambe	0.0
Lysimachia_ephemerum_kz01.jpg	Lysimachia ephemerum	Lysimachia ephemerum	0.5019607843137255	Dactylorhiza maculata	0.047058823529411764	Orobanche crenata	0.043137254901960784	Asphodelus albus	0.027450980392156862	Reseda alba	0.0196078431372549
Yellow_pimpernel.jpg	Lysimachia nemorum	Lysimachia nemorum	0.2901960784313726	Centaurium maritimum	0.03529411764705882	Lathyrus annuus	0.03137254901960784	Hypericum humifusum	0.03137254901960784	Helianthemum ledifolium	0.023529411764705882
Lysimachia_vulgaris_%28flowers%29_2.jpg	Lysimachia vulgaris	Lysimachia vulgaris	0.9568627450980393	Barbarea intermedia	0.03529411764705882	Cerastium semidecandrum	0.0	Theligonum cynocrambe	0.0	Arctotheca calendula	0.0
LythrumHyssopifolia2.jpg	Lythrum hyssopifolia	Lythrum hyssopifolia	0.8666666666666667	Lythrum junceum	0.08235294117647059	Micromeria graeca	0.00784313725490196	Scutellaria galericulata	0.00392156862745098	Polygala serpyllifolia	0.00392156862745098
Lythrum_junceum.jpg	Lythrum junceum	Lythrum junceum	0.9607843137254902	Centaurium pulchellum	0.011764705882352941	Legousia hybrida	0.00392156862745098	Lythrum hyssopifolia	0.00392156862745098	Cerastium semidecandrum	0.0
LythrumPortula.jpg	Lythrum portula	Lythrum portula	0.9607843137254902	Montia fontana	0.011764705882352941	Stellaria alsine	0.00784313725490196	Cerastium semidecandrum	0.0	Theligonum cynocrambe	0.0
Lythrum_salicaria_-_harilik_kukesaba.jpg	Lythrum salicaria	Lythrum salicaria	0.7372549019607844	Stachys palustris	0.023529411764705882	Mentha spicata	0.011764705882352941	Lythrum junceum	0.00784313725490196	Armeria arenaria	0.00784313725490196
Malcolmia_littorea.jpg	Malcolmia littorea	Malcolmia littorea	0.9607843137254902	Matthiola sinuata	0.00784313725490196	Matthiola incana	0.00392156862745098	Raphanus raphanistrum	0.00392156862745098	Cerastium semidecandrum	0.0
Malus_sylvestris_005.JPG	Malus sylvestris	Malus sylvestris	0.30980392156862746	Rosa tomentosa	0.07450980392156863	Pyrus cordata	0.027450980392156862	Rosa corymbifera	0.027450980392156862	Prunus spinosa	0.023529411764705882
Malva_hispanica.jpg	Malva hispanica	Malva hispanica	0.6745098039215687	Malva tournefortiana	0.2627450980392157	Althaea hirsuta	0.023529411764705882	Malva neglecta	0.011764705882352941	Malva sylvestris	0.00392156862745098
Malva_neglecta-flower.jpg	Malva neglecta	Malva sylvestris	0.5098039215686274	Malva neglecta	0.10980392156862745	Malva parviflora	0.10980392156862745	Malva nicaeensis	0.10980392156862745	Althaea hirsuta	0.054901960784313725
Malvanicaeensis.jpg	Malva nicaeensis	Malva sylvestris	0.5333333333333333	Malva nicaeensis	0.20784313725490197	Malva neglecta	0.03137254901960784	Malva parviflora	0.027450980392156862	Datura stramonium	0.011764705882352941
Malva_parviflora_small.jpg	Malva parviflora	Malva parviflora	0.8627450980392157	Malva neglecta	0.03529411764705882	Malva sylvestris	0.023529411764705882	Malva nicaeensis	0.0196078431372549	Platanus hispanica	0.00392156862745098
Mallow_January_2008-1.jpg	Malva sylvestris	Malva sylvestris	0.5372549019607843	Malva parviflora	0.07058823529411765	Althaea hirsuta	0.058823529411764705	Althaea officinalis	0.01568627450980392	Malva neglecta	0.011764705882352941
Malva_tournefortiana_20100707.jpg	Malva tournefortiana	Petrorhagia saxifraga	0.5098039215686274	Cakile maritima	0.1568627450980392	Verbena officinalis	0.09803921568627451	Limonium virgatum	0.043137254901960784	Matthiola sinuata	0.03529411764705882
Mantisalca_salmantica1.jpg	Mantisalca salmantica	Mantisalca salmantica	0.9254901960784314	Papaver somniferum	0.00784313725490196	Allium nigrum	0.00392156862745098	Onopordum illyricum	0.00392156862745098	Cerastium semidecandrum	0.0
Marsilea_quadrifolia_plants.jpg	Marsilea quadrifolia	Euphorbia peplus	0.5450980392156862	Euphorbia paniculata	0.0392156862745098	Humulus lupulus	0.0392156862745098	Veronica cymbalaria	0.03529411764705882	Euphorbia dulcis	0.03529411764705882
P1070367.jpg	Matthiola fruticulosa	Matthiola fruticulosa	1.0	Cerastium semidecandrum	0.0	Theligonum cynocrambe	0.0	Arctotheca calendula	0.0	Lathyrus pratensis	0.0
Matthiola_incana6.jpg	Matthiola incana	Matthiola incana	0.9294117647058824	Centranthus ruber	0.01568627450980392	Galium saxatile	0.00392156862745098	Limonium sinuatum	0.00392156862745098	Nerium oleander	0.00392156862745098
Matthiola_sinuata1.jpg	Matthiola sinuata	Matthiola sinuata	0.8627450980392157	Matthiola incana	0.06274509803921569	Malcolmia littorea	0.00784313725490196	Cakile maritima	0.00392156862745098	Linaria elegans	0.00392156862745098
Medicago_arborea1.jpg	Medicago arborea	Medicago arborea	0.9490196078431372	Genista florida	0.011764705882352941	Genista hirsuta	0.00784313725490196	Genista tournefortii	0.00392156862745098	Dittrichia viscosa	0.00392156862745098
Medicago_falcata_bgiu.jpg	Medicago falcata	Medicago falcata	0.8588235294117647	Melilotus segetalis	0.027450980392156862	Medicago lupulina	0.01568627450980392	Trifolium campestre	0.011764705882352941	Trifolium dubium	0.00784313725490196
Medicago_littoralis2.jpg	Medicago littoralis	Medicago littoralis	0.9921568627450981	Lotus edulis	0.00392156862745098	Cerastium semidecandrum	0.0	Theligonum cynocrambe	0.0	Arctotheca calendula	0.0
MedicagoLupulina02.jpg	Medicago lupulina	Medicago lupulina	0.807843137254902	Trifolium dubium	0.12156862745098039	Trifolium campestre	0.0196078431372549	Euphorbia hyberna	0.00784313725490196	Medicago polymorpha	0.00392156862745098
Medicago_marina2.jpg	Medicago marina	Medicago marina	0.6392156862745098	Medicago arborea	0.03529411764705882	Medicago falcata	0.03529411764705882	Lotus creticus	0.023529411764705882	Andryala ragusina	0.01568627450980392
Medicago_minima_W.jpg	Medicago minima	Trifolium micranthum	0.09803921568627451	Ornithopus compressus	0.08627450980392157	Medicago minima	0.0784313725490196	Lotus ornithopodioides	0.06274509803921569	Medicago lupulina	0.047058823529411764
Medicago_orbicularis1.jpg	Medicago orbicularis	Medicago orbicularis	0.3333333333333333	Medicago littoralis	0.1843137254901961	Medicago truncatula	0.10196078431372549	Medicago polymorpha	0.09019607843137255	Trifolium dubium	0.03529411764705882
Medicago_polymorpha_%28Flower%29.jpg	Medicago polymorpha	Medicago polymorpha	0.14901960784313725	Melilotus segetalis	0.08235294117647059	Medicago lupulina	0.050980392156862744	Lysimachia vulgaris	0.023529411764705882	Medicago arabica	0.023529411764705882
Medicago_rigidula576.JPG	Medicago rigidula	Medicago truncatula	0.6235294117647059	Medicago rigidula	0.058823529411764705	Salix repens	0.050980392156862744	Euphorbia falcata	0.03137254901960784	Trifolium glomeratum	0.0196078431372549
Medicago_truncatula_A17_branch.JPG	Medicago truncatula	Trifolium micranthum	0.5647058823529412	Melilotus segetalis	0.15294117647058825	Medicago lupulina	0.06666666666666667	Coronilla scorpioides	0.043137254901960784	Oxalis corniculata	0.0196078431372549
Melampyrum_pratense.jpeg	Melampyrum pratense	Melampyrum pratense	0.9294117647058824	Lathyrus annuus	0.00392156862745098	Linaria triornithophora	0.00392156862745098	Cerastium semidecandrum	0.0	Theligonum cynocrambe	0.0
Melica_ciliata_010707.jpg	Melica ciliata	Melica ciliata	0.9294117647058824	Reseda alba	0.043137254901960784	Dactylis glomerata	0.00784313725490196	Stipa tenacissima	0.00392156862745098	Cynosurus cristatus	0.00392156862745098
Melica-uniflora-fruits.jpg	Melica uniflora	Melica uniflora	1.0	Cerastium semidecandrum	0.0	Theligonum cynocrambe	0.0	Arctotheca calendula	0.0	Lathyrus pratensis	0.0
Apis_mellifera_-_Melilotus_albus_-_Keila.jpg	Melilotus albus	Melilotus albus	0.06274509803921569	Sesamoides purpurascens	0.0392156862745098	Cerinthe major	0.027450980392156862	Spiranthes spiralis	0.027450980392156862	Trifolium alexandrinum	0.023529411764705882
Melilotus_indicus_%28Flower%29.jpg	Melilotus indicus	Melilotus indicus	0.37254901960784315	Medicago lupulina	0.027450980392156862	Melilotus segetalis	0.023529411764705882	Melilotus officinalis	0.0196078431372549	Medicago falcata	0.01568627450980392
Bombus_lapidarius_-_Melilotus_officinalis_-_Tallinn.jpg	Melilotus officinalis	Melilotus officinalis	0.403921568627451	Melilotus indicus	0.03529411764705882	Anagyris foetida	0.027450980392156862	Trifolium micranthum	0.023529411764705882	Melilotus segetalis	0.01568627450980392
Melilotus_segetalis_flowers.jpg	Melilotus segetalis	Melilotus officinalis	0.3333333333333333	Melilotus segetalis	0.3333333333333333	Melilotus indicus	0.3333333333333333	Cerastium semidecandrum	0.0	Theligonum cynocrambe	0.0
Lemon_balm_plant.jpg	Melissa officinalis	Melissa officinalis	0.5411764705882353	Mentha spicata	0.14901960784313725	Scrophularia auriculata	0.047058823529411764	Galeopsis tetrahit	0.03137254901960784	Urtica dioica	0.023529411764705882
Melittis_melissophyllum_010603.jpg	Melittis melissophyllum	Melittis melissophyllum	0.9568627450980393	Cerastium semidecandrum	0.0	Theligonum cynocrambe	0.0	Arctotheca calendula	0.0	Lathyrus pratensis	0.0
Mentha_aquatica_02.jpg	Mentha aquatica	Mentha aquatica	0.9450980392156862	Stachys arvensis	0.01568627450980392	Origanum vulgare	0.011764705882352941	Clinopodium vulgare	0.00784313725490196	Mentha pulegium	0.00784313725490196
Mentha_cervina_flower.jpg	Mentha cervina	Mentha cervina	0.9137254901960784	Torilis nodosa	0.01568627450980392	Oenanthe fistulosa	0.00784313725490196	Sanicula europaea	0.00392156862745098	Mentha pulegium	0.00392156862745098
Gardenology.org-IMG_2751_rbgs11jan.jpg	Mentha pulegium	Mentha pulegium	0.9725490196078431	Jasione crispa	0.00784313725490196	Jasione maritima	0.00392156862745098	Mentha aquatica	0.00392156862745098	Cerastium semidecandrum	0.0
Minze.jpg	Mentha spicata	Melittis melissophyllum	0.3843137254901961	Mentha spicata	0.18823529411764706	Mercurialis perennis	0.18823529411764706	Buddleja davidii	0.050980392156862744	Pulicaria dysenterica	0.03137254901960784
Apple_Mint.jpg	Mentha suaveolens	Mentha suaveolens	0.8392156862745098	Teucrium scorodonia	0.0392156862745098	Stachys germanica	0.023529411764705882	Ballota hirsuta	0.011764705882352941	Melissa officinalis	0.00392156862745098
Menyanthes_trifoliata_Bukkeblad.JPG	Menyanthes trifoliata	Menyanthes trifoliata	0.9803921568627451	Cerastium semidecandrum	0.0	Theligonum cynocrambe	0.0	Arctotheca calendula	0.0	Lathyrus pratensis	0.0
Mercuralis_perennis.jpg	Mercurialis perennis	Mercurialis perennis	0.5607843137254902	Mentha spicata	0.35294117647058826	Parietaria judaica	0.08627450980392157	Cerastium semidecandrum	0.0	Theligonum cynocrambe	0.0
Ro%C5%9Blina_zielna_00pl.jpg	Mercurialis tomentosa	Mercurialis perennis	0.45098039215686275	Moehringia trinervia	0.03137254901960784	Amaranthus hybridus	0.03137254901960784	Bidens tripartita	0.0196078431372549	Galinsoga parviflora	0.0196078431372549
Unk_desert_flower_2.jpg	Mesembryanthemum crystallinum	Mesembryanthemum crystallinum	0.5607843137254902	Drosanthemum floribundum	0.01568627450980392	Mesembryanthemum nodiflorum	0.01568627450980392	Silybum marianum	0.011764705882352941	Chamaerops humilis	0.00784313725490196
Mesambryanthemum_nodiflorum.jpg	Mesembryanthemum nodiflorum	Mesembryanthemum nodiflorum	0.8509803921568627	Mesembryanthemum crystallinum	0.027450980392156862	Disphyma crassifolium	0.01568627450980392	Drosanthemum floribundum	0.011764705882352941	Sedum brevifolium	0.00784313725490196
Mibora_minima_Estepona_1.JPG	Mibora minima	Mibora minima	0.29411764705882354	Molinia caerulea	0.054901960784313725	Aira praecox	0.050980392156862744	Juncus bufonius	0.0392156862745098	Eleocharis acicularis	0.03137254901960784
Micromeria_graeca_1.jpg	Micromeria graeca	Micromeria graeca	0.7568627450980392	Lythrum hyssopifolia	0.03137254901960784	Anarrhinum longipedicellatum	0.0196078431372549	Lythrum salicaria	0.01568627450980392	Acanthus mollis	0.011764705882352941
Milium.effusum2.-.lindsey.jpg	Milium vernale	Calamagrostis arundinacea	0.19607843137254902	Leersia oryzoides	0.17254901960784313	Elymus caninus	0.08627450980392157	Anthoxanthum odoratum	0.047058823529411764	Anthoxanthum aristatum	0.047058823529411764
Gul-Abas-4-O%27clock_plant.JPG	Mirabilis jalapa	Mirabilis jalapa	0.8666666666666667	Ipomoea indica	0.01568627450980392	Ipomoea purpurea	0.011764705882352941	Carpobrotus edulis	0.00392156862745098	Epilobium hirsutum	0.00392156862745098
Misopates_calycinum_Lateral_2011-5-22_SierraMadrona.jpg	Misopates calycinum	Misopates calycinum	0.3254901960784314	Misopates orontium	0.2549019607843137	Vicia bithynica	0.1803921568627451	Vicia lutea	0.09019607843137255	Lupinus hispanicus	0.011764705882352941
Misopates_orontium1.jpg	Misopates orontium	Misopates orontium	0.9725490196078431	Misopates calycinum	0.00784313725490196	Silene conica	0.00392156862745098	Cerastium semidecandrum	0.0	Theligonum cynocrambe	0.0
Moehringia_trinervia_2005.04.30_16.27.42.jpg	Moehringia trinervia	Moehringia trinervia	0.8941176470588236	Galium rotundifolium	0.0196078431372549	Stellaria neglecta	0.01568627450980392	Stellaria alsine	0.00392156862745098	Arenaria serpyllifolia	0.00392156862745098
Molinia.jpg	Molinia caerulea	Festuca rubra	0.10980392156862745	Elymus athericus	0.10980392156862745	Nardus stricta	0.10980392156862745	Elymus repens	0.06666666666666667	Molinia caerulea	0.058823529411764705
Montia_fontana_%28mezenc%2C_43%2C_France%292.JPG	Montia fontana	Eichhornia crassipes	0.4980392156862745	Montia fontana	0.396078431372549	Honckenya peploides	0.03137254901960784	Disphyma crassifolium	0.023529411764705882	Myriophyllum aquaticum	0.01568627450980392
Flores_moricandia_arvensis.jpg	Moricandia arvensis	Moricandia arvensis	0.8862745098039215	Lunaria annua	0.011764705882352941	Viola canina	0.00392156862745098	Viola arborescens	0.00392156862745098	Eruca vesicaria	0.00392156862745098
Muscari_comosum_08-05-2010_%281%29.JPG	Muscari comosum	Muscari comosum	0.9921568627450981	Cerastium semidecandrum	0.0	Theligonum cynocrambe	0.0	Arctotheca calendula	0.0	Lathyrus pratensis	0.0
Muscari_neglectum_%28flowers%29.jpg	Muscari neglectum	Muscari neglectum	0.9921568627450981	Cerastium semidecandrum	0.0	Theligonum cynocrambe	0.0	Arctotheca calendula	0.0	Lathyrus pratensis	0.0
Myosotis_arvensis.jpeg	Myosotis arvensis	Myosotis arvensis	0.5764705882352941	Myosotis discolor	0.2	Myosotis laxa	0.1411764705882353	Myosotis ramosissima	0.023529411764705882	Solanum nigrum	0.00784313725490196
Myosotis_discolor_habitus.jpeg	Myosotis discolor	Myosotis discolor	0.5686274509803921	Arabidopsis thaliana	0.0784313725490196	Myosotis laxa	0.06666666666666667	Calepina irregularis	0.0392156862745098	Draba muralis	0.03529411764705882
Myosotis_laxa.jpeg	Myosotis laxa	Myosotis laxa	0.9294117647058824	Myosotis arvensis	0.023529411764705882	Myosotis discolor	0.011764705882352941	Narcissus papyraceus	0.00392156862745098	Cerastium semidecandrum	0.0
Myosotis_arvensis_ois.JPG	Myosotis persoonii	Myosotis arvensis	0.34901960784313724	Myosotis laxa	0.07450980392156863	Myosotis discolor	0.058823529411764705	Pentaglottis sempervirens	0.027450980392156862	Spergularia rubra	0.0196078431372549
Myosotis_ramosissima-02_%28xndr%29.jpg	Myosotis ramosissima	Myosotis ramosissima	0.7411764705882353	Myosotis discolor	0.07058823529411765	Myosotis arvensis	0.03529411764705882	Myosotis laxa	0.03529411764705882	Asperula arvensis	0.00784313725490196
Myrica-gale-hunlig.JPG	Myrica gale	Myrica gale	0.9529411764705882	Quercus lusitanica	0.00784313725490196	Ceratonia siliqua	0.00784313725490196	Rhamnus alaternus	0.00392156862745098	Salix repens	0.00392156862745098
Fig._06_Myriophyllum_alternifolium.jpg	Myriophyllum alterniflorum	Myriophyllum alterniflorum	0.35294117647058826	Myriophyllum spicatum	0.15294117647058825	Centunculus minimus	0.09803921568627451	Lythrum portula	0.07450980392156863	Sedum album	0.0392156862745098
Myriophyllum_verticillatum.jpeg	Myriophyllum verticillatum	Myriophyllum spicatum	0.48627450980392156	Myriophyllum verticillatum	0.3843137254901961	Utricularia australis	0.0196078431372549	Myriophyllum alterniflorum	0.00784313725490196	Ammi visnaga	0.00392156862745098
Myrtus_communis_L._subsp._communis_-_52505075873.png	Myrtus communis	Myrtus communis	0.8862745098039215	Prunus lusitanica	0.01568627450980392	Filipendula vulgaris	0.00784313725490196	Eucalyptus camaldulensis	0.00784313725490196	Corema album	0.00392156862745098
Najas_marina_060628_Korea.jpg	Najas marina	Najas marina	0.34901960784313724	Ceratophyllum demersum	0.13725490196078433	Zostera marina	0.058823529411764705	Potamogeton crispus	0.011764705882352941	Potamogeton nodosus	0.011764705882352941
Najas_minor_NRCS_%28original%29.jpg	Najas minor	Ceratophyllum demersum	0.4196078431372549	Myriophyllum alterniflorum	0.06274509803921569	Ranunculus trichophyllus	0.0392156862745098	Zannichellia palustris	0.03137254901960784	Myriophyllum spicatum	0.0196078431372549
Narcissus_bulbocodium_citrinus_01.JPG	Narcissus bulbocodium	Narcissus bulbocodium	0.9607843137254902	Narcissus pseudonarcissus	0.011764705882352941	Narcissus jonquilla	0.00784313725490196	Narcissus rupicola	0.00784313725490196	Iris pseudacorus	0.00392156862745098
Narcissus_cyclamineus01.jpg	Narcissus cyclamineus	Narcissus cyclamineus	0.8666666666666667	Vincetoxicum nigrum	0.03137254901960784	Iris pseudacorus	0.011764705882352941	Cytisus scoparius	0.011764705882352941	Cytisus striatus	0.00784313725490196
Narcissus_jonquilla_3.jpg	Narcissus jonquilla	Narcissus jonquilla	0.9450980392156862	Narcissus rupicola	0.050980392156862744	Cerastium semidecandrum	0.0	Theligonum cynocrambe	0.0	Arctotheca calendula	0.0
Narcissus_papyraceus_%27Paperwhite%27_02.JPG	Narcissus papyraceus	Narcissus papyraceus	0.8	Narcissus tazetta	0.0392156862745098	Allium subvillosum	0.0196078431372549	Allium neapolitanum	0.00784313725490196	Silene latifolia	0.00392156862745098
Narcissus_pseudonarcissus_flower_300303.jpg	Narcissus pseudonarcissus	Narcissus pseudonarcissus	0.8392156862745098	Narcissus triandrus	0.06274509803921569	Narcissus cyclamineus	0.0196078431372549	Narcissus jonquilla	0.01568627450980392	Narcissus rupicola	0.01568627450980392
Narcissus_rupicola_Habitus_2011-3-09_PtoNiefla_SierraMadrona.jpg	Narcissus rupicola	Narcissus rupicola	0.9686274509803922	Narcissus jonquilla	0.01568627450980392	Narcissus pseudonarcissus	0.01568627450980392	Cerastium semidecandrum	0.0	Theligonum cynocrambe	0.0
Narcissus_serotinus5656.jpg	Narcissus serotinus	Narcissus serotinus	0.3803921568627451	Ranunculus ololeucos	0.0392156862745098	Anthericum liliago	0.03137254901960784	Narcissus tazetta	0.023529411764705882	Bidens pilosa	0.023529411764705882
Narcissus-tazetta-0006a.jpg	Narcissus tazetta	Narcissus tazetta	0.9725490196078431	Tanacetum corymbosum	0.0196078431372549	Narcissus serotinus	0.00392156862745098	Cerastium semidecandrum	0.0	Theligonum cynocrambe	0.0
Narcissus_triandrus_4.jpg	Narcissus triandrus	Narcissus triandrus	0.8862745098039215	Narcissus cyclamineus	0.043137254901960784	Pedicularis sylvatica	0.00392156862745098	Lathyrus ochrus	0.00392156862745098	Cerastium semidecandrum	0.0
Nardus_stricta_mountain_medow.JPG	Nardus stricta	Nardus stricta	0.9568627450980393	Festuca rubra	0.00392156862745098	Eleocharis multicaulis	0.00392156862745098	Deschampsia cespitosa	0.00392156862745098	Carex elata	0.00392156862745098
Rome_%283%29.jpg	Narthecium ossifragum	Narthecium ossifragum	0.4470588235294118	Poa supina	0.043137254901960784	Carex echinata	0.03529411764705882	Erucastrum nasturtiifolium	0.0196078431372549	Dittrichia viscosa	0.011764705882352941
Neatostema_apulum_kz6.jpg	Neatostema apulum	Neatostema apulum	0.7372549019607844	Alyssum simplex	0.011764705882352941	Plantago bellardii	0.011764705882352941	Euphorbia exigua	0.00784313725490196	Logfia gallica	0.00784313725490196
Neotinea_maculata_%28Sardinia%29.jpg	Neotinea maculata	Neotinea maculata	0.996078431372549	Dactylorhiza maculata	0.00392156862745098	Cerastium semidecandrum	0.0	Theligonum cynocrambe	0.0	Arctotheca calendula	0.0
Neottia_nidus-avis_-_Pruunikas_pesajuur_Keila.jpg	Neottia nidus-avis	Neottia nidus-avis	0.6313725490196078	Lactuca saligna	0.07450980392156863	Hornungia petraea	0.047058823529411764	Plantago afra	0.01568627450980392	Lactuca viminea	0.01568627450980392
Catnip-blossom.jpg	Nepeta tuberosa	Stachys germanica	0.3058823529411765	Stachys palustris	0.08235294117647059	Stachys sylvatica	0.08235294117647059	Ballota nigra	0.07450980392156863	Phytolacca heterotepala	0.03137254901960784
Nerium_oleander_flowers_leaves.jpg	Nerium oleander	Nerium oleander	0.8117647058823529	Gomphocarpus fruticosus	0.027450980392156862	Saponaria officinalis	0.01568627450980392	Gomphocarpus physocarpus	0.011764705882352941	Matthiola incana	0.00784313725490196
Nicotiana_glauca_%288694803666%29.jpg	Nicotiana glauca	Nicotiana glauca	0.3411764705882353	Medicago arborea	0.23921568627450981	Osyris lanceolata	0.16862745098039217	Euphorbia nicaeensis	0.058823529411764705	Euphorbia paralias	0.023529411764705882
2007-10-25Nigella_damascena_10.jpg	Nigella damascena	Nigella damascena	0.5137254901960784	Centaurea cyanus	0.403921568627451	Jasione laevis	0.011764705882352941	Veronica polita	0.011764705882352941	Veronica triphyllos	0.00392156862745098
Nonea_rossica_flowers_3.jpg	Nonea vesicaria	Anchusa undulata	0.5843137254901961	Nonea vesicaria	0.22745098039215686	Carduncellus caeruleus	0.01568627450980392	Hyoscyamus niger	0.011764705882352941	Cynoglossum creticum	0.011764705882352941
Nothoscordum_gracile_%288486631578%29.jpg	Nothoscordum gracile	Allium roseum	0.49019607843137253	Allium neapolitanum	0.16862745098039217	Allium schoenoprasum	0.13333333333333333	Nothoscordum gracile	0.09411764705882353	Ornithogalum arabicum	0.00784313725490196
Notobasis_syriaca.jpg	Notobasis syriaca	Notobasis syriaca	0.9803921568627451	Silybum marianum	0.00784313725490196	Centaurea calcitrapa	0.00392156862745098	Orchis italica	0.00392156862745098	Cerastium semidecandrum	0.0
2016_Kwiat_grzybieni_bia%C5%82ych_2.jpg	Nymphaea alba	Nymphaea alba	0.796078431372549	Colchicum lusitanum	0.00392156862745098	Crocus carpetanus	0.00392156862745098	Allium chamaemoly	0.00392156862745098	Potamogeton natans	0.00392156862745098
NymphoidesPeltata-flower2-hr.jpg	Nymphoides peltata	Nymphoides peltata	0.9372549019607843	Lactuca saligna	0.011764705882352941	Senecio leucanthemifolius	0.00392156862745098	Myriophyllum verticillatum	0.00392156862745098	Ficus carica	0.00392156862745098
Red_bartsia_800.jpg	Odontites vernus	Odontites vernus	0.19607843137254902	Lamium maculatum	0.023529411764705882	Salvia viridis	0.0196078431372549	Stachys palustris	0.01568627450980392	Parentucellia latifolia	0.01568627450980392
Oenanthe_crocata_kz04.jpg	Oenanthe crocata	Oenanthe crocata	0.7490196078431373	Oenanthe pimpinelloides	0.054901960784313725	Crithmum maritimum	0.03137254901960784	Allium victorialis	0.011764705882352941	Ammi majus	0.00784313725490196
Oenanthe_fistulosa_flowers.jpg	Oenanthe fistulosa	Oenanthe fistulosa	0.792156862745098	Oenanthe pimpinelloides	0.19215686274509805	Filipendula ulmaria	0.00392156862745098	Heracleum sphondylium	0.00392156862745098	Cerastium semidecandrum	0.0
Oenanthe_pimpinelloides2.jpg	Oenanthe pimpinelloides	Bunium bulbocastanum	0.4980392156862745	Oenanthe pimpinelloides	0.19215686274509805	Conopodium majus	0.07450980392156863	Pimpinella major	0.06666666666666667	Daucus carota	0.047058823529411764
Oenothera_biennis%2C_Vic-la-Gardiole_01.jpg	Oenothera biennis	Oenothera glazioviana	0.1450980392156863	Parentucellia viscosa	0.11372549019607843	Helianthemum aegyptiacum	0.043137254901960784	Ononis natrix	0.03137254901960784	Misopates orontium	0.03137254901960784
Oenothera_glazioviana_03_ies.jpg	Oenothera glazioviana	Oenothera glazioviana	0.8627450980392157	Oenothera biennis	0.023529411764705882	Oenothera stricta	0.01568627450980392	Melampyrum pratense	0.00392156862745098	Narcissus bulbocodium	0.00392156862745098
Oenothera_rosea1.jpg	Oenothera rosea	Oenothera rosea	0.9882352941176471	Epilobium hirsutum	0.00392156862745098	Silene dioica	0.00392156862745098	Cerastium semidecandrum	0.0	Theligonum cynocrambe	0.0
Oenothera_rubricaulis_2014_G1.jpg	Oenothera stricta	Ononis natrix	0.1843137254901961	Oenothera glazioviana	0.08235294117647059	Oenothera biennis	0.050980392156862744	Sinapis alba	0.027450980392156862	Myriophyllum aquaticum	0.023529411764705882
Olivesfromjordan.jpg	Olea europaea	Olea europaea	0.3333333333333333	Silene vulgaris	0.16470588235294117	Juglans regia	0.1450980392156863	Prunus dulcis	0.06274509803921569	Juniperus communis	0.058823529411764705
Onobrychis_arenaria1.jpg	Onobrychis humilis	Trifolium fragiferum	0.2823529411764706	Centaurium pulchellum	0.06666666666666667	Dorycnopsis gerardi	0.058823529411764705	Parentucellia latifolia	0.047058823529411764	Trifolium resupinatum	0.0392156862745098
Onobrychis_viciifolia_Inflorescence_11April2009_CampoCalatrava.jpg	Onobrychis viciifolia	Onobrychis viciifolia	0.796078431372549	Astragalus incanus	0.0196078431372549	Onobrychis humilis	0.011764705882352941	Odontites vernus	0.00392156862745098	Trifolium medium	0.00392156862745098
Ononis_natrix_Sardinia_LM.jpg	Ononis natrix	Lotus edulis	0.2549019607843137	Argyrolobium zanonii	0.1568627450980392	Lotus creticus	0.09803921568627451	Lotus corniculatus	0.054901960784313725	Calicotome villosa	0.047058823529411764
CresminaDunes1.jpg	Ononis ramosissima	Onopordum illyricum	0.2627450980392157	Stipa tenacissima	0.16470588235294117	Phoenix canariensis	0.06274509803921569	Onopordum nervosum	0.06274509803921569	Taxus baccata	0.027450980392156862
Ononis_reclinata_sl5.jpg	Ononis reclinata	Ononis reclinata	0.7176470588235294	Ononis pusilla	0.09803921568627451	Ononis mitissima	0.03137254901960784	Buglossoides arvensis	0.00784313725490196	Ononis pubescens	0.00784313725490196
Ononis_spinosa_1.jpg	Ononis spinosa	Lupinus hispanicus	0.29411764705882354	Ononis spinosa	0.1843137254901961	Onobrychis humilis	0.07058823529411765	Lupinus gredensis	0.06274509803921569	Onobrychis viciifolia	0.050980392156862744
Ononis_variegata.jpg	Ononis variegata	Pulicaria vulgaris	0.43529411764705883	Ononis variegata	0.3843137254901961	Pulicaria paludosa	0.058823529411764705	Medicago marina	0.027450980392156862	Hippocrepis biflora	0.027450980392156862
Onopordum_acanthium.jpg	Onopordum acanthium	Lepidium graminifolium	0.4117647058823529	Lepidium latifolium	0.1411764705882353	Cichorium intybus	0.09803921568627451	Cakile maritima	0.09019607843137255	Verbena officinalis	0.0392156862745098
Onopordum_illyricum_near_Holbrook_NSW_Australia.jpg	Onopordum illyricum	Onopordum illyricum	0.9294117647058824	Onopordum nervosum	0.047058823529411764	Carduus platypus	0.011764705882352941	Onopordum acanthium	0.00392156862745098	Cerastium semidecandrum	0.0
Cicak_cvet.jpg	Onopordum nervosum	Onopordum illyricum	0.7058823529411765	Onopordum nervosum	0.08627450980392157	Cynara cardunculus	0.027450980392156862	Onopordum acanthium	0.023529411764705882	Carduus platypus	0.01568627450980392
Onosma_simplicissima_flowers.jpg	Onosma tricerosperma	Clematis cirrhosa	0.49411764705882355	Onosma tricerosperma	0.13333333333333333	Bidens aurea	0.047058823529411764	Allium triquetrum	0.027450980392156862	Clematis flammula	0.01568627450980392
Ophioglossum_lusitanicum.jpg	Ophioglossum lusitanicum	Pilularia globulifera	0.24705882352941178	Theligonum cynocrambe	0.10980392156862745	Vaccinium myrtillus	0.10980392156862745	Samolus valerandi	0.027450980392156862	Arisarum simorrhinum	0.023529411764705882
Ophioglossum_vulgatum_Saarland_01.jpg	Ophioglossum vulgatum	Ophioglossum vulgatum	0.2980392156862745	Arisarum simorrhinum	0.2980392156862745	Arum cylindraceum	0.10196078431372549	Alisma lanceolatum	0.050980392156862744	Ranunculus ophioglossifolius	0.023529411764705882
Bee_Orchid_%28Ophrys_apifera%29_%2814374841786%29_-_cropped.jpg	Ophrys apifera	Ophrys apifera	0.5882352941176471	Ophrys scolopax	0.050980392156862744	Ophrys sphegodes	0.011764705882352941	Ophrys tenthredinifera	0.011764705882352941	Aquilegia vulgaris	0.00784313725490196
Ophrys-bombyliflora.web.jpg	Ophrys bombyliflora	Ophrys bombyliflora	0.8705882352941177	Myrtus communis	0.00784313725490196	Paeonia broteri	0.00784313725490196	Hypericum androsaemum	0.00392156862745098	Euphorbia terracina	0.00392156862745098
Ophrys_lupercalis_3.jpg	Ophrys fusca	Ophrys fusca	0.27450980392156865	Ophrys bombyliflora	0.17254901960784313	Ophrys lutea	0.07450980392156863	Euphorbia characias	0.043137254901960784	Anagyris foetida	0.011764705882352941
Ophrys_lutea_Zingaro_180307.jpg	Ophrys lutea	Ophrys lutea	0.8666666666666667	Coronilla minima	0.011764705882352941	Verbascum virgatum	0.00392156862745098	Adonis microcarpa	0.00392156862745098	Ophrys tenthredinifera	0.00392156862745098
Ophrys_scolopax_001.jpg	Ophrys scolopax	Ophrys scolopax	0.611764705882353	Ophrys apifera	0.16862745098039217	Ophrys tenthredinifera	0.08235294117647059	Ophrys sphegodes	0.0196078431372549	Cheirolophus sempervirens	0.00392156862745098
Ophrys_speculum_Mallorca_01.jpg	Ophrys speculum	Ophrys speculum	0.38823529411764707	Ophrys bombyliflora	0.21568627450980393	Ophrys tenthredinifera	0.15294117647058825	Ophrys sphegodes	0.07450980392156863	Serapias strictiflora	0.03529411764705882
Ophrys_sphegodes_flowers.jpg	Ophrys sphegodes	Ophrys sphegodes	0.9019607843137255	Ophrys fusca	0.047058823529411764	Ophrys apifera	0.00392156862745098	Ophrys lutea	0.00392156862745098	Cerastium semidecandrum	0.0
Ophrys_tenthredinifera_Mallorca_01.jpg	Ophrys tenthredinifera	Ophrys tenthredinifera	0.21176470588235294	Ophrys sphegodes	0.10196078431372549	Ophrys scolopax	0.0196078431372549	Ophrys apifera	0.01568627450980392	Ophrys bombyliflora	0.011764705882352941
Orchis_italica_wiki_mg-k01.jpg	Orchis italica	Orchis italica	0.5411764705882353	Anacamptis pyramidalis	0.13333333333333333	Allium schoenoprasum	0.047058823529411764	Allium nigrum	0.01568627450980392	Allium vineale	0.01568627450980392
Orchis_mascula_inflorescence_-_Keila.jpg	Orchis mascula	Orchis mascula	0.6745098039215687	Orchis morio	0.12941176470588237	Dactylorhiza elata	0.08235294117647059	Stachys palustris	0.01568627450980392	Dactylorhiza maculata	0.011764705882352941
Anacamptis_morio_hampe.jpg	Orchis morio	Orchis morio	0.3333333333333333	Orchis mascula	0.16470588235294117	Anarrhinum longipedicellatum	0.12941176470588237	Cephalanthera rubra	0.07058823529411765	Matthiola fruticulosa	0.050980392156862744
Orchis_provincialis_%28flower_spike%29.jpg	Orchis provincialis	Orchis provincialis	0.7372549019607844	Dactylorhiza insularis	0.011764705882352941	Orchis morio	0.011764705882352941	Galium lucidum	0.00784313725490196	Galium saxatile	0.00784313725490196
Origanum_vulgare_-_harilik_pune.jpg	Origanum vulgare	Origanum vulgare	0.43137254901960786	Juncus acutiflorus	0.21176470588235294	Oenanthe lachenalii	0.050980392156862744	Juncus subnodulosus	0.027450980392156862	Plantago afra	0.011764705882352941
Caucalis_platycarpos1_eF.jpg	Orlaya daucoides	Scandix pecten-veneris	0.48627450980392156	Anthriscus caucalis	0.16862745098039217	Orlaya daucoides	0.11764705882352941	Conopodium majus	0.01568627450980392	Peucedanum oreoselinum	0.01568627450980392
Ornithogalum_arabicum491228475.jpg	Ornithogalum arabicum	Ornithogalum arabicum	0.7764705882352941	Allium subvillosum	0.0196078431372549	Polypodium interjectum	0.01568627450980392	Leucanthemum ircutianum	0.011764705882352941	Iberis procumbens	0.00784313725490196
Ornithogalum_narbonense.jpg	Ornithogalum narbonense	Ornithogalum narbonense	0.9137254901960784	Ornithogalum orthophyllum	0.06666666666666667	Anthericum liliago	0.00392156862745098	Cerastium semidecandrum	0.0	Theligonum cynocrambe	0.0
Bath_asparagus_clouts_wood.jpg	Ornithogalum pyrenaicum	Ornithogalum pyrenaicum	0.08627450980392157	Reseda alba	0.054901960784313725	Neotinea maculata	0.054901960784313725	Phytolacca heterotepala	0.043137254901960784	Phytolacca americana	0.0392156862745098
Ornithopus_perpusillus.jpeg	Ornithopus perpusillus	Ornithopus perpusillus	0.9058823529411765	Ornithopus sativus	0.08627450980392157	Cerastium semidecandrum	0.0	Theligonum cynocrambe	0.0	Arctotheca calendula	0.0
Ornithopus_sativus_flower%2C_serradelle_bloem.jpg	Ornithopus sativus	Ornithopus sativus	0.9490196078431372	Althaea hirsuta	0.00784313725490196	Trifolium subterraneum	0.00392156862745098	Ononis reclinata	0.00392156862745098	Ononis mitissima	0.00392156862745098
Orobanche_crenata_1.jpg	Orobanche crenata	Orobanche minor	0.33725490196078434	Neottia nidus-avis	0.30196078431372547	Orobanche crenata	0.13333333333333333	Orobanche hederae	0.10588235294117647	Orobanche rapum-genistae	0.01568627450980392
Orobanche_hederae1.jpg	Orobanche hederae	Orobanche hederae	0.6784313725490196	Orobanche minor	0.23529411764705882	Orobanche crenata	0.0392156862745098	Orobanche gracilis	0.00784313725490196	Orobanche foetida	0.00784313725490196
Orobanche_latisquama%2C_Santa_Perp%C3%A8tua_de_Gai%C3%A0%2C_6.jpg	Orobanche latisquama	Orobanche latisquama	0.5882352941176471	Orobanche rapum-genistae	0.22745098039215686	Orobanche gracilis	0.03529411764705882	Orobanche minor	0.03137254901960784	Orobanche foetida	0.011764705882352941
Orobanche_minor_plant.jpg	Orobanche minor	Orobanche minor	0.41568627450980394	Orobanche crenata	0.2901960784313726	Orobanche hederae	0.11372549019607843	Orobanche foetida	0.050980392156862744	Orobanche gracilis	0.0392156862745098
Orobanche_rapum-genistae.jpg	Orobanche rapum-genistae	Polypodium interjectum	0.24313725490196078	Arbutus unedo	0.09411764705882353	Platanus hispanica	0.07450980392156863	Erica arborea	0.07450980392156863	Thelypteris palustris	0.050980392156862744
OsmundaRegalis.jpg	Osmunda regalis	Osmunda regalis	0.8901960784313725	Davallia canariensis	0.023529411764705882	Polypodium cambricum	0.00784313725490196	Dryopteris expansa	0.00784313725490196	Polypodium interjectum	0.00392156862745098
Santalaceae_-_Osyris_alba.JPG	Osyris alba	Osyris alba	0.9058823529411765	Osyris lanceolata	0.058823529411764705	Taxus baccata	0.011764705882352941	Daphne gnidium	0.00784313725490196	Cerastium semidecandrum	0.0
Osyris_lanceolata.JPG	Osyris lanceolata	Osyris lanceolata	0.7803921568627451	Osyris alba	0.011764705882352941	Arbutus unedo	0.00784313725490196	Quercus lusitanica	0.00392156862745098	Lathyrus sphaericus	0.00392156862745098
Otanthus_maritimus_6_%28Espagne%29.JPG	Otanthus maritimus	Otanthus maritimus	0.48627450980392156	Andryala ragusina	0.3411764705882353	Echinospartum ibericum	0.027450980392156862	Calendula suffruticosa	0.0196078431372549	Medicago marina	0.011764705882352941
Oxalis_acetosella_LC0190.jpg	Oxalis acetosella	Oxalis acetosella	0.8156862745098039	Cardamine pratensis	0.03137254901960784	Baldellia repens	0.03137254901960784	Arenaria montana	0.0196078431372549	Baldellia ranunculoides	0.011764705882352941
Flowers_of_Oxalis_articulata_20181102.jpg	Oxalis articulata	Convolvulus althaeoides	0.6235294117647059	Cistus crispus	0.21568627450980393	Daboecia cantabrica	0.027450980392156862	Ipomoea indica	0.027450980392156862	Drosanthemum floribundum	0.0196078431372549
Oxalis_corniculata23.jpg	Oxalis corniculata	Oxalis pes-caprae	0.3333333333333333	Linum trigynum	0.16470588235294117	Oxalis corniculata	0.08235294117647059	Hypericum elodes	0.047058823529411764	Anemone palmata	0.027450980392156862
Oxalis_corymbosa_2.jpg	Oxalis debilis	Oxalis debilis	0.8470588235294118	Oxalis articulata	0.03137254901960784	Oxalis latifolia	0.023529411764705882	Oxalis pes-caprae	0.00784313725490196	Cardamine pratensis	0.00392156862745098
Oxalis_exilis_kz3.jpg	Oxalis exilis	Oxalis exilis	0.9568627450980393	Oxalis corniculata	0.01568627450980392	Blackstonia perfoliata	0.00392156862745098	Hypericum elodes	0.00392156862745098	Centaurium maritimum	0.00392156862745098
Oxalis_latifolia_3.jpg	Oxalis latifolia	Oxalis latifolia	0.6901960784313725	Lathyrus niger	0.058823529411764705	Anemone nemorosa	0.058823529411764705	Arabis verna	0.0196078431372549	Vicia bithynica	0.01568627450980392
Oxalis-pes-caprae-16c-Zachi-Evenor.jpg	Oxalis pes-caprae	Oxalis pes-caprae	0.9019607843137255	Oxalis debilis	0.011764705882352941	Oxalis exilis	0.00784313725490196	Oxalis corniculata	0.00392156862745098	Ononis ramosissima	0.00392156862745098
Oxalis_purpurea_%28Habitus%29.jpg	Oxalis purpurea	Oxalis purpurea	0.5411764705882353	Convolvulus althaeoides	0.09411764705882353	Oxalis articulata	0.08235294117647059	Lathyrus tingitanus	0.047058823529411764	Oxalis debilis	0.023529411764705882
Alor_Olivenza_Paeonia_broteri_broterio_%28Extremadura%29.jpg	Paeonia broteri	Paeonia broteri	0.5372549019607843	Paeonia officinalis	0.2980392156862745	Carpobrotus edulis	0.011764705882352941	Canna indica	0.00392156862745098	Nymphaea alba	0.00392156862745098
Paeonia_officinalis_01.JPG	Paeonia officinalis	Paeonia officinalis	0.7215686274509804	Paeonia broteri	0.1568627450980392	Nerium oleander	0.01568627450980392	Carpobrotus edulis	0.00784313725490196	Matthiola incana	0.00784313725490196
Pallenis_spinosa_3.JPG	Pallenis spinosa	Pallenis spinosa	0.5882352941176471	Asteriscus aquaticus	0.0784313725490196	Argyrolobium zanonii	0.011764705882352941	Leucanthemum ircutianum	0.011764705882352941	Onobrychis viciifolia	0.00392156862745098
Pacratium_maritimum_Paestum.jpg	Pancratium maritimum	Pancratium maritimum	0.8117647058823529	Narcissus papyraceus	0.047058823529411764	Scilla monophyllos	0.011764705882352941	Armeria pungens	0.00392156862745098	Ornithogalum orthophyllum	0.00392156862745098
Amapola_macho_-Papaver_argemone_%287385599770%29.jpg	Papaver argemone	Papaver argemone	0.7686274509803922	Tuberaria globulariifolia	0.0392156862745098	Papaver hybridum	0.0196078431372549	Adonis microcarpa	0.011764705882352941	Papaver pinnatifidum	0.00784313725490196
Papaver_hybridum_la_amapola_blaugrana_%286919562314%29.jpg	Papaver hybridum	Papaver hybridum	0.6392156862745098	Papaver argemone	0.13725490196078433	Papaver rhoeas	0.10980392156862745	Papaver pinnatifidum	0.011764705882352941	Adonis annua	0.00784313725490196
Papaver_pinnatifidum_TalloHojas_2009-5-17_DehesaBoyaldePuertollano.jpg	Papaver pinnatifidum	Ononis pusilla	0.38823529411764707	Atractylis cancellata	0.058823529411764705	Halimium umbellatum	0.047058823529411764	Fumana thymifolia	0.03529411764705882	Cleonia lusitanica	0.03137254901960784
Parapholis_incurva.jpg	Parapholis incurva	Bromus tectorum	0.043137254901960784	Lycopodiella inundata	0.0392156862745098	Phleum phleoides	0.03529411764705882	Logfia minima	0.03137254901960784	Alopecurus aequalis	0.027450980392156862
Parapholisstrigosa.jpg	Parapholis strigosa	Juncus bulbosus	0.28627450980392155	Eleocharis multicaulis	0.2235294117647059	Juncus tenageia	0.054901960784313725	Polygonum equisetiforme	0.03529411764705882	Trichophorum cespitosum	0.011764705882352941
Paraserianthes_lophantha_-_Photographed_on_the_west_side_of_Buena_Vista_Park%2C_San_Francisco.jpg	Paraserianthes lophantha	Acacia mearnsii	0.49019607843137253	Paraserianthes lophantha	0.43529411764705883	Acacia dealbata	0.050980392156862744	Erophaca baetica	0.00392156862745098	Cerastium semidecandrum	0.0
Parentucellia_latifolia.jpeg	Parentucellia latifolia	Parentucellia latifolia	0.7725490196078432	Lamium amplexicaule	0.058823529411764705	Anthyllis vulneraria	0.023529411764705882	Nonea vesicaria	0.011764705882352941	Daucus carota	0.00392156862745098
Starr_040723-0206_Parentucellia_viscosa.jpg	Parentucellia viscosa	Parentucellia viscosa	0.7372549019607844	Neatostema apulum	0.027450980392156862	Parentucellia latifolia	0.0196078431372549	Euphorbia paralias	0.011764705882352941	Verbascum giganteum	0.00784313725490196
Parietaria_judaica_000.jpg	Parietaria judaica	Parietaria judaica	0.9294117647058824	Vincetoxicum nigrum	0.00784313725490196	Artemisia verlotiorum	0.00392156862745098	Bassia scoparia	0.00392156862745098	Atriplex patula	0.00392156862745098
Paronychia_argentea_%28286232698%29.jpg	Paronychia argentea	Paronychia capitata	0.7686274509803922	Echinospartum ibericum	0.0392156862745098	Linaria supina	0.03529411764705882	Paronychia argentea	0.023529411764705882	Teucrium capitatum	0.0196078431372549
Paspalum_dilatatum1.jpg	Paspalum dilatatum	Paspalum dilatatum	0.5137254901960784	Carex pendula	0.2549019607843137	Carex sylvatica	0.06274509803921569	Melica ciliata	0.01568627450980392	Setaria faberi	0.01568627450980392
Paspalum_distichum_7th_Brigade_Park_Chermside_P1090453.jpg	Paspalum distichum	Paspalum dilatatum	0.9725490196078431	Cynodon dactylon	0.027450980392156862	Cerastium semidecandrum	0.0	Theligonum cynocrambe	0.0	Arctotheca calendula	0.0
Passiflora_caerulea_%282019-06-24%29_frontal-view.jpg	Passiflora caerulea	Passiflora caerulea	0.7137254901960784	Veronica nevadensis	0.00784313725490196	Bellis perennis	0.00392156862745098	Convolvulus tricolor	0.00392156862745098	Polypodium interjectum	0.00392156862745098
Waldl%C3%A4usekraut_%28Pedicularis_sylvatica%29%4004.jpg	Pedicularis sylvatica	Pedicularis sylvatica	0.5333333333333333	Lamium amplexicaule	0.0392156862745098	Micromeria graeca	0.023529411764705882	Dactylorhiza elata	0.0196078431372549	Clinopodium vulgare	0.01568627450980392
Overblijvende_ossentong_Pentaglottis_sempervirens_closeup.jpg	Pentaglottis sempervirens	Pentaglottis sempervirens	0.6196078431372549	Omphalodes nitida	0.047058823529411764	Borago officinalis	0.01568627450980392	Myosotis ramosissima	0.011764705882352941	Anchusa azurea	0.00784313725490196
Petrorhagiadubia.jpg	Petrorhagia dubia	Petrorhagia dubia	0.4745098039215686	Geranium pyrenaicum	0.11372549019607843	Petrorhagia nanteuilii	0.054901960784313725	Silene colorata	0.0392156862745098	Geranium molle	0.01568627450980392
Petroragia_nanteuilii_closeup2_DehesaBoyalPuertollano.jpg	Petrorhagia nanteuilii	Petrorhagia nanteuilii	0.9725490196078431	Petrorhagia dubia	0.0196078431372549	Epilobium brachycarpum	0.00784313725490196	Cerastium semidecandrum	0.0	Theligonum cynocrambe	0.0
Petrorhagia_saxifraga.jpg	Petrorhagia saxifraga	Petrorhagia saxifraga	0.7607843137254902	Viola palustris	0.03137254901960784	Erodium botrys	0.01568627450980392	Linum bienne	0.011764705882352941	Epilobium palustre	0.00784313725490196
Sitochroa_palealis-01_%28xndr%29.jpg	Peucedanum oreoselinum	Cynanchum acutum	0.058823529411764705	Centranthus ruber	0.050980392156862744	Eupatorium cannabinum	0.03137254901960784	Valeriana dioica	0.027450980392156862	Pterocephalidium diandrum	0.0196078431372549
Phagnalon_rupestre_1.jpg	Phagnalon rupestre	Phagnalon rupestre	0.5568627450980392	Senecio doronicum	0.050980392156862744	Reichardia picroides	0.047058823529411764	Phagnalon saxatile	0.043137254901960784	Arnoseris minima	0.0196078431372549
Phagnalon_saxatile.JPG	Phagnalon saxatile	Phagnalon saxatile	0.8941176470588236	Phagnalon rupestre	0.10588235294117647	Cerastium semidecandrum	0.0	Theligonum cynocrambe	0.0	Arctotheca calendula	0.0
Phalaris_arundinacea_1.jpg	Phalaris arundinacea	Holcus mollis	0.6549019607843137	Poa trivialis	0.0784313725490196	Polypogon viridis	0.07058823529411765	Calamagrostis arundinacea	0.06274509803921569	Holcus lanatus	0.047058823529411764
Phillyrea_angustifolia_g1.jpg	Phillyrea angustifolia	Phillyrea angustifolia	0.17647058823529413	Myrica gale	0.13725490196078433	Rhamnus alaternus	0.08627450980392157	Acacia longifolia	0.0784313725490196	Phillyrea latifolia	0.03529411764705882
Phillyrea_latifolia2.jpg	Phillyrea latifolia	Phillyrea latifolia	0.5294117647058824	Laurus nobilis	0.1450980392156863	Arbutus unedo	0.054901960784313725	Viburnum tinus	0.050980392156862744	Rhamnus alaternus	0.023529411764705882
Timothee_%28Phleum_pratense_subsp._pratense%29.jpg	Phleum arenarium	Phleum pratense	0.6509803921568628	Reseda alba	0.047058823529411764	Trifolium angustifolium	0.0196078431372549	Alopecurus arundinaceus	0.0196078431372549	Phleum phleoides	0.01568627450980392
Phleum_phleoides_-_Berlin_Botanical_Garden_-_IMG_8578.JPG	Phleum phleoides	Myriophyllum aquaticum	0.2	Artemisia verlotiorum	0.0784313725490196	Aira praecox	0.027450980392156862	Alopecurus geniculatus	0.023529411764705882	Ulex densus	0.0196078431372549
Timothy_grass.jpg	Phleum pratense	Phleum pratense	0.984313725490196	Trifolium angustifolium	0.00392156862745098	Setaria verticillata	0.00392156862745098	Setaria italica	0.00392156862745098	Cerastium semidecandrum	0.0
Phoenix_canariensis_CBMen_6.jpg	Phoenix canariensis	Phoenix canariensis	0.6235294117647059	Acacia mearnsii	0.27450980392156865	Paraserianthes lophantha	0.03529411764705882	Onosma tricerosperma	0.00392156862745098	Taxus baccata	0.00392156862745098
Phragmites_australis_-_NASA_Tracks_an_Environmental_Invader_%2848049936657%29.jpg	Phragmites australis	Spartium junceum	0.10588235294117647	Asphodelus macrocarpus	0.07450980392156863	Iris pseudacorus	0.047058823529411764	Typha angustifolia	0.043137254901960784	Ulex europaeus	0.043137254901960784
Pokeweed_bush_in_Northumberland_County%2C_Pennsylvania.JPG	Phytolacca americana	Phytolacca americana	0.7843137254901961	Salix babylonica	0.058823529411764705	Fuchsia magellanica	0.027450980392156862	Acacia longifolia	0.011764705882352941	Avena sativa	0.011764705882352941
Picnomon_acarna_InflorescenceCloseup_CampodeCalatrava.jpg	Picnomon acarna	Picnomon acarna	0.6588235294117647	Cynara cardunculus	0.0392156862745098	Xanthium spinosum	0.023529411764705882	Eryngium dilatatum	0.011764705882352941	Atractylis cancellata	0.00784313725490196
Hieracium_pilosella_plant.jpg	Pilosella officinarum	Pilosella officinarum	0.6431372549019608	Leontodon tuberosus	0.0392156862745098	Scorzonera humilis	0.0392156862745098	Inula montana	0.03137254901960784	Scorzonera laciniata	0.01568627450980392
Apiaceae_-_Pimpinella_major-1.JPG	Pimpinella major	Pimpinella major	0.9607843137254902	Physospermum cornubiense	0.00392156862745098	Tordylium maximum	0.00392156862745098	Daucus carota	0.00392156862745098	Oenanthe lachenalii	0.00392156862745098
Pinguicula_lusitanica.JPG	Pinguicula lusitanica	Pinguicula lusitanica	1.0	Cerastium semidecandrum	0.0	Theligonum cynocrambe	0.0	Arctotheca calendula	0.0	Lathyrus pratensis	0.0
Pinguicula_vulgaris_flower_%28front_view%29_-_Keila.jpg	Pinguicula vulgaris	Pinguicula vulgaris	0.7843137254901961	Orchis morio	0.050980392156862744	Chaenorhinum origanifolium	0.027450980392156862	Stachys palustris	0.01568627450980392	Glechoma hederacea	0.00784313725490196
%CE%A7%CE%B1%CE%BB%CE%AD%CF%80%CE%B9%CE%BF%CF%82_%CF%80%CE%B5%CF%8D%CE%BA%CE%B7_%CE%A3%CE%BF%CF%8D%CE%BD%CE%B9%CE%BF_1963.jpg	Pinus halepensis	Pinus pinea	0.9019607843137255	Robinia pseudoacacia	0.06666666666666667	Ferula communis	0.00784313725490196	Pinus halepensis	0.00392156862745098	Erica arborea	0.00392156862745098
Pinus_pinaster.jpg	Pinus pinaster	Pinus pinaster	0.996078431372549	Pinus sylvestris	0.00784313725490196	Cerastium semidecandrum	0.0	Theligonum cynocrambe	0.0	Arctotheca calendula	0.0
Pinus_pinea_Wellington_Botanic_Gardens.jpg	Pinus pinea	Pinus pinea	0.9333333333333333	Aeonium arboreum	0.00784313725490196	Ammi visnaga	0.00392156862745098	Scorpiurus vermiculatus	0.00392156862745098	Ferula communis	0.00392156862745098
Skuleskogen_pine.jpg	Pinus sylvestris	Pinus pinea	0.5294117647058824	Pinus sylvestris	0.20784313725490197	Eucalyptus globulus	0.09019607843137255	Pinus halepensis	0.07058823529411765	Eucalyptus camaldulensis	0.0196078431372549
Piptatherummiliaceum.jpg	Piptatherum miliaceum	Stipa gigantea	0.34901960784313724	Bromus tectorum	0.27450980392156865	Bromus squarrosus	0.08627450980392157	Bromus sterilis	0.07450980392156863	Bromus ramosus	0.06666666666666667
Pistacia_lentiscus.jpg	Pistacia lentiscus	Pistacia lentiscus	0.9803921568627451	Pistacia terebinthus	0.00392156862745098	Arbutus unedo	0.00392156862745098	Myrica gale	0.00392156862745098	Cerastium semidecandrum	0.0
Pistacia_palaestina.JPG	Pistacia terebinthus	Acacia longifolia	0.27058823529411763	Acacia saligna	0.13333333333333333	Quercus coccifera	0.10588235294117647	Pinus pinea	0.09411764705882353	Acacia mearnsii	0.027450980392156862
Pistorinia_1_sp.JPG	Pistorinia hispanica	Sedum rubens	0.4627450980392157	Sedum caespitosum	0.1803921568627451	Cytinus ruber	0.06274509803921569	Mesembryanthemum nodiflorum	0.027450980392156862	Rhus coriaria	0.01568627450980392
Pittosporum_Tobira_JPG0.jpg	Pittosporum tobira	Pittosporum tobira	0.3607843137254902	Daphne gnidium	0.1411764705882353	Heliotropium curassavicum	0.12549019607843137	Acacia melanoxylon	0.03529411764705882	Polygonum maritimum	0.023529411764705882
Pittosporum_undulatum_fruit.jpg	Pittosporum undulatum	Pittosporum undulatum	0.6392156862745098	Ilex aquifolium	0.19607843137254902	Laurus nobilis	0.08627450980392157	Prunus lusitanica	0.01568627450980392	Castanea sativa	0.011764705882352941
Plantago_albicans_kz3.jpg	Plantago albicans	Reichardia picroides	0.13333333333333333	Alopecurus myosuroides	0.09411764705882353	Leontodon hispidus	0.058823529411764705	Reichardia intermedia	0.047058823529411764	Andryala ragusina	0.047058823529411764
Plantago_lagopus_Habitus_2011-4-10_SierraMadrona.jpg	Plantago lagopus	Plantago lanceolata	0.19215686274509805	Allium victorialis	0.06666666666666667	Carex echinata	0.047058823529411764	Scirpoides holoschoenus	0.043137254901960784	Juncus squarrosus	0.043137254901960784
Ribwort_600.jpg	Plantago lanceolata	Plantago lanceolata	0.6196078431372549	Agapanthus praecox	0.03529411764705882	Allium victorialis	0.03137254901960784	Allium ursinum	0.01568627450980392	Hyacinthoides hispanica	0.01568627450980392
Grote_weegbree_bloeiwijze_Plantago_major_subsp._major.jpg	Plantago major	Plantago major	0.9803921568627451	Reseda luteola	0.00784313725490196	Phytolacca heterotepala	0.00392156862745098	Cerastium semidecandrum	0.0	Theligonum cynocrambe	0.0
Plantago_maritima_v._juncoides3326.jpg	Plantago maritima	Plantago serraria	0.22745098039215686	Euphorbia nicaeensis	0.1803921568627451	Euphorbia paralias	0.0784313725490196	Euphorbia portlandica	0.06274509803921569	Plantago maritima	0.0392156862745098
Malta_-_Qrendi_-_Hagar_Qim_and_Mnajdra_Archaeological_Park_-_Plantago_serraria_01_ies.jpg	Plantago serraria	Plantago coronopus	0.35294117647058826	Plantago serraria	0.2196078431372549	Matthiola fruticulosa	0.19607843137254902	Sedum rubens	0.023529411764705882	Euphorbia segetalis	0.0196078431372549
Berkeley_Square_-_geograph.org.uk_-_911963.jpg	Platanus hispanica	Salix babylonica	0.24705882352941178	Ailanthus altissima	0.15294117647058825	Salix fragilis	0.054901960784313725	Salix triandra	0.03137254901960784	Platanus hispanica	0.023529411764705882
Poa_angustifolia1.JPG	Poa angustifolia	Poa trivialis	0.8627450980392157	Poa pratensis	0.047058823529411764	Poa angustifolia	0.023529411764705882	Polypogon viridis	0.00784313725490196	Eragrostis pilosa	0.00784313725490196
Poa_annua.jpeg	Poa annua	Poa pratensis	0.3137254901960784	Poa trivialis	0.2784313725490196	Poa annua	0.19607843137254902	Poa supina	0.06666666666666667	Poa angustifolia	0.047058823529411764
Poabulbosa.jpg	Poa bulbosa	Poa bulbosa	0.6941176470588235	Nigella damascena	0.13333333333333333	Ulex europaeus	0.03529411764705882	Asparagus albus	0.011764705882352941	Bassia scoparia	0.011764705882352941
Poa_infirma.jpg	Poa infirma	Camelina microcarpa	0.43137254901960786	Poa nemoralis	0.11764705882352941	Poa annua	0.08235294117647059	Eragrostis minor	0.0392156862745098	Poa pratensis	0.0392156862745098
Poa.nemoralis.in.may.germany.jpg	Poa nemoralis	Schoenoplectus lacustris	0.396078431372549	Poa nemoralis	0.09411764705882353	Typha angustifolia	0.06666666666666667	Eleocharis palustris	0.058823529411764705	Glyceria fluitans	0.058823529411764705
Veldbeemdgras_Poa_pratensis.jpg	Poa pratensis	Poa supina	0.1450980392156863	Carex pilulifera	0.11372549019607843	Cyperus fuscus	0.11372549019607843	Agrostis canina	0.08235294117647059	Poa bulbosa	0.07058823529411765
Poa_trivialis_Ruwbeembgras_bloeiwijze.jpg	Poa trivialis	Eragrostis pilosa	0.16862745098039217	Deschampsia cespitosa	0.14901960784313725	Milium vernale	0.07450980392156863	Carex elata	0.047058823529411764	Festuca rubra	0.0392156862745098
Polycarpon_tetraphyllum.jpg	Polycarpon tetraphyllum	Corrigiola telephiifolia	0.17647058823529413	Sedum anglicum	0.12549019607843137	Scleranthus perennis	0.0784313725490196	Corrigiola litoralis	0.0784313725490196	Sedum hirsutum	0.06274509803921569
Polygala_monspeliaca.jpg	Polygala monspeliaca	Lythrum hyssopifolia	0.21568627450980393	Polygala serpyllifolia	0.03529411764705882	Disphyma crassifolium	0.03137254901960784	Mesembryanthemum nodiflorum	0.03137254901960784	Velezia rigida	0.027450980392156862
Polygala_serpyllifolia.jpg	Polygala serpyllifolia	Polygala serpyllifolia	0.9921568627450981	Polygala vulgaris	0.00392156862745098	Polygala microphylla	0.00392156862745098	Cerastium semidecandrum	0.0	Theligonum cynocrambe	0.0
Polygala_vulgaris_290504.jpg	Polygala vulgaris	Polygala vulgaris	0.796078431372549	Polygala serpyllifolia	0.043137254901960784	Vicia onobrychioides	0.03137254901960784	Limonium vulgare	0.011764705882352941	Carex muricata	0.00392156862745098
Angular_solomons-seal_Polygonatum_odoratum.jpg	Polygonatum odoratum	Polygonatum odoratum	0.9803921568627451	Allium victorialis	0.00392156862745098	Cerastium semidecandrum	0.0	Theligonum cynocrambe	0.0	Arctotheca calendula	0.0
Polygonumarenastrum.jpg	Polygonum arenastrum	Polygonum arenastrum	0.6627450980392157	Polygonum aviculare	0.1450980392156863	Bassia scoparia	0.03137254901960784	Amaranthus albus	0.01568627450980392	Lythrum junceum	0.00784313725490196
Polygonum_aviculare_4.JPG	Polygonum aviculare	Polygonum arenastrum	0.6549019607843137	Polygonum aviculare	0.1411764705882353	Artemisia verlotiorum	0.043137254901960784	Rumex conglomeratus	0.043137254901960784	Polygonum equisetiforme	0.0196078431372549
Polypodium_cambricum_002.jpg	Polypodium cambricum	Pteris vittata	0.4823529411764706	Dryopteris affinis	0.11764705882352941	Polypodium cambricum	0.09411764705882353	Polypodium interjectum	0.08235294117647059	Polypodium vulgare	0.058823529411764705
Polypodium_vulgare_%28aka%29.jpg	Polypodium interjectum	Woodwardia radicans	0.396078431372549	Ailanthus altissima	0.09411764705882353	Dryopteris affinis	0.08627450980392157	Pteridium aquilinum	0.06666666666666667	Prunus lusitanica	0.027450980392156862
Polypogon_monspeliensis_%281%29.jpg	Polypogon monspeliensis	Polypogon monspeliensis	0.8392156862745098	Lagurus ovatus	0.06274509803921569	Setaria viridis	0.00784313725490196	Lagoecia cuminoides	0.00784313725490196	Setaria italica	0.00784313725490196
Agrostisviridis.jpg	Polypogon viridis	Corynephorus canescens	0.5647058823529412	Agrostis canina	0.03137254901960784	Rumex induratus	0.023529411764705882	Juncus inflexus	0.0196078431372549	Danthonia decumbens	0.0196078431372549
Polystichum_setiferum0.jpg	Polystichum setiferum	Dryopteris expansa	0.2235294117647059	Anthemis maritima	0.12156862745098039	Chamaecyparis lawsoniana	0.09803921568627451	Pulicaria odora	0.0784313725490196	Medicago orbicularis	0.06666666666666667
Populus_nigra_kz1.jpg	Populus nigra	Pinus pinea	0.10588235294117647	Pinus pinaster	0.09411764705882353	Retama sphaerocarpa	0.050980392156862744	Dittrichia graveolens	0.047058823529411764	Prunus dulcis	0.047058823529411764
PopulusTremula001.JPG	Populus tremula	Populus tremula	0.8549019607843137	Populus nigra	0.08235294117647059	Pyrus bourgaeana	0.00784313725490196	Reynoutria japonica	0.00392156862745098	Vitis vinifera	0.00392156862745098
Portulaca_oleracea.jpg	Portulaca oleracea	Heliotropium curassavicum	0.26666666666666666	Polygonum arenastrum	0.07450980392156863	Cerinthe major	0.047058823529411764	Portulaca oleracea	0.03529411764705882	Corrigiola litoralis	0.03137254901960784
Potamogeton_coloratus_%288405211888%29.jpg	Potamogeton coloratus	Canna indica	0.16470588235294117	Salix fragilis	0.058823529411764705	Lepidium latifolium	0.0392156862745098	Nerium oleander	0.0392156862745098	Senecio doronicum	0.03529411764705882
PotamogetonCrispus.jpg	Potamogeton crispus	Pteris vittata	0.10588235294117647	Groenlandia densa	0.08235294117647059	Potamogeton crispus	0.07450980392156863	Dryopteris affinis	0.0392156862745098	Polypodium interjectum	0.023529411764705882
Potamogeton_gramineus_%283817604665%29.jpg	Potamogeton gramineus	Potamogeton polygonifolius	0.5490196078431373	Potamogeton natans	0.27058823529411763	Potamogeton nodosus	0.09411764705882353	Potamogeton gramineus	0.0392156862745098	Potamogeton lucens	0.00392156862745098
PotamogetonLucens.jpg	Potamogeton lucens	Potamogeton lucens	0.9490196078431372	Potamogeton coloratus	0.01568627450980392	Rumex conglomeratus	0.00784313725490196	Potamogeton nodosus	0.00392156862745098	Potamogeton polygonifolius	0.00392156862745098
PotamogetonNatans.jpg	Potamogeton natans	Potamogeton natans	0.5372549019607843	Potamogeton polygonifolius	0.4235294117647059	Nymphaea alba	0.01568627450980392	Potamogeton nodosus	0.00784313725490196	Nymphoides peltata	0.00392156862745098
Potamogeton_nodosus_kz06.jpg	Potamogeton nodosus	Potamogeton nodosus	0.5333333333333333	Potamogeton natans	0.4235294117647059	Potamogeton polygonifolius	0.00784313725490196	Nymphaea alba	0.00392156862745098	Potamogeton gramineus	0.00392156862745098
Potamogeton_perfoliatus.jpeg	Potamogeton perfoliatus	Potamogeton perfoliatus	0.7803921568627451	Ludwigia palustris	0.0392156862745098	Potamogeton crispus	0.03137254901960784	Groenlandia densa	0.0196078431372549	Lythrum portula	0.011764705882352941
Potentilla_reptans_beauvais-carriere-bracheux_60_20062008_1.jpg	Potentilla reptans	Potentilla reptans	0.9686274509803922	Arnoseris minima	0.01568627450980392	Potentilla erecta	0.00392156862745098	Trifolium campestre	0.00392156862745098	Cerastium semidecandrum	0.0
Drymocallis_rupestris_1.jpg	Potentilla rupestris	Potentilla rupestris	0.807843137254902	Baldellia repens	0.058823529411764705	Helianthemum apenninum	0.03137254901960784	Potentilla montana	0.00784313725490196	Cistus monspeliensis	0.00392156862745098
Barren_Strawberry_%28Potentilla_sterilis%29.jpg	Potentilla sterilis	Potentilla sterilis	0.23137254901960785	Rosa corymbifera	0.11372549019607843	Potentilla montana	0.11372549019607843	Potentilla rupestris	0.10196078431372549	Fragaria vesca	0.0392156862745098
Detail_Flower_Cachys_trifida.jpg	Prangos trifida	Pastinaca sativa	0.14901960784313725	Thapsia minor	0.11764705882352941	Prangos trifida	0.10196078431372549	Ridolfia segetum	0.08235294117647059	Physospermum cornubiense	0.07450980392156863
Prasium_majus_Sardinia_LM_100407_066.jpg	Prasium majus	Prasium majus	0.9058823529411765	Clematis cirrhosa	0.0196078431372549	Rubus ulmifolius	0.00392156862745098	Viola arborescens	0.00392156862745098	Lamium bifidum	0.00392156862745098
Prole%C4%87no_cve%C4%87e_3.JPG	Primula acaulis	Primula acaulis	0.9803921568627451	Cerastium semidecandrum	0.0	Theligonum cynocrambe	0.0	Arctotheca calendula	0.0	Lathyrus pratensis	0.0
Praktbrun%C3%B6rt._Prunella_grandiflora-2982_-_Flickr_-_Ragnhild_%26_Neil_Crawford.jpg	Prunella grandiflora	Prunella vulgaris	0.5058823529411764	Prunella grandiflora	0.12156862745098039	Lavandula multifida	0.0196078431372549	Linaria amethystea	0.0196078431372549	Lavandula latifolia	0.01568627450980392
Prunella_laciniata_110807.jpg	Prunella laciniata	Prunella laciniata	0.6235294117647059	Gomphocarpus fruticosus	0.07450980392156863	Galium glaucum	0.011764705882352941	Hyoscyamus albus	0.00784313725490196	Orchis provincialis	0.00392156862745098
Prunella_vulgaris_-_harilik_k%C3%A4bihein.jpg	Prunella vulgaris	Prunella vulgaris	0.5647058823529412	Asperula arvensis	0.07450980392156863	Thymus pulegioides	0.043137254901960784	Stachys palustris	0.023529411764705882	Trifolium angustifolium	0.00784313725490196
Prunus_avium_fruit.jpg	Prunus avium	Prunus avium	0.6196078431372549	Frangula alnus	0.06666666666666667	Prunus mahaleb	0.027450980392156862	Euonymus europaeus	0.023529411764705882	Corylus avellana	0.0196078431372549
Prunus-lusitanica-fruits.JPG	Prunus lusitanica	Prunus lusitanica	0.9686274509803922	Pittosporum undulatum	0.011764705882352941	Laurus nobilis	0.00392156862745098	Viburnum tinus	0.00392156862745098	Cerastium semidecandrum	0.0
Prunus_mahaleb2.jpg	Prunus mahaleb	Spiraea hypericifolia	0.6745098039215687	Prunus mahaleb	0.23529411764705882	Crataegus monogyna	0.023529411764705882	Prunus padus	0.01568627450980392	Malus sylvestris	0.011764705882352941
Vogelkers_bloesem.jpg	Prunus padus	Prunus padus	0.8235294117647058	Viburnum tinus	0.054901960784313725	Prunus mahaleb	0.043137254901960784	Viburnum lantana	0.00784313725490196	Crataegus monogyna	0.00784313725490196
Closeup_of_blackthorn_aka_sloe_aka_prunus_spinosa_sweden_20050924.jpg	Prunus spinosa	Prunus spinosa	0.3176470588235294	Phillyrea angustifolia	0.2	Myrtus communis	0.2	Ligustrum vulgare	0.09803921568627451	Vaccinium uliginosum	0.08627450980392157
Adelaarsvaren_planten_Pteridium_aquilinum.jpg	Pteridium aquilinum	Pteridium aquilinum	0.6823529411764706	Osmunda regalis	0.058823529411764705	Ailanthus altissima	0.047058823529411764	Dryopteris expansa	0.03137254901960784	Paraserianthes lophantha	0.023529411764705882
Pteris_vittata.jpg	Pteris vittata	Asplenium marinum	0.7372549019607844	Polypodium interjectum	0.0392156862745098	Asplenium obovatum	0.027450980392156862	Asplenium trichomanes	0.027450980392156862	Selaginella kraussiana	0.0196078431372549
Pulicaria_dysenterica_compressed.JPG	Pulicaria dysenterica	Pulicaria dysenterica	0.8470588235294118	Pulicaria odora	0.0784313725490196	Pulicaria vulgaris	0.0392156862745098	Inula montana	0.00392156862745098	Inula salicina	0.00392156862745098
Pulicaria_odora.jpg	Pulicaria odora	Pulicaria odora	0.996078431372549	Inula montana	0.00392156862745098	Cerastium semidecandrum	0.0	Theligonum cynocrambe	0.0	Arctotheca calendula	0.0
Pulicaria_arabica_hispanica_Pulicaria_paludosa_%2814733674175%29.jpg	Pulicaria paludosa	Pulicaria paludosa	0.7176470588235294	Coleostephus myconis	0.12156862745098039	Lepidophorum repandum	0.054901960784313725	Anacyclus radiatus	0.0196078431372549	Pulicaria vulgaris	0.01568627450980392
PulicariaVulgaris2.jpg	Pulicaria vulgaris	Pulicaria vulgaris	0.596078431372549	Coleostephus myconis	0.06274509803921569	Trifolium campestre	0.043137254901960784	Erigeron acris	0.03529411764705882	Achillea ageratum	0.027450980392156862
Pulmonarialongifolia.jpg	Pulmonaria longifolia	Pulmonaria longifolia	0.3411764705882353	Anchusa calcarea	0.30196078431372547	Borago officinalis	0.050980392156862744	Polygala serpyllifolia	0.047058823529411764	Cerinthe major	0.023529411764705882
Flowering_Iberian_pear.jpg	Pyrus bourgaeana	Prunus dulcis	0.2235294117647059	Olea europaea	0.1411764705882353	Quercus rotundifolia	0.07058823529411765	Cytisus multiflorus	0.07058823529411765	Quercus suber	0.06274509803921569
Froitos_Pyrus_cordata%2C_pereira_brava%2C_Xard%C3%ADn_bot%C3%A1nico_de_Culleredo_2.jpg	Pyrus cordata	Pyrus cordata	0.7607843137254902	Sorbus aucuparia	0.10196078431372549	Malus sylvestris	0.01568627450980392	Bryonia dioica	0.00784313725490196	Crataegus monogyna	0.00784313725490196
Quercus_canariensis_Enfoque_2010-10-03_SierraMadrona.jpg	Quercus canariensis	Phillyrea latifolia	0.21176470588235294	Quercus coccifera	0.14901960784313725	Quercus faginea	0.13333333333333333	Laurus nobilis	0.09411764705882353	Arbutus unedo	0.06666666666666667
Quercus_coccifera.jpg	Quercus coccifera	Quercus coccifera	0.6588235294117647	Quercus rotundifolia	0.0784313725490196	Solanum linnaeanum	0.03137254901960784	Quercus lusitanica	0.011764705882352941	Juniperus oxycedrus	0.011764705882352941
Quejigo_de_la_Molinera.JPG	Quercus faginea	Prunus dulcis	0.5137254901960784	Quercus faginea	0.2	Salix fragilis	0.06274509803921569	Castanea sativa	0.03529411764705882	Pittosporum undulatum	0.03529411764705882
Quercus_pubescens_Tuscany.jpg	Quercus pubescens	Quercus rotundifolia	0.27450980392156865	Robinia pseudoacacia	0.19215686274509805	Quercus suber	0.13725490196078433	Quercus faginea	0.08627450980392157	Pinus pinea	0.0196078431372549
Quercus_pyrenaica_20190708a.jpg	Quercus pyrenaica	Quercus faginea	0.3803921568627451	Quercus rotundifolia	0.14901960784313725	Pinus sylvestris	0.058823529411764705	Quercus suber	0.0392156862745098	Quercus pyrenaica	0.03529411764705882
Quercus_robur.jpg	Quercus robur	Quercus robur	0.9647058823529412	Quercus pyrenaica	0.027450980392156862	Quercus pubescens	0.00392156862745098	Cerastium semidecandrum	0.0	Theligonum cynocrambe	0.0
Quercus_ilex_rotundifolia.jpg	Quercus rotundifolia	Quercus rotundifolia	0.7450980392156863	Juniperus oxycedrus	0.09019607843137255	Olea europaea	0.023529411764705882	Quercus suber	0.01568627450980392	Fraxinus angustifolia	0.011764705882352941
Quercus_rubra_%40_Tortworth_Court.jpg	Quercus rubra	Pistacia terebinthus	0.4588235294117647	Quercus faginea	0.1411764705882353	Sorbus aucuparia	0.09803921568627451	Rhus coriaria	0.0784313725490196	Quercus pyrenaica	0.0392156862745098
Cork_oak_%2828864190188%29.jpg	Quercus suber	Pinus pinea	0.20392156862745098	Quercus pyrenaica	0.06274509803921569	Dipsacus comosus	0.054901960784313725	Carex demissa	0.043137254901960784	Avena sativa	0.0392156862745098
Zwerglein%28Radiola_linoides%29.jpg	Radiola linoides	Radiola linoides	0.9764705882352941	Thymus capitellatus	0.0196078431372549	Cerastium semidecandrum	0.0	Theligonum cynocrambe	0.0	Arctotheca calendula	0.0
Acker-Hahnenfuss-Bl%C3%BCte.jpg	Ranunculus arvensis	Ranunculus bulbosus	0.08627450980392157	Caltha palustris	0.0784313725490196	Ranunculus paludosus	0.0784313725490196	Ranunculus gramineus	0.054901960784313725	Oenothera stricta	0.047058823529411764
20180428Ranunculus_bulbosus2.jpg	Ranunculus bulbosus	Ranunculus macrophyllus	0.30196078431372547	Ranunculus paludosus	0.30196078431372547	Ranunculus repens	0.16862745098039217	Ranunculus bulbosus	0.16862745098039217	Ranunculus ollissiponensis	0.0196078431372549
Ranunculus_bullatus.JPG	Ranunculus bullatus	Ranunculus bullatus	0.8549019607843137	Caltha palustris	0.09019607843137255	Anemone palmata	0.00784313725490196	Ranunculus repens	0.00392156862745098	Senecio leucanthemifolius	0.00392156862745098
RanunculusFlammula4.jpg	Ranunculus flammula	Ranunculus flammula	0.22745098039215686	Ranunculus ophioglossifolius	0.1568627450980392	Valerianella locusta	0.047058823529411764	Arnoseris minima	0.03529411764705882	Scorzonera humilis	0.027450980392156862
RANUNCULUS_GRAMINEUS_-_MONTSEC_-_IB-102_%28Ranuncle%29.jpg	Ranunculus gramineus	Ranunculus gramineus	0.3411764705882353	Ranunculus bulbosus	0.13333333333333333	Ranunculus paludosus	0.11764705882352941	Ranunculus macrophyllus	0.058823529411764705	Ranunculus repens	0.047058823529411764
Ranunculus_macrophyllus.JPG	Ranunculus macrophyllus	Ranunculus gramineus	0.3333333333333333	Ranunculus repens	0.10196078431372549	Ranunculus macrophyllus	0.08235294117647059	Ranunculus paludosus	0.08235294117647059	Caltha palustris	0.07058823529411765
Ranunculus_muricatus_DSC00937_%283300281211%29.jpg	Ranunculus muricatus	Ammi majus	0.27058823529411763	Rorippa palustris	0.21176470588235294	Ranunculus sceleratus	0.18823529411764706	Arnoseris minima	0.06666666666666667	Sisymbrium orientale	0.027450980392156862
Adders_tongue_spearwort.jpg	Ranunculus ophioglossifolius	Ranunculus ophioglossifolius	0.9607843137254902	Galinsoga parviflora	0.011764705882352941	Ranunculus sceleratus	0.00784313725490196	Cotula coronopifolia	0.00392156862745098	Rhagadiolus edulis	0.00392156862745098
Ranunculus_paludosus_1.JPG	Ranunculus paludosus	Ranunculus ollissiponensis	0.5529411764705883	Ranunculus paludosus	0.3058823529411765	Ranunculus macrophyllus	0.027450980392156862	Anemone palmata	0.027450980392156862	Ranunculus bulbosus	0.0196078431372549
Ranunculus_parviflorus_Enfoque_2012-05-01_SierraMadrona.jpg	Ranunculus parviflorus	Ranunculus muricatus	0.8313725490196079	Ranunculus parviflorus	0.0392156862745098	Ranunculus ophioglossifolius	0.0196078431372549	Trifolium dubium	0.01568627450980392	Ranunculus sceleratus	0.011764705882352941
RanunculusPeltatus2.jpg	Ranunculus peltatus	Ranunculus peltatus	0.6549019607843137	Anemone nemorosa	0.1607843137254902	Primula acaulis	0.0392156862745098	Cistus populifolius	0.03529411764705882	Cistus salviifolius	0.027450980392156862
Creeping_butercup_close_800.jpg	Ranunculus repens	Ranunculus repens	0.7764705882352941	Ranunculus paludosus	0.058823529411764705	Ranunculus macrophyllus	0.050980392156862744	Ranunculus ollissiponensis	0.047058823529411764	Ranunculus bulbosus	0.00784313725490196
Ranunculus_sceleratus_LC0079.jpg	Ranunculus sceleratus	Sparganium emersum	0.30980392156862746	Galium lucidum	0.07450980392156863	Lepidium virginicum	0.058823529411764705	Myosotis laxa	0.047058823529411764	Thesium humifusum	0.03529411764705882
RanunculusTrichophyllus.jpg	Ranunculus trichophyllus	Ranunculus peltatus	0.5176470588235295	Saxifraga fragosoi	0.0392156862745098	Ranunculus ololeucos	0.03137254901960784	Baldellia ranunculoides	0.027450980392156862	Ranunculus omiophyllus	0.0196078431372549
Bolletjesraket_19-05-2006_12.34.12.JPG	Rapistrum rugosum	Diplotaxis virgata	0.4196078431372549	Sisymbrium austriacum	0.12941176470588237	Barbarea intermedia	0.08235294117647059	Brassica nigra	0.07058823529411765	Sinapis alba	0.043137254901960784
Reichardia_gaditana_1.JPG	Reichardia gaditana	Reichardia gaditana	0.8117647058823529	Tolpis barbata	0.03529411764705882	Papaver somniferum	0.011764705882352941	Gazania rigens	0.00784313725490196	Arctotheca calendula	0.00392156862745098
Reichardia_intermedia_kz1.jpg	Reichardia intermedia	Calendula arvensis	0.17254901960784313	Reichardia intermedia	0.09803921568627451	Calendula suffruticosa	0.07450980392156863	Senecio pyrenaicus	0.07450980392156863	Hieracium amplexicaule	0.0196078431372549
Reseda_alba_%28flower_spike%29.jpg	Reseda alba	Reseda alba	0.9921568627450981	Cerastium semidecandrum	0.0	Theligonum cynocrambe	0.0	Arctotheca calendula	0.0	Lathyrus pratensis	0.0
ResedaLutea-overz-kl.jpg	Reseda lutea	Reseda luteola	0.5176470588235295	Reseda lutea	0.2549019607843137	Rumex longifolius	0.08627450980392157	Rumex crispus	0.011764705882352941	Melilotus officinalis	0.00784313725490196
Reseda_luteola_%28Flowers%29.jpg	Reseda luteola	Reseda luteola	0.8274509803921568	Reseda lutea	0.043137254901960784	Reseda alba	0.027450980392156862	Ambrosia artemisiifolia	0.00392156862745098	Phytolacca heterotepala	0.00392156862745098
Reseda_lutea1.jpg	Reseda media	Acanthus mollis	0.23921568627450981	Reseda alba	0.21176470588235294	Reseda luteola	0.09411764705882353	Reseda lutea	0.058823529411764705	Erica scoparia	0.047058823529411764
Resedaceae_-_Reseda_phyteuma-001.jpg	Reseda phyteuma	Reseda lutea	0.9137254901960784	Reseda luteola	0.054901960784313725	Ligustrum vulgare	0.00784313725490196	Reseda alba	0.00392156862745098	Rubia peregrina	0.00392156862745098
Retama_March_2015-1.jpg	Retama monosperma	Thymus zygis	0.2784313725490196	Retama monosperma	0.2196078431372549	Iberis procumbens	0.15294117647058825	Convolvulus tricolor	0.09803921568627451	Cytisus multiflorus	0.0392156862745098
Retama_raetam_%28Puntagorda%29_02.jpg	Retama sphaerocarpa	Retama monosperma	0.8156862745098039	Cytisus multiflorus	0.1411764705882353	Allium oleraceum	0.00392156862745098	Oxalis articulata	0.00392156862745098	Cytisus scoparius	0.00392156862745098
Reynoutria_japonica_in_Brastad_1.jpg	Reynoutria japonica	Buddleja davidii	0.09803921568627451	Reynoutria japonica	0.07450980392156863	Ligustrum lucidum	0.058823529411764705	Rosa tomentosa	0.054901960784313725	Erophaca baetica	0.0392156862745098
Rhagadiolus_stellatus.jpg	Rhagadiolus stellatus	Linum strictum	0.09803921568627451	Centaurea melitensis	0.08627450980392157	Sisymbrium austriacum	0.06666666666666667	Crupina vulgaris	0.047058823529411764	Bidens pilosa	0.047058823529411764
Rhamnus_alaternus_%288692911406%29.jpg	Rhamnus alaternus	Rhamnus lycioides	0.14901960784313725	Rhamnus alaternus	0.13333333333333333	Pistacia terebinthus	0.13333333333333333	Viburnum tinus	0.050980392156862744	Lactuca saligna	0.047058823529411764
Rhamnus_lycioides_fruits.JPG	Rhamnus lycioides	Rhamnus alaternus	0.5803921568627451	Flueggea tinctoria	0.027450980392156862	Halimium lasianthum	0.023529411764705882	Rhamnus lycioides	0.023529411764705882	Halimium calycinum	0.01568627450980392
20170517Rhinanthus_minor6.jpg	Rhinanthus minor	Rhinanthus minor	0.996078431372549	Cerastium semidecandrum	0.0	Theligonum cynocrambe	0.0	Arctotheca calendula	0.0	Lathyrus pratensis	0.0
Rhododendron_ponticum_ssp._baeticum_in_Cambarinho_Botanical_Reserve%2C_Portugal.JPG	Rhododendron ponticum	Rhododendron ponticum	0.8274509803921568	Cistus albidus	0.03529411764705882	Limoniastrum monopetalum	0.0196078431372549	Bituminaria bituminosa	0.00784313725490196	Centaurium erythraea	0.00784313725490196
Sommacco.jpg	Rhus coriaria	Anagyris foetida	0.3058823529411765	Daphne gnidium	0.12156862745098039	Ficus carica	0.09411764705882353	Castanea sativa	0.058823529411764705	Pistacia terebinthus	0.058823529411764705
Rhynchosporaalba.jpg	Rhynchospora alba	Rhynchospora alba	0.9529411764705882	Logfia gallica	0.00784313725490196	Allium ursinum	0.00392156862745098	Juncus tenuis	0.00392156862745098	Nothoscordum gracile	0.00392156862745098
Ricinus_March_2010-1.jpg	Ricinus communis	Ricinus communis	0.9607843137254902	Rubus vestitus	0.00784313725490196	Rhus coriaria	0.00784313725490196	Cerastium semidecandrum	0.0	Theligonum cynocrambe	0.0
Ridolfia_segetum_1.jpg	Ridolfia segetum	Ridolfia segetum	0.5607843137254902	Foeniculum vulgare	0.34901960784313724	Ferula communis	0.054901960784313725	Prangos trifida	0.01568627450980392	Sisymbrium austriacum	0.00392156862745098
Robina9146.JPG	Robinia pseudoacacia	Robinia pseudoacacia	0.8980392156862745	Ruscus aculeatus	0.01568627450980392	Sorbus aucuparia	0.011764705882352941	Ligustrum vulgare	0.00392156862745098	Sambucus nigra	0.00392156862745098
Romulea_bulbocodium_2.jpg	Romulea bulbocodium	Romulea bulbocodium	0.47843137254901963	Romulea ramiflora	0.18823529411764706	Romulea clusiana	0.11764705882352941	Romulea columnae	0.08235294117647059	Crocus serotinus	0.011764705882352941
Romulea_bulbocodium_1.jpg	Romulea clusiana	Romulea bulbocodium	0.5647058823529412	Romulea columnae	0.19607843137254902	Romulea clusiana	0.10980392156862745	Romulea ramiflora	0.03137254901960784	Arctotheca calendula	0.00392156862745098
Romulea_columnae.jpg	Romulea columnae	Romulea columnae	0.7529411764705882	Romulea clusiana	0.0784313725490196	Romulea ramiflora	0.054901960784313725	Romulea bulbocodium	0.050980392156862744	Crocus carpetanus	0.00784313725490196
Romulea_FlowerCloseup_2009March19_DehesaBoyaldePuertollano.jpg	Romulea ramiflora	Romulea bulbocodium	0.5137254901960784	Romulea ramiflora	0.3215686274509804	Romulea columnae	0.10980392156862745	Romulea clusiana	0.023529411764705882	Tulipa sylvestris	0.00392156862745098
Rorippa_amphibia_plant.jpg	Rorippa amphibia	Barbarea intermedia	0.4196078431372549	Rorippa palustris	0.2627450980392157	Barbarea verna	0.054901960784313725	Rorippa amphibia	0.043137254901960784	Barbarea vulgaris	0.01568627450980392
Rorippa_palustris_R0016754.JPG	Rorippa palustris	Rorippa palustris	0.7058823529411765	Rorippa sylvestris	0.19215686274509805	Sisymbrium officinale	0.011764705882352941	Barbarea verna	0.011764705882352941	Rorippa amphibia	0.00784313725490196
Rorippa_sylvestris_eF.jpg	Rorippa sylvestris	Melilotus officinalis	0.16862745098039217	Linum strictum	0.10588235294117647	Diplotaxis catholica	0.08235294117647059	Diplotaxis virgata	0.07450980392156863	Sisymbrium orientale	0.06666666666666667
Rosa_agrestis_inflorescence_%2829%29.jpg	Rosa agrestis	Rosa corymbifera	0.3764705882352941	Rosa micrantha	0.2980392156862745	Rosa canina	0.12941176470588237	Rosa agrestis	0.050980392156862744	Anemone nemorosa	0.023529411764705882
Rosa_micrantha_plant_%2806%29.jpg	Rosa micrantha	Rosa corymbifera	0.10588235294117647	Salix fragilis	0.10588235294117647	Quercus faginea	0.09411764705882353	Sambucus nigra	0.08627450980392157	Acacia melanoxylon	0.058823529411764705
Wild_Rosa_rubiginosa.jpg	Rosa rubiginosa	Rosa rubiginosa	0.4980392156862745	Rosa micrantha	0.15294117647058825	Rosa tomentosa	0.0392156862745098	Rosa canina	0.03137254901960784	Rosa corymbifera	0.03137254901960784
Rosa_sempervirens_02062003_2.JPG	Rosa sempervirens	Rosa sempervirens	0.7490196078431373	Rosa corymbifera	0.12941176470588237	Rosa agrestis	0.050980392156862744	Rosa canina	0.023529411764705882	Bidens pilosa	0.0196078431372549
Rosa_tomentosa_%28flower%29.jpg	Rosa tomentosa	Rosa micrantha	0.33725490196078434	Rosa rubiginosa	0.30196078431372547	Rosa corymbifera	0.058823529411764705	Rosa canina	0.050980392156862744	Rosa tomentosa	0.011764705882352941
Rostraria_cristata_plant2_%287405576404%29.jpg	Rostraria cristata	Rostraria cristata	0.8549019607843137	Phleum arenarium	0.08235294117647059	Setaria italica	0.01568627450980392	Polypogon monspeliensis	0.01568627450980392	Trifolium angustifolium	0.00784313725490196
Rubiaceae_-_Rubia_peregrina-1.JPG	Rubia peregrina	Rubia peregrina	0.4	Cruciata glabra	0.17647058823529413	Anogramma leptophylla	0.17647058823529413	Thelypteris palustris	0.047058823529411764	Ligustrum vulgare	0.00784313725490196
P%C3%B5ldmuraka_%C3%B5is_Rubus_caesius.jpg	Rubus caesius	Calystegia silvatica	0.2	Silene uniflora	0.12549019607843137	Rubus caesius	0.08627450980392157	Aquilegia vulgaris	0.06274509803921569	Armeria arenaria	0.047058823529411764
Blackberries_Rubus_ulmifolius2.jpg	Rubus ulmifolius	Rubus ulmifolius	0.9215686274509803	Rubus vestitus	0.03137254901960784	Lantana camara	0.00784313725490196	Sambucus nigra	0.00784313725490196	Ligustrum vulgare	0.00392156862745098
Rubus_vestitus_-_Botanischer_Garten%2C_Frankfurt_am_Main_-_DSC02477.JPG	Rubus vestitus	Urtica membranacea	0.6980392156862745	Parietaria judaica	0.14901960784313725	Calystegia silvatica	0.023529411764705882	Chenopodium vulvaria	0.0196078431372549	Oxalis exilis	0.01568627450980392
%28MHNT%29_Rumex_acetosa_-_Habit.jpg	Rumex acetosa	Plantago lanceolata	0.14901960784313725	Beta maritima	0.10588235294117647	Agapanthus praecox	0.058823529411764705	Hieracium amplexicaule	0.047058823529411764	Senecio doria	0.047058823529411764
Ahosuolahein%C3%A4_%28Rumex_acetosella%29.jpg	Rumex acetosella	Rumex acetosella	0.41568627450980394	Rumex bucephalophorus	0.1843137254901961	Lythrum salicaria	0.01568627450980392	Centranthus ruber	0.01568627450980392	Linaria elegans	0.011764705882352941
Rumex_bucephalophorus_RF.jpg	Rumex bucephalophorus	Rumex bucephalophorus	0.3411764705882353	Atriplex prostrata	0.0392156862745098	Rumex palustris	0.03529411764705882	Beta maritima	0.023529411764705882	Mesembryanthemum crystallinum	0.0196078431372549
Rumex_conglomeratus.jpg	Rumex conglomeratus	Rumex conglomeratus	0.984313725490196	Ligustrum vulgare	0.00392156862745098	Fallopia convolvulus	0.00392156862745098	Cerastium semidecandrum	0.0	Theligonum cynocrambe	0.0
Rumex_crispus_vallee-de-grace-amiens_80_12062007_3.jpg	Rumex crispus	Rumex palustris	0.18823529411764706	Mercurialis tomentosa	0.14901960784313725	Rumex longifolius	0.12941176470588237	Rumex crispus	0.10196078431372549	Rumex pulcher	0.09019607843137255
Rumex-longifolius-habit2.JPG	Rumex longifolius	Hieracium laevigatum	0.30196078431372547	Poa angustifolia	0.08235294117647059	Hesperis laciniata	0.06666666666666667	Poa bulbosa	0.058823529411764705	Scrophularia grandiflora	0.050980392156862744
Rumex-obtusifolius-foliage.JPG	Rumex obtusifolius	Digitalis thapsi	0.5607843137254902	Rumex obtusifolius	0.15294117647058825	Digitalis purpurea	0.09411764705882353	Rumex pulcher	0.0392156862745098	Hieracium amplexicaule	0.0196078431372549
Rumex_palustris_kz1.jpg	Rumex palustris	Veronica peregrina	0.21176470588235294	Mentha cervina	0.14901960784313725	Rumex palustris	0.11764705882352941	Cyperus michelianus	0.050980392156862744	Callitriche brutia	0.03529411764705882
Rumex_pulcher01062002inflorescence.JPG	Rumex pulcher	Rumex pulcher	0.9921568627450981	Rumex bucephalophorus	0.00392156862745098	Cerastium semidecandrum	0.0	Theligonum cynocrambe	0.0	Arctotheca calendula	0.0
Ruppiacirrhosa.jpeg	Ruppia cirrhosa	Zostera marina	0.26666666666666666	Littorella uniflora	0.13333333333333333	Carex arenaria	0.047058823529411764	Isolepis fluitans	0.03529411764705882	Potamogeton polygonifolius	0.03137254901960784
Ruppia_maritima_South_Chungcheong%2C_South_Korea_27_Jun_2006.jpg	Ruppia maritima	Ruppia maritima	0.5803921568627451	Zannichellia palustris	0.1803921568627451	Ruppia cirrhosa	0.10980392156862745	Isolepis fluitans	0.023529411764705882	Vallisneria spiralis	0.0196078431372549
Ruta_chalepensis_ce.JPG	Ruta chalepensis	Ruta chalepensis	0.21176470588235294	Euphorbia esula	0.13333333333333333	Euphorbia serrata	0.07450980392156863	Euphorbia hyberna	0.058823529411764705	Euphorbia terracina	0.0392156862745098
Sagina_apetala.jpeg	Sagina apetala	Sagina apetala	0.15294117647058825	Sagina maritima	0.08235294117647059	Arenaria leptoclados	0.050980392156862744	Veronica peregrina	0.043137254901960784	Crassula tillaea	0.043137254901960784
Moos_5770.jpg	Sagina procumbens	Minuartia recurva	0.4823529411764706	Montia fontana	0.10588235294117647	Echinospartum ibericum	0.058823529411764705	Spergularia rupicola	0.058823529411764705	Thymus camphoratus	0.023529411764705882
Salicornia_europaea_MS_0802.JPG	Salicornia ramosissima	Equisetum arvense	0.2823529411764706	Aira praecox	0.17647058823529413	Minuartia recurva	0.13725490196078433	Salicornia ramosissima	0.06274509803921569	Pilularia globulifera	0.047058823529411764
Salix_alba_leaves.jpg	Salix alba	Salix alba	0.33725490196078434	Salix viminalis	0.26666666666666666	Acacia saligna	0.18823529411764706	Salix babylonica	0.07450980392156863	Salix fragilis	0.027450980392156862
Salix_cinerea_flowers-2.jpg	Salix atrocinerea	Salix atrocinerea	0.41568627450980394	Salix triandra	0.2901960784313726	Salix caprea	0.20392156862745098	Salix viminalis	0.0196078431372549	Salix fragilis	0.011764705882352941
Ch%C3%A2teau_de_Chenonceau_-_jardin_Russell-Page_%2801%29.jpg	Salix babylonica	Salix babylonica	1.0	Cerastium semidecandrum	0.0	Theligonum cynocrambe	0.0	Arctotheca calendula	0.0	Lathyrus pratensis	0.0
Waterwilg_%28DSC_2539%29.jpg	Salix caprea	Salix atrocinerea	0.4588235294117647	Salix triandra	0.2549019607843137	Salix viminalis	0.1411764705882353	Salix caprea	0.03137254901960784	Dactylis glomerata	0.0196078431372549
Salix_fragilis_001.jpg	Salix fragilis	Salix triandra	0.23529411764705882	Pittosporum undulatum	0.06274509803921569	Salix viminalis	0.06274509803921569	Salix alba	0.054901960784313725	Laurus nobilis	0.0392156862745098
Salix-repens-flowering.JPG	Salix repens	Valantia muralis	0.09411764705882353	Euphorbia falcata	0.06666666666666667	Cerastium ramosissimum	0.050980392156862744	Valantia hispida	0.047058823529411764	Ranunculus omiophyllus	0.043137254901960784
Salix_salvifolia_Habitus_12October2009_RioFresnedas_ValledeAlcudia.jpg	Salix salviifolia	Arbutus unedo	0.16470588235294117	Salix fragilis	0.1450980392156863	Quercus robur	0.06274509803921569	Salix babylonica	0.054901960784313725	Quercus canariensis	0.0392156862745098
Salix_triandra_female_flower.jpg	Salix triandra	Salix triandra	0.5098039215686274	Salix fragilis	0.17647058823529413	Sambucus nigra	0.0784313725490196	Anemone trifolia	0.03137254901960784	Hydrangea macrophylla	0.01568627450980392
Salix-viminalis.JPG	Salix viminalis	Salix viminalis	0.39215686274509803	Xanthium spinosum	0.15294117647058825	Solanum laciniatum	0.15294117647058825	Acacia saligna	0.03529411764705882	Gomphocarpus fruticosus	0.0196078431372549
Solanaceae_-_Salpichroa_origanifolia-001.JPG	Salpichroa origanifolia	Salpichroa origanifolia	0.9882352941176471	Cerastium semidecandrum	0.0	Theligonum cynocrambe	0.0	Arctotheca calendula	0.0	Lathyrus pratensis	0.0
Salsola_soda_Rignanese.jpg	Salsola soda	Salsola soda	0.803921568627451	Suaeda vera	0.13725490196078433	Lythrum hyssopifolia	0.01568627450980392	Epilobium brachycarpum	0.011764705882352941	Fumana procumbens	0.00392156862745098
Salvia_sclarea3.jpg	Salvia sclarea	Salvia sclarea	0.6980392156862745	Trachelium caeruleum	0.027450980392156862	Calluna vulgaris	0.023529411764705882	Urtica dioica	0.023529411764705882	Lysimachia ephemerum	0.023529411764705882
Salvia_verbenaca_b.JPG	Salvia verbenaca	Salvia verbenaca	0.4196078431372549	Prunella vulgaris	0.29411764705882354	Salvia sclareoides	0.054901960784313725	Prunella grandiflora	0.054901960784313725	Salvia viridis	0.023529411764705882
Salvia_viridis_-_Zarif_%C5%9Ealba_04.jpg	Salvia viridis	Salvia viridis	0.32941176470588235	Salvia sclareoides	0.050980392156862744	Lepidium virginicum	0.03137254901960784	Veronica officinalis	0.011764705882352941	Cynosurus cristatus	0.011764705882352941
Sambucus_ebulus_bgiu.jpg	Sambucus ebulus	Sambucus ebulus	0.7098039215686275	Sorbus aucuparia	0.13725490196078433	Sambucus nigra	0.10588235294117647	Valeriana officinalis	0.00784313725490196	Viburnum tinus	0.00784313725490196
Sambucus_nigra_004.jpg	Sambucus nigra	Clematis cirrhosa	0.09019607843137255	Cistus monspeliensis	0.06274509803921569	Sambucus nigra	0.054901960784313725	Carduus tenuiflorus	0.03529411764705882	Bituminaria bituminosa	0.03137254901960784
SamolusValerandi2.jpg	Samolus valerandi	Samolus valerandi	0.9882352941176471	Valerianella locusta	0.00784313725490196	Cerastium semidecandrum	0.0	Theligonum cynocrambe	0.0	Arctotheca calendula	0.0
Wiesenknopf_Bl%C3%BCte_6260037-PSD-PSD.jpg	Sanguisorba minor	Allium victorialis	0.8549019607843137	Allium ampeloprasum	0.01568627450980392	Allium roseum	0.011764705882352941	Sanguisorba minor	0.00784313725490196	Lepidium latifolium	0.00784313725490196
Sanicula_europaea_050606.jpg	Sanicula europaea	Physospermum cornubiense	0.5333333333333333	Sanicula europaea	0.1450980392156863	Asplenium onopteris	0.11372549019607843	Anemone nemorosa	0.11372549019607843	Carex sylvatica	0.00784313725490196
SantolinaRosmarinifolia.jpg	Santolina rosmarinifolia	Bassia scoparia	0.3764705882352941	Seseli tortuosum	0.1843137254901961	Pycnocomon intermedium	0.16470588235294117	Parapholis incurva	0.08235294117647059	Artemisia campestris	0.06274509803921569
Saponaria-officinalis-flower.jpg	Saponaria officinalis	Saponaria officinalis	0.8666666666666667	Gladiolus illyricus	0.00392156862745098	Coincya monensis	0.00392156862745098	Agapanthus praecox	0.00392156862745098	Nerium oleander	0.00392156862745098
Saxifraga_granulata_140505.jpg	Saxifraga granulata	Saxifraga granulata	0.8784313725490196	Allium oleraceum	0.00784313725490196	Ranunculus ololeucos	0.00784313725490196	Ornithogalum arabicum	0.00392156862745098	Carex distans	0.00392156862745098
Saxifraga_spathularis.jpg	Saxifraga spathularis	Saxifraga spathularis	0.8549019607843137	Ononis variegata	0.0392156862745098	Scrophularia frutescens	0.023529411764705882	Asplenium ruta-muraria	0.01568627450980392	Lepidophorum repandum	0.00392156862745098
Saxifraga_tridactylites.jpg	Saxifraga tridactylites	Saxifraga tridactylites	0.9411764705882353	Sedum mucizonia	0.00784313725490196	Veronica cymbalaria	0.00392156862745098	Ranunculus ololeucos	0.00392156862745098	Campanula erinus	0.00392156862745098
Scabiosa_columbaria_Butterfly_Blue_2.jpg	Scabiosa columbaria	Scabiosa columbaria	0.6431372549019608	Knautia nevadensis	0.054901960784313725	Armeria arenaria	0.047058823529411764	Armeria maritima	0.043137254901960784	Eichhornia crassipes	0.011764705882352941
Scandix_pecten-veneris_flowers_and_fruits.jpg	Scandix pecten-veneris	Valerianella coronata	0.23137254901960785	Scandix pecten-veneris	0.1450980392156863	Valerianella discoidea	0.10196078431372549	Fumaria parviflora	0.09019607843137255	Asperula arvensis	0.08235294117647059
Schoenoplectus_lacustris_260605.jpg	Schoenoplectus lacustris	Schoenoplectus lacustris	0.9764705882352941	Schoenoplectus litoralis	0.023529411764705882	Cerastium semidecandrum	0.0	Theligonum cynocrambe	0.0	Arctotheca calendula	0.0
Schoenoplectus_pungens_FWS-2.jpg	Schoenoplectus pungens	Schoenus nigricans	0.8470588235294118	Bolboschoenus maritimus	0.07058823529411765	Carex divisa	0.043137254901960784	Schoenoplectus pungens	0.00784313725490196	Centaurea nigra	0.00392156862745098
Schoenus_nigricans_kz2.jpg	Schoenus nigricans	Schoenus nigricans	0.8352941176470589	Isolepis setacea	0.03529411764705882	Trichophorum cespitosum	0.027450980392156862	Juncus conglomeratus	0.00784313725490196	Juncus squarrosus	0.00784313725490196
Scille_%C3%A0_deux_feuilles_%28massif_des_Vosges%29.JPG	Scilla monophyllos	Scilla monophyllos	0.5098039215686274	Scilla peruviana	0.3176470588235294	Scilla verna	0.1411764705882353	Cerastium semidecandrum	0.0	Theligonum cynocrambe	0.0
Scilla_peruviana2.jpg	Scilla peruviana	Scilla peruviana	0.7764705882352941	Agapanthus praecox	0.023529411764705882	Scilla monophyllos	0.0196078431372549	Scilla verna	0.0196078431372549	Hyacinthoides hispanica	0.011764705882352941
Scilla_verna_Cornwall.jpg	Scilla verna	Scilla monophyllos	0.4	Scilla verna	0.4	Hyacinthoides hispanica	0.13725490196078433	Muscari neglectum	0.01568627450980392	Scilla peruviana	0.00784313725490196
Scirpoides_holoschoenus_RF.jpg	Scirpoides holoschoenus	Scirpoides holoschoenus	0.7411764705882353	Rumex palustris	0.10196078431372549	Juncus effusus	0.03529411764705882	Juncus conglomeratus	0.01568627450980392	Cyperus eragrostis	0.011764705882352941
Scleranthus_annuus_eF.jpg	Scleranthus annuus	Scleranthus annuus	0.8509803921568627	Logfia gallica	0.07058823529411765	Scleranthus polycarpos	0.0196078431372549	Spergula morisonii	0.01568627450980392	Ulex densus	0.00784313725490196
Scleranthus_perennis.jpeg	Scleranthus perennis	Scleranthus perennis	0.9607843137254902	Thesium humifusum	0.00392156862745098	Cochlearia danica	0.00392156862745098	Juncus squarrosus	0.00392156862745098	Cerastium semidecandrum	0.0
Scolymus_hispanicus.jpg	Scolymus hispanicus	Scolymus hispanicus	0.8980392156862745	Scolymus maculatus	0.0196078431372549	Carthamus lanatus	0.011764705882352941	Medicago arborea	0.00784313725490196	Ononis viscosa	0.00392156862745098
Scolymus_maculatus.jpg	Scolymus maculatus	Scolymus maculatus	0.47058823529411764	Scolymus hispanicus	0.1607843137254902	Carthamus lanatus	0.12941176470588237	Pallenis spinosa	0.00784313725490196	Tragopogon dubius	0.00784313725490196
Scorpiurus_muricatus_%28habitus%29.jpg	Scorpiurus muricatus	Scorpiurus muricatus	0.9411764705882353	Valeriana tuberosa	0.0392156862745098	Scorpiurus vermiculatus	0.00392156862745098	Armeria arenaria	0.00392156862745098	Cerastium semidecandrum	0.0
Scorzonera_purpurea_rosea0.jpg	Scorzonera angustifolia	Dianthus broteri	0.17647058823529413	Asphodelus fistulosus	0.1568627450980392	Dianthus hyssopifolius	0.12549019607843137	Catananche caerulea	0.09803921568627451	Hyacinthoides hispanica	0.07058823529411765
Scorzonera_humilis.jpg	Scorzonera humilis	Arnica montana	0.34509803921568627	Scorzonera humilis	0.21568627450980393	Doronicum plantagineum	0.11764705882352941	Senecio doronicum	0.03137254901960784	Senecio pyrenaicus	0.023529411764705882
Scorzonera_laciniata_eF.jpg	Scorzonera laciniata	Scorzonera laciniata	0.7450980392156863	Arnoseris minima	0.043137254901960784	Scorzonera humilis	0.03529411764705882	Hypochaeris glabra	0.023529411764705882	Tragopogon dubius	0.023529411764705882
Scrophularia_auriculata3Jeffdelonge.jpg	Scrophularia auriculata	Scrophularia auriculata	0.6862745098039216	Scrophularia sambucifolia	0.08235294117647059	Scrophularia grandiflora	0.050980392156862744	Sanguisorba minor	0.0196078431372549	Alcea rosea	0.011764705882352941
Scrophularia_canina_kz07.jpg	Scrophularia canina	Scrophularia canina	0.7647058823529411	Scrophularia frutescens	0.07450980392156863	Muscari comosum	0.01568627450980392	Scrophularia auriculata	0.00784313725490196	Vincetoxicum nigrum	0.00784313725490196
Scrophularia_nodosa8.jpg	Scrophularia frutescens	Scrophularia canina	0.30980392156862746	Scrophularia auriculata	0.19215686274509805	Luzula sylvatica	0.043137254901960784	Samolus valerandi	0.03529411764705882	Anogramma leptophylla	0.03137254901960784
Scrophularia_grandiflora_2601.jpg	Scrophularia grandiflora	Scrophularia grandiflora	0.792156862745098	Echium creticum	0.10588235294117647	Scrophularia sambucifolia	0.023529411764705882	Stachys sylvatica	0.00784313725490196	Scolymus maculatus	0.00392156862745098
%28MHNT%29_Scrophularia_peregrina_-_plant_habit.jpg	Scrophularia peregrina	Agave americana	0.29411764705882354	Cleome violacea	0.20392156862745098	Scrophularia peregrina	0.11372549019607843	Verbascum virgatum	0.050980392156862744	Scrophularia frutescens	0.043137254901960784
Scrophularia_sambucifolia.JPG	Scrophularia sambucifolia	Scrophularia sambucifolia	0.9647058823529412	Scrophularia grandiflora	0.03137254901960784	Cerastium semidecandrum	0.0	Theligonum cynocrambe	0.0	Arctotheca calendula	0.0
Scrophularia_scorodonia_1.jpg	Scrophularia scorodonia	Scrophularia scorodonia	0.5411764705882353	Scrophularia grandiflora	0.21176470588235294	Urtica dioica	0.09411764705882353	Scrophularia sambucifolia	0.06666666666666667	Scrophularia peregrina	0.011764705882352941
Scutellaria_minor.jpg	Scutellaria minor	Scutellaria minor	0.9686274509803922	Odontites vernus	0.00392156862745098	Teucrium scordium	0.00392156862745098	Cerastium semidecandrum	0.0	Theligonum cynocrambe	0.0
Sedum_acre_single_-_Niitv%C3%A4lja.jpg	Sedum acre	Sedum acre	0.11764705882352941	Sedum rubens	0.09411764705882353	Sedum caespitosum	0.08235294117647059	Honckenya peploides	0.050980392156862744	Quercus pyrenaica	0.023529411764705882
Sedum_album_03_ies.jpg	Sedum album	Sedum album	0.8666666666666667	Sedum anglicum	0.03137254901960784	Callitriche stagnalis	0.00784313725490196	Montia fontana	0.00392156862745098	Fumaria capreolata	0.00392156862745098
Sedum_anglicum.jpg	Sedum anglicum	Sedum anglicum	0.9294117647058824	Sedum arenarium	0.03137254901960784	Pistorinia hispanica	0.011764705882352941	Centranthus ruber	0.00784313725490196	Centaurium erythraea	0.00392156862745098
Talcott_Greenhouse_IV.JPG	Sedum brevifolium	Daucus carota	0.30196078431372547	Ammi visnaga	0.07450980392156863	Ammi majus	0.0392156862745098	Daucus muricatus	0.03529411764705882	Astragalus tragacantha	0.03137254901960784
Sedum_caespitosum.jpg	Sedum caespitosum	Sedum caespitosum	0.8156862745098039	Sedum rubens	0.07058823529411765	Sedum anglicum	0.01568627450980392	Sedum arenarium	0.00784313725490196	Scleranthus polycarpos	0.00784313725490196
Sedum_rubens_kz02.jpg	Sedum rubens	Sedum caespitosum	0.7490196078431373	Sedum arenarium	0.03529411764705882	Sedum rubens	0.03529411764705882	Sedum andegavense	0.01568627450980392	Crassula tillaea	0.011764705882352941
Selaginella_denticulata_La_Palma01.jpg	Selaginella denticulata	Selaginella denticulata	0.6470588235294118	Illecebrum verticillatum	0.03529411764705882	Selaginella kraussiana	0.03137254901960784	Herniaria cinerea	0.011764705882352941	Valantia muralis	0.00784313725490196
SelaginellaKraussiana.jpg	Selaginella kraussiana	Selaginella kraussiana	0.4823529411764706	Selaginella denticulata	0.26666666666666666	Myriophyllum aquaticum	0.047058823529411764	Ornithopus perpusillus	0.027450980392156862	Trifolium pratense	0.011764705882352941
Senecio_angulatus_%28cape_ivy%29.jpg	Senecio angulatus	Senecio angulatus	0.9882352941176471	Cerastium semidecandrum	0.0	Theligonum cynocrambe	0.0	Arctotheca calendula	0.0	Lathyrus pratensis	0.0
Senecio_gallicus.jpg	Senecio gallicus	Coronilla juncea	0.30980392156862746	Diplotaxis tenuifolia	0.17254901960784313	Pulicaria paludosa	0.07450980392156863	Andryala ragusina	0.058823529411764705	Sonchus tenerrimus	0.027450980392156862
Senecio_inaequidens_1.jpg	Senecio inaequidens	Senecio inaequidens	0.9176470588235294	Senecio sylvaticus	0.011764705882352941	Senecio gallicus	0.00784313725490196	Senecio leucanthemifolius	0.00392156862745098	Hieracium amplexicaule	0.00392156862745098
Senecio_leucanthemifolius_on_the_beach_close_to_%C3%93rzola_on_Lanzarote%2C_June_2013_%284%29.jpg	Senecio leucanthemifolius	Senecio leucanthemifolius	0.6039215686274509	Veronica verna	0.01568627450980392	Platycapnos spicata	0.01568627450980392	Matthiola incana	0.011764705882352941	Reichardia gaditana	0.011764705882352941
Starr_060929-0680_Senecio_sylvaticus.jpg	Senecio sylvaticus	Senecio sylvaticus	1.0	Senecio doria	0.00392156862745098	Cerastium semidecandrum	0.0	Theligonum cynocrambe	0.0	Arctotheca calendula	0.0
Common_Groundsel-first_fruits.jpg	Senecio vulgaris	Senecio vulgaris	0.984313725490196	Senecio sylvaticus	0.01568627450980392	Cerastium semidecandrum	0.0	Theligonum cynocrambe	0.0	Arctotheca calendula	0.0
Serapias_cordigera.jpg	Serapias cordigera	Serapias cordigera	0.9607843137254902	Serapias parviflora	0.00392156862745098	Serapias lingua	0.00392156862745098	Serapias strictiflora	0.00392156862745098	Cerastium semidecandrum	0.0
Serapias_lingua.jpg	Serapias lingua	Serapias lingua	0.5490196078431373	Serapias cordigera	0.058823529411764705	Dactylorhiza elata	0.027450980392156862	Serapias strictiflora	0.023529411764705882	Digitalis purpurea	0.0196078431372549
Serapias_parviflora-.jpg	Serapias parviflora	Serapias parviflora	0.8431372549019608	Serapias strictiflora	0.09019607843137255	Serapias lingua	0.01568627450980392	Serapias cordigera	0.00784313725490196	Cerastium semidecandrum	0.0
Serapias_istriaca.jpg	Serapias strictiflora	Serapias cordigera	0.5725490196078431	Serapias parviflora	0.1568627450980392	Serapias lingua	0.01568627450980392	Serapias strictiflora	0.011764705882352941	Fumana ericifolia	0.00784313725490196
Seseli_gummiferum_flowers1.jpg	Seseli tortuosum	Oenanthe pimpinelloides	0.24313725490196078	Ammi majus	0.17254901960784313	Ageratina adenophora	0.09411764705882353	Ammi visnaga	0.050980392156862744	Angelica sylvestris	0.027450980392156862
Setaria_faberi_001.jpg	Setaria faberi	Setaria italica	0.49019607843137253	Setaria faberi	0.43529411764705883	Carex pseudocyperus	0.01568627450980392	Setaria viridis	0.00784313725490196	Lathyrus hirsutus	0.00784313725490196
Japanese_Foxtail_millet_02.jpg	Setaria italica	Typha latifolia	0.17647058823529413	Setaria italica	0.1411764705882353	Alopecurus arundinaceus	0.027450980392156862	Phalaris arundinacea	0.0196078431372549	Amaranthus hybridus	0.01568627450980392
Setaria_verticillata_W_IMG_1083.jpg	Setaria verticillata	Setaria verticillata	0.6980392156862745	Phleum phleoides	0.13333333333333333	Cynosurus cristatus	0.08235294117647059	Anarrhinum duriminium	0.0196078431372549	Setaria faberi	0.00392156862745098
Groene_naaldaar_aarpluim_%28Setaria_viridis%29.jpg	Setaria viridis	Amaranthus hybridus	0.21568627450980393	Setaria viridis	0.07450980392156863	Setaria verticillata	0.07450980392156863	Setaria italica	0.058823529411764705	Echinochloa crus-galli	0.058823529411764705
Sherardia_arvensis_050731.jpg	Sherardia arvensis	Sherardia arvensis	0.5529411764705883	Galium lucidum	0.027450980392156862	Scleranthus annuus	0.027450980392156862	Linum strictum	0.027450980392156862	Arenaria leptoclados	0.0196078431372549
Endothenia_pauperculana.jpg	Sideritis hirsuta	Scorpiurus muricatus	0.3686274509803922	Tordylium apulum	0.2901960784313726	Medicago arborea	0.027450980392156862	Daucus carota	0.01568627450980392	Silene colorata	0.01568627450980392
Pending_%288738728565%29.jpg	Sideritis romana	Sideritis romana	0.9254901960784314	Stachys ocymastrum	0.047058823529411764	Cerastium semidecandrum	0.0	Theligonum cynocrambe	0.0	Arctotheca calendula	0.0
Silene_acutifolia.jpg	Silene acutifolia	Silene acutifolia	0.9411764705882353	Silene scabriflora	0.0196078431372549	Dianthus lusitanus	0.00392156862745098	Silene littorea	0.00392156862745098	Dianthus armeria	0.00392156862745098
Ter%C3%B3fito.JPG	Silene colorata	Silene bellidifolia	0.4549019607843137	Silene colorata	0.1411764705882353	Silene scabriflora	0.10980392156862745	Asperula aristata	0.047058823529411764	Dorycnopsis gerardi	0.03529411764705882
Silene_conica3.jpg	Silene conica	Silene conica	0.9568627450980393	Silene scabriflora	0.00392156862745098	Silene gallica	0.00392156862745098	Cerastium semidecandrum	0.0	Theligonum cynocrambe	0.0
Bayrischer_Wald_9929.JPG	Silene dioica	Silene scabriflora	0.2901960784313726	Silene colorata	0.11372549019607843	Silene dioica	0.09019607843137255	Verbena rigida	0.03137254901960784	Centranthus ruber	0.023529411764705882
Silene_gallica_quinquevulnera.jpg	Silene gallica	Silene gallica	0.42745098039215684	Lysimachia ephemerum	0.06666666666666667	Silene nocturna	0.058823529411764705	Erica arborea	0.01568627450980392	Reseda media	0.011764705882352941
Silene_latifolia_9646.JPG	Silene latifolia	Silene latifolia	0.8745098039215686	Ornithogalum orthophyllum	0.027450980392156862	Polygala monspeliaca	0.011764705882352941	Scutellaria minor	0.00392156862745098	Lathyrus aphaca	0.00392156862745098
Silene_littorea_2.JPG	Silene littorea	Silene littorea	0.9764705882352941	Cerastium semidecandrum	0.0	Theligonum cynocrambe	0.0	Arctotheca calendula	0.0	Lathyrus pratensis	0.0
Silene_nutans_220505.jpg	Silene nutans	Silene nutans	0.396078431372549	Silene gallica	0.0392156862745098	Asperula aristata	0.023529411764705882	Silene scabriflora	0.011764705882352941	Silene colorata	0.011764705882352941
Silene_uniflora_gei.jpg	Silene uniflora	Silene uniflora	0.9764705882352941	Cerastium semidecandrum	0.0	Theligonum cynocrambe	0.0	Arctotheca calendula	0.0	Lathyrus pratensis	0.0
Bladder_Campion.jpg	Silene vulgaris	Silene vulgaris	0.6823529411764706	Silene uniflora	0.26666666666666666	Cerastium semidecandrum	0.0	Theligonum cynocrambe	0.0	Arctotheca calendula	0.0
Milk_thistle_flowerhead.jpg	Silybum marianum	Silybum marianum	0.7019607843137254	Notobasis syriaca	0.09411764705882353	Cirsium vulgare	0.050980392156862744	Onopordum illyricum	0.0196078431372549	Centaurea calcitrapa	0.01568627450980392
Brassicaceae_-_Sinapis_arvensis_%283%29.JPG	Sinapis arvensis	Sinapis arvensis	0.5725490196078431	Brassica nigra	0.12156862745098039	Sinapis alba	0.06666666666666667	Barbarea intermedia	0.043137254901960784	Barbarea vulgaris	0.027450980392156862
Sisymbrium_irio_flower.JPG	Sisymbrium irio	Sisymbrium irio	0.7490196078431373	Barbarea intermedia	0.050980392156862744	Sisymbrium austriacum	0.01568627450980392	Barbarea verna	0.01568627450980392	Diplotaxis virgata	0.011764705882352941
Weg-Rauke_Passau.JPG	Sisymbrium officinale	Sisymbrium officinale	0.8313725490196079	Senecio sylvaticus	0.12549019607843137	Ranunculus sceleratus	0.011764705882352941	Dittrichia graveolens	0.011764705882352941	Galinsoga parviflora	0.00392156862745098
Sisymbrium_orientale01.jpg	Sisymbrium orientale	Rorippa sylvestris	0.5607843137254902	Sisymbrium austriacum	0.08627450980392157	Haplophyllum linifolium	0.0392156862745098	Thymelaea coridifolia	0.03137254901960784	Rorippa pyrenaica	0.023529411764705882
Smilax_aspera.jpg	Smilax aspera	Smilax aspera	0.9686274509803922	Rhamnus alaternus	0.023529411764705882	Cerastium semidecandrum	0.0	Theligonum cynocrambe	0.0	Arctotheca calendula	0.0
Smyrnium_olusatrum_Shrewsbury.jpg	Smyrnium olusatrum	Smyrnium olusatrum	0.9725490196078431	Angelica pachycarpa	0.00784313725490196	Cerastium semidecandrum	0.0	Theligonum cynocrambe	0.0	Arctotheca calendula	0.0
Smyrnium_perfoliatum03.jpg	Smyrnium perfoliatum	Smyrnium perfoliatum	0.9529411764705882	Hypericum androsaemum	0.00784313725490196	Hypericum montanum	0.00392156862745098	Stellaria neglecta	0.00392156862745098	Doronicum plantagineum	0.00392156862745098
Solanum_chenopodioides_%28Flower%29.jpg	Solanum chenopodioides	Solanum chenopodioides	0.2784313725490196	Solanum nigrum	0.2784313725490196	Solanum villosum	0.2784313725490196	Heliotropium europaeum	0.01568627450980392	Solanum dulcamara	0.011764705882352941
Solanum_dulcamara_%285386574212%29.jpg	Solanum dulcamara	Solanum dulcamara	0.8470588235294118	Solanum villosum	0.01568627450980392	Rosa canina	0.011764705882352941	Pittosporum undulatum	0.011764705882352941	Osyris lanceolata	0.00784313725490196
2007_solanum_laciniatum.jpg	Solanum laciniatum	Solanum laciniatum	0.6431372549019608	Solanum dulcamara	0.0784313725490196	Iris germanica	0.027450980392156862	Linaria triornithophora	0.0196078431372549	Cistus albidus	0.00784313725490196
Starr_060225-8712_Solanum_linnaeanum.jpg	Solanum linnaeanum	Solanum linnaeanum	0.8235294117647058	Solanum laciniatum	0.0784313725490196	Anagyris foetida	0.0196078431372549	Artemisia verlotiorum	0.00392156862745098	Solanum dulcamara	0.00392156862745098
Solanum_nigrum_flower.jpg	Solanum nigrum	Solanum villosum	0.7372549019607844	Solanum nigrum	0.1411764705882353	Solanum chenopodioides	0.08627450980392157	Bryonia dioica	0.00392156862745098	Galinsoga quadriradiata	0.00392156862745098
Solanum_villosum_01-10-2005_11.10.56.JPG	Solanum villosum	Solanum villosum	0.9529411764705882	Solanum chenopodioides	0.00784313725490196	Frangula alnus	0.00392156862745098	Chrozophora tinctoria	0.00392156862745098	Solanum nigrum	0.00392156862745098
Solidago_virgaurea_minuta1.jpg	Solidago virgaurea	Barbarea intermedia	0.09803921568627451	Aeonium arboreum	0.0784313725490196	Arnoseris minima	0.054901960784313725	Aichryson laxum	0.03137254901960784	Thalictrum speciosissimum	0.027450980392156862
Solivasessilis.jpg	Soliva sessilis	Najas minor	0.43137254901960786	Fumaria parviflora	0.18823529411764706	Chamaemelum fuscatum	0.09411764705882353	Najas marina	0.07450980392156863	Utricularia australis	0.027450980392156862
Sonchus_asper2.jpg	Sonchus asper	Sonchus asper	0.9254901960784314	Sonchus oleraceus	0.06274509803921569	Scolymus maculatus	0.00392156862745098	Cerastium semidecandrum	0.0	Theligonum cynocrambe	0.0
Sonchus_February_2008-1.jpg	Sonchus oleraceus	Sonchus asper	0.796078431372549	Sonchus oleraceus	0.17254901960784313	Hieracium laevigatum	0.00392156862745098	Doronicum plantagineum	0.00392156862745098	Pilosella officinarum	0.00392156862745098
Sivone.jpg	Sonchus tenerrimus	Sonchus oleraceus	0.16470588235294117	Leontodon tuberosus	0.1450980392156863	Andryala ragusina	0.06274509803921569	Sonchus tenerrimus	0.06274509803921569	Hieracium amplexicaule	0.054901960784313725
Rowan_tree_20081002b.jpg	Sorbus aucuparia	Sorbus aucuparia	0.17647058823529413	Acacia melanoxylon	0.09803921568627451	Crataegus monogyna	0.058823529411764705	Arbutus unedo	0.054901960784313725	Stipa gigantea	0.0392156862745098
Sparganium_angustifolium.jpg	Sparganium angustifolium	Pilularia globulifera	0.6235294117647059	Sparganium angustifolium	0.10588235294117647	Isolepis fluitans	0.09411764705882353	Littorella uniflora	0.0196078431372549	Ruppia maritima	0.011764705882352941
Sparganium_emersum_11429.jpg	Sparganium emersum	Sparganium emersum	0.8784313725490196	Sparganium angustifolium	0.03137254901960784	Sparganium erectum	0.027450980392156862	Thymus mastichina	0.00392156862745098	Mentha suaveolens	0.00392156862745098
Vandens_augalas01.JPG	Sparganium erectum	Sparganium erectum	0.9529411764705882	Myriophyllum verticillatum	0.011764705882352941	Ranunculus arvensis	0.00392156862745098	Bolboschoenus maritimus	0.00392156862745098	Filipendula ulmaria	0.00392156862745098
Spartium_junceum_%28habitus%29.jpg	Spartium junceum	Santolina rosmarinifolia	0.12549019607843137	Drosophyllum lusitanicum	0.0784313725490196	Spiranthes aestivalis	0.054901960784313725	Ranunculus gramineus	0.027450980392156862	Isolepis setacea	0.023529411764705882
Gewone_spurrie_plant_Spergula_arvensis.jpg	Spergula arvensis	Thesium pyrenaicum	0.19607843137254902	Sagina procumbens	0.1568627450980392	Spergula arvensis	0.13725490196078433	Lepidium graminifolium	0.12549019607843137	Sagina apetala	0.0784313725490196
Spergula_morisonii_kz18.jpg	Spergula morisonii	Anemone nemorosa	0.30980392156862746	Spergula morisonii	0.13333333333333333	Spergula arvensis	0.08627450980392157	Spergularia media	0.06666666666666667	Nothoscordum gracile	0.06666666666666667
Starr_080601-5237_Spergularia_marina.jpg	Spergularia marina	Spergularia marina	0.47058823529411764	Spergularia rupicola	0.47058823529411764	Spergularia media	0.050980392156862744	Spergularia rubra	0.00784313725490196	Cerastium semidecandrum	0.0
Spergularia_media.jpeg	Spergularia media	Spergularia media	0.592156862745098	Spergularia marina	0.1607843137254902	Spergularia rubra	0.11372549019607843	Spergularia rupicola	0.0392156862745098	Allium roseum	0.00784313725490196
Spergularia_purpurea_2601.jpg	Spergularia purpurea	Spergularia purpurea	0.5176470588235295	Spergularia rubra	0.1803921568627451	Spergularia rupicola	0.054901960784313725	Xeranthemum inapertum	0.0196078431372549	Spergularia marina	0.00784313725490196
Spergularia_rubra_Closeup_SierraMadrona.jpg	Spergularia rubra	Spergularia purpurea	0.9058823529411765	Malcolmia littorea	0.043137254901960784	Spergularia rubra	0.03137254901960784	Fagonia cretica	0.00392156862745098	Spergularia rupicola	0.00392156862745098
Spergularia_rupicola_2.jpg	Spergularia rupicola	Lythrum junceum	0.32941176470588235	Spergularia purpurea	0.32941176470588235	Spergularia rubra	0.06274509803921569	Silene scabriflora	0.023529411764705882	Malcolmia littorea	0.01568627450980392
Spiranthes_aestivalis_Bl%C3%BCtenstand.jpg	Spiranthes aestivalis	Spiranthes aestivalis	0.49019607843137253	Spiranthes spiralis	0.34509803921568627	Glyceria fluitans	0.027450980392156862	Anarrhinum bellidifolium	0.00392156862745098	Melilotus albus	0.00392156862745098
Spiranthes_spiralis_170808.jpg	Spiranthes spiralis	Spiranthes spiralis	0.8627450980392157	Ophioglossum lusitanicum	0.047058823529411764	Vicia hirsuta	0.011764705882352941	Spiranthes aestivalis	0.00784313725490196	Astragalus hamosus	0.00784313725490196
Spirodela_polyrrhiza_marais_poitevin.jpg	Spirodela polyrhiza	Eichhornia crassipes	0.5058823529411764	Spirodela polyrhiza	0.1568627450980392	Nymphaea alba	0.06666666666666667	Oxalis purpurea	0.054901960784313725	Trifolium striatum	0.027450980392156862
Stachys_arvensis_01.jpg	Stachys arvensis	Stachys arvensis	0.9058823529411765	Stachys ocymastrum	0.00784313725490196	Cerastium glomeratum	0.00392156862745098	Salvia verbenaca	0.00392156862745098	Clinopodium vulgare	0.00392156862745098
20130703Ziest_Saarbruecken1.jpg	Stachys germanica	Stachys sylvatica	0.7294117647058823	Salvia sclareoides	0.054901960784313725	Stachys palustris	0.01568627450980392	Lamium maculatum	0.00784313725490196	Melissa officinalis	0.00392156862745098
Flowers_March_2008-1.jpg	Stachys ocymastrum	Stachys ocymastrum	0.7764705882352941	Sideritis romana	0.058823529411764705	Silene gallica	0.011764705882352941	Lamium bifidum	0.00784313725490196	Cruciata glabra	0.00392156862745098
Stachys_palustris_-_soo-n%C3%B5ian%C3%B5ges.jpg	Stachys palustris	Stachys palustris	0.4	Lythrum salicaria	0.10980392156862745	Stachys sylvatica	0.047058823529411764	Mentha spicata	0.011764705882352941	Asperula arvensis	0.00784313725490196
Wald-Ziest_%28Stachys_sylvatica%29.jpg	Stachys sylvatica	Matthiola fruticulosa	0.11764705882352941	Stachys sylvatica	0.10196078431372549	Lunaria annua	0.058823529411764705	Fumaria officinalis	0.058823529411764705	Linaria elegans	0.03529411764705882
Staehelina_dubia_31.JPG	Staehelina dubia	Staehelina dubia	0.996078431372549	Phagnalon rupestre	0.00392156862745098	Cerastium semidecandrum	0.0	Theligonum cynocrambe	0.0	Arctotheca calendula	0.0
Stauracanthus_boivinii_2.JPG	Stauracanthus boivinii	Stauracanthus genistoides	0.22745098039215686	Cytisus oromediterraneus	0.1411764705882353	Stauracanthus boivinii	0.09019607843137255	Staehelina dubia	0.01568627450980392	Calicotome villosa	0.01568627450980392
Quellsternmiere_Stellaria_alsine.jpg	Stellaria alsine	Stellaria alsine	0.9215686274509803	Clematis vitalba	0.054901960784313725	Stellaria graminea	0.00392156862745098	Cerastium semidecandrum	0.0	Theligonum cynocrambe	0.0
Stellaria_graminea_detail.jpeg	Stellaria graminea	Stellaria graminea	0.9333333333333333	Stellaria neglecta	0.011764705882352941	Stellaria alsine	0.00784313725490196	Ornithogalum orthophyllum	0.00392156862745098	Ornithogalum pyrenaicum	0.00392156862745098
Kaldari_Stellaria_media_01.jpg	Stellaria media	Stellaria neglecta	0.4392156862745098	Stellaria media	0.4392156862745098	Moehringia trinervia	0.011764705882352941	Cerastium brachypetalum	0.00784313725490196	Spergula arvensis	0.00784313725490196
Stellaria_neglecta_eF.jpg	Stellaria neglecta	Stellaria neglecta	0.5019607843137255	Stellaria media	0.3137254901960784	Stellaria graminea	0.01568627450980392	Allium ursinum	0.00392156862745098	Bellis perennis	0.00392156862745098
Stipa_gigantea_3.JPG	Stipa gigantea	Stipa gigantea	0.807843137254902	Molinia caerulea	0.12156862745098039	Deschampsia cespitosa	0.011764705882352941	Stipa tenacissima	0.00784313725490196	Juncus acutus	0.00392156862745098
Stipa_tenacissima.jpg	Stipa tenacissima	Stipa tenacissima	0.6980392156862745	Melica ciliata	0.027450980392156862	Retama sphaerocarpa	0.027450980392156862	Phoenix canariensis	0.011764705882352941	Juncus acutus	0.00784313725490196
Suaeda_vera%2C_S%C3%A8te_01.jpg	Suaeda vera	Suaeda vera	0.8156862745098039	Beta maritima	0.0392156862745098	Bassia scoparia	0.027450980392156862	Euphorbia paralias	0.027450980392156862	Silene scabriflora	0.00784313725490196
SuccisaPratensis2.jpg	Succisa pratensis	Succisa pratensis	0.9411764705882353	Jasione laevis	0.00784313725490196	Jasione montana	0.00784313725490196	Muscari neglectum	0.00392156862745098	Cerastium semidecandrum	0.0
ARS_Medusahead_weed.jpg	Taeniatherum caput-medusae	Bromus madritensis	0.6313725490196078	Bromus diandrus	0.13725490196078433	Taeniatherum caput-medusae	0.0196078431372549	Aegilops geniculata	0.0196078431372549	Brachypodium retusum	0.01568627450980392
T._africana-1.JPG	Tamarix africana	Tamarix africana	0.4980392156862745	Tamarix gallica	0.4980392156862745	Cerastium semidecandrum	0.0	Theligonum cynocrambe	0.0	Arctotheca calendula	0.0
Tamarix_gallica_bloemen.jpg	Tamarix gallica	Suaeda vera	0.6313725490196078	Illecebrum verticillatum	0.03137254901960784	Erica umbellata	0.023529411764705882	Tamarix gallica	0.023529411764705882	Centranthus calcitrapae	0.01568627450980392
Tanacetum_corymbosum_2.jpg	Tanacetum corymbosum	Tanacetum corymbosum	1.0	Cerastium semidecandrum	0.0	Theligonum cynocrambe	0.0	Arctotheca calendula	0.0	Lathyrus pratensis	0.0
Feverfew.jpg	Tanacetum parthenium	Tanacetum parthenium	0.6509803921568628	Leucanthemum ircutianum	0.1411764705882353	Bellis annua	0.12549019607843137	Bellis perennis	0.00784313725490196	Anthemis arvensis	0.00784313725490196
Taxus_baccata_MHNT.jpg	Taxus baccata	Taxus baccata	0.9882352941176471	Cerastium semidecandrum	0.0	Theligonum cynocrambe	0.0	Arctotheca calendula	0.0	Lathyrus pratensis	0.0
Tetragonia_tetragonioides.jpg	Tetragonia tetragonoides	Tetragonia tetragonoides	0.39215686274509803	Mesembryanthemum crystallinum	0.07450980392156863	Calystegia soldanella	0.043137254901960784	Withania frutescens	0.03529411764705882	Amaranthus blitoides	0.03529411764705882
Teucrium_eremaeum_-_Flickr_-_Kevin_Thiele.jpg	Teucrium capitatum	Anacamptis pyramidalis	0.19215686274509805	Dactylorhiza maculata	0.13333333333333333	Sanicula europaea	0.050980392156862744	Cephalaria leucantha	0.043137254901960784	Anarrhinum duriminium	0.023529411764705882
Gamander_Passau.JPG	Teucrium chamaedrys	Teucrium chamaedrys	0.9372549019607843	Pedicularis sylvatica	0.011764705882352941	Thymus caespititius	0.011764705882352941	Eruca vesicaria	0.00392156862745098	Teucrium scordium	0.00392156862745098
Teucrium_fruticans_1.jpg	Teucrium fruticans	Teucrium fruticans	0.29411764705882354	Limoniastrum monopetalum	0.06274509803921569	Halimium halimifolium	0.03529411764705882	Olea europaea	0.03137254901960784	Halimium lasianthum	0.023529411764705882
Teucrium_scordium1_eF.jpg	Teucrium scordium	Teucrium scordium	0.8156862745098039	Salvia viridis	0.023529411764705882	Dryopteris affinis	0.01568627450980392	Odontites vernus	0.00784313725490196	Stachys palustris	0.00784313725490196
Valse_salie_IMG_0951.JPG	Teucrium scorodonia	Phytolacca americana	0.26666666666666666	Digitalis purpurea	0.07450980392156863	Erica scoparia	0.047058823529411764	Teucrium scorodonia	0.047058823529411764	Suaeda vera	0.0392156862745098
Thalictrum_flavum0.jpg	Thalictrum speciosissimum	Thalictrum speciosissimum	0.6627450980392157	Davallia canariensis	0.054901960784313725	Lagoecia cuminoides	0.023529411764705882	Allium victorialis	0.023529411764705882	Aichryson laxum	0.011764705882352941
Thapsia_villosa_matureSeeds_Closeup_Puertollano.jpg	Thapsia villosa	Thapsia villosa	0.8901960784313725	Ferula communis	0.023529411764705882	Bupleurum fruticosum	0.023529411764705882	Agapanthus praecox	0.0196078431372549	Peucedanum officinale	0.00784313725490196
Thelypteris_palustris_02.jpg	Thelypteris palustris	Thelypteris palustris	0.6823529411764706	Dryopteris carthusiana	0.03529411764705882	Dryopteris expansa	0.03529411764705882	Athyrium filix-femina	0.01568627450980392	Polystichum setiferum	0.00784313725490196
Thesium_humifusum_plant_%2804%29.jpg	Thesium humifusum	Corrigiola litoralis	0.4549019607843137	Vulpia myuros	0.10980392156862745	Juncus squarrosus	0.06274509803921569	Lepidium latifolium	0.027450980392156862	Isolepis setacea	0.0196078431372549
Thlaspi_arvense.jpeg	Thlaspi arvense	Thlaspi arvense	0.9764705882352941	Draba muralis	0.01568627450980392	Samolus valerandi	0.00784313725490196	Cerastium semidecandrum	0.0	Theligonum cynocrambe	0.0
Thymus_capitatus_in_Crete.jpg	Thymbra capitata	Erica umbellata	0.4117647058823529	Spergularia purpurea	0.3686274509803922	Thymbra capitata	0.07058823529411765	Disphyma crassifolium	0.027450980392156862	Centaurium pulchellum	0.023529411764705882
Thymelaea_hirsuta.jpg	Thymelaea coridifolia	Solanum linnaeanum	0.3137254901960784	Ficus carica	0.2196078431372549	Withania frutescens	0.13725490196078433	Adenocarpus telonensis	0.13725490196078433	Rhus coriaria	0.03529411764705882
Thymelaea_hirsuta_kz2.jpg	Thymelaea passerina	Genista anglica	0.23529411764705882	Crucianella maritima	0.058823529411764705	Dittrichia viscosa	0.027450980392156862	Cryptomeria japonica	0.023529411764705882	Hieracium umbellatum	0.023529411764705882
A%C3%A7ores_2010-07-22_%285149288732%29.jpg	Thymus caespititius	Erica umbellata	0.807843137254902	Erica australis	0.023529411764705882	Pimpinella major	0.0196078431372549	Oxalis debilis	0.011764705882352941	Trachelium caeruleum	0.00784313725490196
Thymus_camphoratus%2C_Conservatoire_botanique_national_de_Brest_04.jpg	Thymus camphoratus	Thymus camphoratus	0.8666666666666667	Lobularia maritima	0.047058823529411764	Dryopteris affinis	0.00392156862745098	Thesium humifusum	0.00392156862745098	Polypodium interjectum	0.00392156862745098
Thymus_carnosus.jpg	Thymus carnosus	Thymus carnosus	0.5137254901960784	Thymus camphoratus	0.28627450980392155	Thymus zygis	0.07058823529411765	Thymus capitellatus	0.027450980392156862	Minuartia recurva	0.01568627450980392
Thymus_mastichina.jpg	Thymus mastichina	Thymus mastichina	0.1411764705882353	Chaenorhinum origanifolium	0.06274509803921569	Silene uniflora	0.027450980392156862	Salix repens	0.023529411764705882	Scrophularia frutescens	0.023529411764705882
Breitbl%C3%A4ttrige_Thymian_%28Thymus_pulegioides%29-1.jpg	Thymus pulegioides	Thymus pulegioides	0.9176470588235294	Polygala vulgaris	0.00392156862745098	Centranthus ruber	0.00392156862745098	Hornungia petraea	0.00392156862745098	Fagonia cretica	0.00392156862745098
Thymus_zygis_1.JPG	Thymus zygis	Thymus zygis	0.6352941176470588	Lobularia maritima	0.15294117647058825	Thymus capitellatus	0.03529411764705882	Prunella laciniata	0.027450980392156862	Teucrium pseudochamaepitys	0.0196078431372549
Tolpis_barbata_Flower_Closeup_DehesaBoyaldePuertollano.jpg	Tolpis barbata	Tolpis barbata	0.8117647058823529	Hispidella hispanica	0.043137254901960784	Tolpis umbellata	0.01568627450980392	Pallenis spinosa	0.00392156862745098	Reichardia gaditana	0.00392156862745098
Tolpis_barbata_Sebk_006.jpg	Tolpis umbellata	Tolpis barbata	0.12941176470588237	Gazania rigens	0.10196078431372549	Leontodon tuberosus	0.09019607843137255	Picris hieracioides	0.06274509803921569	Calendula suffruticosa	0.06274509803921569
Tordylium_apulum_%2813605778393%29.jpg	Tordylium apulum	Tordylium apulum	0.8392156862745098	Daucus muricatus	0.03137254901960784	Scandix pecten-veneris	0.011764705882352941	Ammi majus	0.011764705882352941	Orlaya daucoides	0.00784313725490196
Torilis_arvensis.jpg	Torilis arvensis	Torilis japonica	0.3843137254901961	Torilis arvensis	0.13333333333333333	Bunium bulbocastanum	0.10588235294117647	Torilis nodosa	0.07450980392156863	Tordylium maximum	0.06666666666666667
Torilis_japonica.jpeg	Torilis japonica	Chaerophyllum temulum	0.7372549019607844	Tordylium maximum	0.2	Orlaya daucoides	0.00784313725490196	Physospermum cornubiense	0.00392156862745098	Anthriscus sylvestris	0.00392156862745098
Torilisnodosa.jpg	Torilis nodosa	Torilis nodosa	0.984313725490196	Myriophyllum aquaticum	0.00392156862745098	Cerastium semidecandrum	0.0	Theligonum cynocrambe	0.0	Arctotheca calendula	0.0
IMG_0029-Trachelium_caeruleum.jpg	Trachelium caeruleum	Trachelium caeruleum	0.9647058823529412	Echium gaditanum	0.00392156862745098	Thymbra capitata	0.00392156862745098	Allium ampeloprasum	0.00392156862745098	Cerastium semidecandrum	0.0
Tradescantia_fluminensis_%28Flowers%29.jpg	Tradescantia fluminensis	Tradescantia fluminensis	0.796078431372549	Theligonum cynocrambe	0.00392156862745098	Allium ursinum	0.00392156862745098	Ruscus aculeatus	0.00392156862745098	Polygonatum odoratum	0.00392156862745098
Tragopogon_porrifolius_flower.jpg	Tragopogon crocifolius	Tragopogon porrifolius	0.8941176470588236	Tragopogon crocifolius	0.03137254901960784	Tragopogon hybridus	0.00392156862745098	Fritillaria lusitanica	0.00392156862745098	Cerastium semidecandrum	0.0
Goats_beard_Tragopogon_dubius_close.jpg	Tragopogon dubius	Tragopogon dubius	0.8901960784313725	Scorzonera humilis	0.058823529411764705	Jasonia tuberosa	0.00392156862745098	Scorzonera angustifolia	0.00392156862745098	Cerastium semidecandrum	0.0
GTragopogon_longirostris.jpg	Tragopogon hybridus	Scorzonera laciniata	0.6274509803921569	Tragopogon dubius	0.30980392156862746	Tragopogon porrifolius	0.03137254901960784	Eriophorum angustifolium	0.00784313725490196	Scorzonera angustifolia	0.00392156862745098
Purple_Salsify_-_Stierch.jpg	Tragopogon porrifolius	Tragopogon porrifolius	0.6196078431372549	Tragopogon hybridus	0.058823529411764705	Tragopogon crocifolius	0.0196078431372549	Bidens pilosa	0.011764705882352941	Bellis sylvestris	0.00784313725490196
Tribulus_terrestris_%28Family_Zygophyllaceae%29.jpg	Tribulus terrestris	Tribulus terrestris	0.8196078431372549	Ornithopus compressus	0.0196078431372549	Hippocrepis ciliata	0.00784313725490196	Erophaca baetica	0.00784313725490196	Fumana procumbens	0.00392156862745098
Trichophorum2.jpg	Trichophorum cespitosum	Trichophorum cespitosum	0.9686274509803922	Cerastium semidecandrum	0.0	Theligonum cynocrambe	0.0	Arctotheca calendula	0.0	Lathyrus pratensis	0.0
Trifolium_alexandrinum_eF.jpg	Trifolium alexandrinum	Trifolium ochroleucon	0.4666666666666667	Trifolium alexandrinum	0.4117647058823529	Trifolium lappaceum	0.011764705882352941	Trifolium cherleri	0.00784313725490196	Trifolium hirtum	0.00784313725490196
Trifolium_angustifolium_FlowersCloseup_DehesaBoyaldePuertollano.jpg	Trifolium angustifolium	Trifolium angustifolium	0.7176470588235294	Trifolium hirtum	0.12156862745098039	Trifolium incarnatum	0.011764705882352941	Trifolium arvense	0.011764705882352941	Trifolium vesiculosum	0.011764705882352941
Trif_arvense042.JPG	Trifolium arvense	Trifolium arvense	0.9215686274509803	Trifolium angustifolium	0.023529411764705882	Trifolium cherleri	0.00392156862745098	Lagurus ovatus	0.00392156862745098	Hordeum marinum	0.00392156862745098
Trifolium_campestre_300907.jpg	Trifolium campestre	Trifolium campestre	0.13725490196078433	Helianthemum cinereum	0.13725490196078433	Trifolium dubium	0.09411764705882353	Salix repens	0.08627450980392157	Hirschfeldia incana	0.050980392156862744
Trif_cherleri014.JPG	Trifolium cherleri	Trifolium cherleri	0.7764705882352941	Trifolium lappaceum	0.07450980392156863	Trifolium alexandrinum	0.047058823529411764	Trifolium repens	0.03137254901960784	Trifolium ochroleucon	0.011764705882352941
Trifolium_dubium_kz1.jpg	Trifolium dubium	Trifolium micranthum	0.7333333333333333	Trifolium dubium	0.1568627450980392	Trifolium campestre	0.043137254901960784	Medicago lupulina	0.011764705882352941	Hippocrepis biflora	0.00392156862745098
TrifoliumFragiferum2.jpg	Trifolium fragiferum	Trifolium fragiferum	0.6823529411764706	Gomphocarpus physocarpus	0.027450980392156862	Pulicaria odora	0.023529411764705882	Centaurea collina	0.01568627450980392	Medicago rigidula	0.011764705882352941
Trifoliumglomeratum.jpg	Trifolium glomeratum	Trifolium glomeratum	0.807843137254902	Medicago polymorpha	0.0392156862745098	Viburnum lantana	0.011764705882352941	Trifolium scabrum	0.011764705882352941	Trifolium ochroleucon	0.00784313725490196
Trifoliumhirtum3.jpg	Trifolium hirtum	Trifolium hirtum	0.596078431372549	Trifolium medium	0.12941176470588237	Trifolium striatum	0.027450980392156862	Trifolium pratense	0.0196078431372549	Trifolium stellatum	0.01568627450980392
Clover_Farm_St_Paul_OR_USA_IMG_20220524.jpg	Trifolium incarnatum	Trifolium incarnatum	0.2	Erica australis	0.09803921568627451	Trifolium pratense	0.07058823529411765	Daboecia cantabrica	0.054901960784313725	Papaver rhoeas	0.054901960784313725
Trifolium_lappaceum_1.JPG	Trifolium lappaceum	Trifolium lappaceum	0.9490196078431372	Trifolium hirtum	0.0196078431372549	Trifolium cherleri	0.01568627450980392	Trifolium striatum	0.00784313725490196	Trifolium alexandrinum	0.00392156862745098
Trifolium_medium_-_Niitv%C3%A4lja.jpg	Trifolium medium	Trifolium pratense	0.4392156862745098	Trifolium medium	0.12156862745098039	Trifolium arvense	0.03137254901960784	Trifolium vesiculosum	0.023529411764705882	Trifolium fragiferum	0.0196078431372549
Trifolium_nigrescens_Monacia_Corse.JPG	Trifolium nigrescens	Thalictrum minus	0.3254901960784314	Trifolium nigrescens	0.12549019607843137	Medicago littoralis	0.027450980392156862	Medicago truncatula	0.023529411764705882	Medicago orbicularis	0.01568627450980392
Trifolium_ochroleucon_070608b.jpg	Trifolium ochroleucon	Trifolium ochroleucon	0.9921568627450981	Cerastium semidecandrum	0.0	Theligonum cynocrambe	0.0	Arctotheca calendula	0.0	Lathyrus pratensis	0.0
Trifolium_pratense_-_Keila2.jpg	Trifolium pratense	Trifolium pratense	0.6901960784313725	Trifolium medium	0.18823529411764706	Trifolium arvense	0.03529411764705882	Lomelosia stellata	0.011764705882352941	Medicago sativa	0.00784313725490196
Trifolium_repens_-_white_clover_on_way_from_Govindghat_to_Gangria_at_Valley_of_Flowers_National_Park_-_during_LGFC_-_VOF_2019_%281%29.jpg	Trifolium repens	Trifolium repens	0.8941176470588236	Trifolium nigrescens	0.043137254901960784	Trifolium pratense	0.027450980392156862	Trifolium fragiferum	0.00392156862745098	Echinops strigosus	0.00392156862745098
Trifolium_resupinatum_eF.jpg	Trifolium resupinatum	Trifolium resupinatum	0.7450980392156863	Trifolium tomentosum	0.1450980392156863	Trifolium pratense	0.01568627450980392	Trifolium medium	0.011764705882352941	Trifolium fragiferum	0.00784313725490196
Trifolium_scabrum1.jpg	Trifolium scabrum	Trifolium scabrum	0.8901960784313725	Trifolium striatum	0.027450980392156862	Plantago albicans	0.011764705882352941	Inula montana	0.011764705882352941	Phlomis purpurea	0.00784313725490196
Trefle5.jpg	Trifolium stellatum	Trifolium stellatum	0.8196078431372549	Geranium robertianum	0.00784313725490196	Sedum caespitosum	0.00784313725490196	Onobrychis humilis	0.00784313725490196	Veronica cymbalaria	0.00392156862745098
Trifolium_striatum1_eF.jpg	Trifolium striatum	Trifolium striatum	0.592156862745098	Trifolium scabrum	0.23137254901960785	Juncus bulbosus	0.023529411764705882	Lotus pedunculatus	0.011764705882352941	Polygonum aviculare	0.011764705882352941
Trifoliumsubterraneum.jpg	Trifolium subterraneum	Trifolium micranthum	0.7176470588235294	Kickxia spuria	0.09803921568627451	Medicago minima	0.047058823529411764	Trifolium subterraneum	0.03137254901960784	Cicendia filiformis	0.03137254901960784
Suffocated_Clover_Trifolium_suffocatum_%286210974266%29.jpg	Trifolium suffocatum	Trifolium suffocatum	0.7137254901960784	Trifolium glomeratum	0.19607843137254902	Medicago minima	0.011764705882352941	Trifolium ornithopodioides	0.011764705882352941	Trifolium nigrescens	0.00784313725490196
%22tr%C3%A9bol_de_algod%C3%B3n%22_%2A_Trifolium_tomentosum_L._%287568888288%29.jpg	Trifolium tomentosum	Anthyllis vulneraria	0.403921568627451	Bituminaria bituminosa	0.10980392156862745	Trifolium tomentosum	0.07058823529411765	Trifolium medium	0.07058823529411765	Trifolium striatum	0.047058823529411764
Anthyllis_tetraphylla_%28inflorescense%29.jpg	Tripodion tetraphyllum	Tripodion tetraphyllum	0.7607843137254902	Scorpiurus muricatus	0.03529411764705882	Linaria supina	0.011764705882352941	Hippocrepis biflora	0.011764705882352941	Hippocrepis ciliata	0.00784313725490196
Tropaeolum_majus_2005_G1.jpg	Tropaeolum majus	Tropaeolum majus	0.6431372549019608	Nymphoides peltata	0.01568627450980392	Hydrocotyle vulgaris	0.011764705882352941	Geranium rotundifolium	0.011764705882352941	Hedera hibernica	0.00784313725490196
Tuberaria_guttata01.jpg	Tuberaria globulariifolia	Tuberaria guttata	0.4745098039215686	Helianthemum salicifolium	0.11372549019607843	Helianthemum cinereum	0.06274509803921569	Tuberaria globulariifolia	0.0392156862745098	Helianthemum marifolium	0.03137254901960784
Tuberaria_guttata_Crete.jpg	Tuberaria guttata	Tuberaria guttata	0.9882352941176471	Tolpis barbata	0.00392156862745098	Ophrys lutea	0.00392156862745098	Cerastium semidecandrum	0.0	Theligonum cynocrambe	0.0
TS159681.jpg	Tuberaria lignosa	Helianthemum salicifolium	0.19215686274509805	Tuberaria lignosa	0.14901960784313725	Helianthemum aegyptiacum	0.047058823529411764	Silene latifolia	0.027450980392156862	Helianthemum ledifolium	0.027450980392156862
Typha_domingensis_4.jpg	Typha domingensis	Typha domingensis	0.7058823529411765	Typha angustifolia	0.19215686274509805	Typha latifolia	0.03137254901960784	Phleum phleoides	0.00784313725490196	Setaria parviflora	0.00392156862745098
Grote_lisdoddes_aan_het_water.jpg	Typha latifolia	Typha angustifolia	0.37254901960784315	Typha latifolia	0.1607843137254902	Typha domingensis	0.1450980392156863	Phragmites australis	0.07058823529411765	Alopecurus arundinaceus	0.023529411764705882
Ulex_densus_habitat.jpg	Ulex densus	Ulex europaeus	0.9647058823529412	Calicotome villosa	0.0196078431372549	Stauracanthus genistoides	0.01568627450980392	Cerastium semidecandrum	0.0	Theligonum cynocrambe	0.0
Ulex_europaeus_flowers.jpg	Ulex europaeus	Ulex europaeus	0.9450980392156862	Cytisus oromediterraneus	0.03137254901960784	Calicotome villosa	0.00784313725490196	Stauracanthus boivinii	0.00392156862745098	Medicago falcata	0.00392156862745098
Whin_or_Gorse_on_Fife_Coastal_Trail.jpg	Ulex minor	Ulex europaeus	0.15294117647058825	Ajuga chamaepitys	0.13725490196078433	Ulex minor	0.08627450980392157	Cistus ladanifer	0.08627450980392157	Convolvulus lineatus	0.06666666666666667
RN_Ulmus_glabra_%28alnarp_sweden%29.jpg	Ulmus glabra	Salix babylonica	0.9607843137254902	Salix fragilis	0.00784313725490196	Ranunculus peltatus	0.00392156862745098	Retama monosperma	0.00392156862745098	Cerastium semidecandrum	0.0
Blismes_elm_2007.jpg	Ulmus minor	Ficus carica	0.28627450980392155	Castanea sativa	0.2	Quercus faginea	0.17647058823529413	Robinia pseudoacacia	0.1568627450980392	Prunus dulcis	0.10980392156862745
Navelwort_700.jpg	Umbilicus rupestris	Umbilicus rupestris	0.9607843137254902	Asplenium ruta-muraria	0.00784313725490196	Eichhornia crassipes	0.00784313725490196	Cerastium semidecandrum	0.0	Theligonum cynocrambe	0.0
Urospermumpicroides.jpg	Urospermum picroides	Urospermum picroides	0.9803921568627451	Scorzonera laciniata	0.00392156862745098	Cerastium semidecandrum	0.0	Theligonum cynocrambe	0.0	Arctotheca calendula	0.0
Br%C3%A4nn%C3%A4ssla_%28Urtica_Dioica%29.jpg	Urtica dioica	Urtica dioica	0.20784313725490197	Urtica membranacea	0.16470588235294117	Urtica urens	0.10196078431372549	Echium gaditanum	0.023529411764705882	Acacia mearnsii	0.0196078431372549
Urtica_membranacea_2.JPG	Urtica membranacea	Urtica membranacea	0.8627450980392157	Urtica dioica	0.027450980392156862	Paspalum dilatatum	0.00784313725490196	Corylus avellana	0.00392156862745098	Tamarix gallica	0.00392156862745098
Ortie2.jpg	Urtica pilulifera	Urtica pilulifera	0.9372549019607843	Urtica membranacea	0.0392156862745098	Urtica dioica	0.0196078431372549	Urtica urens	0.00784313725490196	Cerastium semidecandrum	0.0
Urtica_urens_002.JPG	Urtica urens	Urtica urens	0.7372549019607844	Urtica pilulifera	0.12549019607843137	Urtica dioica	0.011764705882352941	Sinapis alba	0.00784313725490196	Ballota nigra	0.00392156862745098
Utriculariaaustralis.jpg	Utricularia australis	Utricularia australis	0.7372549019607844	Coronilla minima	0.03137254901960784	Linaria supina	0.023529411764705882	Linaria polygalifolia	0.0196078431372549	Lathyrus pratensis	0.00784313725490196
Vaccinium_uliginosum_fruit.jpg	Vaccinium uliginosum	Vaccinium uliginosum	0.9568627450980393	Prunus spinosa	0.0196078431372549	Olea europaea	0.00392156862745098	Phillyrea latifolia	0.00392156862745098	Cerastium semidecandrum	0.0
Valantia_hispida_23-08-2003.jpg	Valantia hispida	Valantia hispida	0.7725490196078432	Valantia muralis	0.16862745098039217	Sesamoides purpurascens	0.00784313725490196	Alopecurus myosuroides	0.00784313725490196	Melica ciliata	0.00392156862745098
Valantia_muralis_1.jpg	Valantia muralis	Valantia muralis	0.9725490196078431	Valantia hispida	0.00784313725490196	Cerastium semidecandrum	0.0	Theligonum cynocrambe	0.0	Arctotheca calendula	0.0
Valeriana_officinalis_002.JPG	Valeriana montana	Valeriana officinalis	0.36470588235294116	Valeriana dioica	0.28627450980392155	Centranthus calcitrapae	0.050980392156862744	Valeriana tuberosa	0.03529411764705882	Eupatorium cannabinum	0.0196078431372549
Valeriana_officinalis_-_Niitv%C3%A4lja.jpg	Valeriana officinalis	Oenanthe lachenalii	0.3215686274509804	Valeriana dioica	0.2549019607843137	Valeriana officinalis	0.1568627450980392	Carum verticillatum	0.054901960784313725	Conopodium majus	0.0392156862745098
Velezia_rigida_%28Caryophyllaceae%29_%2833038042422%29.jpg	Velezia rigida	Velezia rigida	0.5607843137254902	Bromus tectorum	0.30980392156862746	Centranthus calcitrapae	0.03137254901960784	Xeranthemum cylindraceum	0.011764705882352941	Vicia pubescens	0.00784313725490196
Veratrum_album_Aubrac.JPG	Veratrum album	Veratrum album	0.43529411764705883	Holcus lanatus	0.03137254901960784	Salvia argentea	0.023529411764705882	Daucus muricatus	0.01568627450980392	Filipendula vulgaris	0.01568627450980392
Verbascum_pulverulentum_4_RF.jpg	Verbascum pulverulentum	Verbascum pulverulentum	0.8588235294117647	Verbascum giganteum	0.03137254901960784	Cynoglossum creticum	0.01568627450980392	Potamogeton perfoliatus	0.00784313725490196	Helichrysum foetidum	0.00784313725490196
Mullein.jpg	Verbascum sinuatum	Thymelaea passerina	0.4117647058823529	Reseda luteola	0.0784313725490196	Verbascum virgatum	0.050980392156862744	Echium rosulatum	0.043137254901960784	Thymbra capitata	0.0392156862745098
Starr_040723-0030_Verbascum_thapsus.jpg	Verbascum thapsus	Verbascum giganteum	0.8352941176470589	Verbascum thapsus	0.023529411764705882	Amaranthus hybridus	0.023529411764705882	Phytolacca heterotepala	0.011764705882352941	Anarrhinum duriminium	0.00784313725490196
Verbascum_virgatum.jpg	Verbascum virgatum	Verbascum virgatum	0.8705882352941177	Verbascum giganteum	0.06666666666666667	Verbascum pulverulentum	0.00784313725490196	Alcea rosea	0.00392156862745098	Verbascum sinuatum	0.00392156862745098
Verbena_bonariensis.jpg	Verbena bonariensis	Verbena bonariensis	0.4235294117647059	Erica umbellata	0.058823529411764705	Achillea millefolium	0.050980392156862744	Centranthus calcitrapae	0.047058823529411764	Centranthus ruber	0.027450980392156862
Eisenkraut%2C_Passau.JPG	Verbena officinalis	Oenanthe pimpinelloides	0.11372549019607843	Tordylium maximum	0.10196078431372549	Omphalodes nitida	0.06274509803921569	Glyceria fluitans	0.054901960784313725	Sonchus oleraceus	0.0392156862745098
Verbena_rigida_%288726586459%29.jpg	Verbena rigida	Verbena bonariensis	0.20392156862745098	Pimpinella major	0.09803921568627451	Verbena rigida	0.0784313725490196	Centranthus calcitrapae	0.07058823529411765	Centranthus ruber	0.054901960784313725
Veronica_anagallis-aquatica_5.jpg	Veronica anagallis-aquatica	Veronica anagallis-aquatica	0.9921568627450981	Veronica anagalloides	0.00392156862745098	Cerastium semidecandrum	0.0	Theligonum cynocrambe	0.0	Arctotheca calendula	0.0
Veronica_arvensis_7998.JPG	Veronica arvensis	Veronica arvensis	0.17647058823529413	Veronica verna	0.1568627450980392	Veronica triphyllos	0.09803921568627451	Veronica polita	0.08627450980392157	Ajuga pyramidalis	0.06274509803921569
Veronica_beccabunga_plant2.jpg	Veronica beccabunga	Veronica beccabunga	0.18823529411764706	Valerianella locusta	0.06666666666666667	Viola suavis	0.058823529411764705	Myosotis laxa	0.047058823529411764	Samolus valerandi	0.03137254901960784
Ehrenpreis-JR-T20-2021-05-29.jpg	Veronica chamaedrys	Veronica chamaedrys	0.9411764705882353	Veronica agrestis	0.027450980392156862	Veronica nevadensis	0.011764705882352941	Veronica beccabunga	0.00784313725490196	Veronica persica	0.00392156862745098
Veronica_cymbalaria_3.JPG	Veronica cymbalaria	Veronica cymbalaria	0.9764705882352941	Sagina nodosa	0.00392156862745098	Viola kitaibeliana	0.00392156862745098	Cerastium semidecandrum	0.0	Theligonum cynocrambe	0.0
Veronica_hederifolia_Nashville.jpg	Veronica hederifolia	Veronica hederifolia	0.25098039215686274	Veronica cymbalaria	0.19607843137254902	Echium lusitanicum	0.1568627450980392	Veronica agrestis	0.054901960784313725	Campanula erinus	0.054901960784313725
Veronica_montana.jpeg	Veronica montana	Veronica montana	0.8980392156862745	Veronica chamaedrys	0.023529411764705882	Veronica persica	0.011764705882352941	Veronica anagallis-aquatica	0.011764705882352941	Veronica scutellata	0.00784313725490196
Nymphalidae_-_Melitaea_nevadensis-001.JPG	Veronica nevadensis	Pulicaria odora	0.19215686274509805	Pulicaria dysenterica	0.13725490196078433	Pulicaria vulgaris	0.10588235294117647	Inula salicina	0.01568627450980392	Sonchus asper	0.01568627450980392
Veronica_officinalis-53.jpg	Veronica officinalis	Veronica officinalis	0.3254901960784314	Pentaglottis sempervirens	0.03137254901960784	Veronica anagallis-aquatica	0.027450980392156862	Salvia verbenaca	0.023529411764705882	Sherardia arvensis	0.01568627450980392
Starr_080415-4014_Veronica_peregrina.jpg	Veronica peregrina	Veronica verna	0.29411764705882354	Veronica peregrina	0.1843137254901961	Crassula tillaea	0.11372549019607843	Selaginella denticulata	0.0392156862745098	Suaeda vera	0.027450980392156862
Veronica_persica_060403Fw.jpg	Veronica persica	Veronica persica	0.22745098039215686	Veronica polita	0.12549019607843137	Veronica hederifolia	0.10196078431372549	Veronica officinalis	0.03137254901960784	Veronica agrestis	0.023529411764705882
Veronica_polita_eF.jpg	Veronica polita	Veronica polita	0.5019607843137255	Veronica hederifolia	0.12156862745098039	Veronica persica	0.054901960784313725	Veronica agrestis	0.03137254901960784	Veronica officinalis	0.027450980392156862
Veronica_scutellata_eF.jpg	Veronica scutellata	Valerianella dentata	0.5647058823529412	Veronica scutellata	0.396078431372549	Galium palustre	0.011764705882352941	Potamogeton pusillus	0.00392156862745098	Epilobium palustre	0.00392156862745098
Veronica_serpyllifolia_W.jpg	Veronica serpyllifolia	Veronica serpyllifolia	0.2549019607843137	Veronica montana	0.047058823529411764	Cynoglossum creticum	0.043137254901960784	Veronica triphyllos	0.027450980392156862	Veronica verna	0.023529411764705882
Veronica_triphyllos_eF.jpg	Veronica triphyllos	Veronica triphyllos	0.6549019607843137	Veronica arvensis	0.09019607843137255	Veronica acinifolia	0.0392156862745098	Pentaglottis sempervirens	0.0196078431372549	Veronica beccabunga	0.01568627450980392
Viburnum_lantana_a1.jpg	Viburnum lantana	Viburnum lantana	0.7843137254901961	Lonicera periclymenum	0.023529411764705882	Rubus ulmifolius	0.0196078431372549	Lantana camara	0.011764705882352941	Rubus vestitus	0.00784313725490196
Viburnum_01.JPG	Viburnum opulus	Viburnum opulus	0.7372549019607844	Viburnum lantana	0.10980392156862745	Lantana camara	0.047058823529411764	Arum cylindraceum	0.01568627450980392	Frangula alnus	0.00392156862745098
Viciabenghalensis.jpg	Vicia benghalensis	Vicia benghalensis	0.7098039215686275	Medicago falcata	0.054901960784313725	Anthyllis vulneraria	0.0392156862745098	Vicia villosa	0.011764705882352941	Vicia parviflora	0.011764705882352941
Vicia_bithynica_at_Seasalter.jpg	Vicia bithynica	Vicia bithynica	0.984313725490196	Vicia lathyroides	0.00392156862745098	Lathyrus hirsutus	0.00392156862745098	Cerastium semidecandrum	0.0	Theligonum cynocrambe	0.0
%28MHNT%29_Vicia_hirsuta_-_Plant_habit.jpg	Vicia hirsuta	Odontites viscosus	0.18823529411764706	Euphorbia exigua	0.09411764705882353	Potamogeton gramineus	0.06666666666666667	Euphorbia terracina	0.047058823529411764	Callitriche brutia	0.0392156862745098
Vicia_lathyroides3_W.jpg	Vicia lathyroides	Vicia bithynica	0.9019607843137255	Vicia peregrina	0.023529411764705882	Vicia parviflora	0.0196078431372549	Vicia pubescens	0.01568627450980392	Vicia lathyroides	0.00784313725490196
%28MHNT%29_Vicia_lutea_-_plant_habit.jpg	Vicia lutea	Glycyrrhiza glabra	0.3411764705882353	Vicia disperma	0.13333333333333333	Vicia lutea	0.09411764705882353	Vicia tenuifolia	0.058823529411764705	Vicia onobrychioides	0.050980392156862744
003-vicia-narbonensis.jpg	Vicia narbonensis	Vicia narbonensis	0.9882352941176471	Cerastium semidecandrum	0.0	Theligonum cynocrambe	0.0	Arctotheca calendula	0.0	Lathyrus pratensis	0.0
VICIA_ONOBRYCHIOIDES_-_IB-418.JPG	Vicia onobrychioides	Vicia onobrychioides	0.9098039215686274	Lupinus angustifolius	0.047058823529411764	Vicia tenuifolia	0.0196078431372549	Vicia villosa	0.00784313725490196	Vicia disperma	0.00392156862745098
Vicia_peregrina_%2821084365093%29.jpg	Vicia peregrina	Vicia peregrina	0.8196078431372549	Lathyrus hirsutus	0.12549019607843137	Lathyrus angulatus	0.0196078431372549	Vicia bithynica	0.011764705882352941	Vicia sativa	0.00784313725490196
%28MHNT%29_Vicia_sativa.jpg	Vicia sativa	Vicia sativa	0.24705882352941178	Vicia peregrina	0.24705882352941178	Vicia tenuifolia	0.12156862745098039	Vicia onobrychioides	0.10980392156862745	Astragalus boeticus	0.06666666666666667
Vicia_sepium_-_aed-hiirehernes.jpg	Vicia sepium	Vicia parviflora	0.12549019607843137	Vicia tenuifolia	0.12549019607843137	Lathyrus niger	0.10980392156862745	Vicia hirsuta	0.043137254901960784	Vicia disperma	0.043137254901960784
Vicia_tenuifolia_2.jpg	Vicia tenuifolia	Vicia tenuifolia	0.6196078431372549	Vicia villosa	0.09411764705882353	Vicia disperma	0.058823529411764705	Vicia parviflora	0.01568627450980392	Vicia onobrychioides	0.011764705882352941
Vicia_villosa.jpeg	Vicia villosa	Vicia villosa	0.6196078431372549	Vicia tenuifolia	0.058823529411764705	Vicia benghalensis	0.050980392156862744	Vicia disperma	0.050980392156862744	Lavandula stoechas	0.027450980392156862
Vinca_difformis_flors.jpg	Vinca difformis	Vinca difformis	0.9333333333333333	Tradescantia fluminensis	0.023529411764705882	Ruscus aculeatus	0.00392156862745098	Myrtus communis	0.00392156862745098	Cerastium semidecandrum	0.0
Vinca_major_NS.jpg	Vinca major	Vinca major	0.6705882352941176	Vinca difformis	0.11372549019607843	Ipomoea purpurea	0.027450980392156862	Vinca minor	0.011764705882352941	Silene latifolia	0.00784313725490196
Vinca_minor_Nashville.jpg	Vinca minor	Vinca minor	0.6784313725490196	Vinca major	0.09019607843137255	Vinca difformis	0.043137254901960784	Omphalodes nitida	0.03529411764705882	Lobelia erinus	0.00784313725490196
Vincetoxicum_hirundinaria_sl3.jpg	Vincetoxicum hirundinaria	Vincetoxicum hirundinaria	0.9686274509803922	Calepina irregularis	0.00392156862745098	Ligustrum vulgare	0.00392156862745098	Fagopyrum esculentum	0.00392156862745098	Cerastium semidecandrum	0.0
Viola_arborescens_%28plant%29.jpg	Viola arborescens	Viola arborescens	0.7058823529411765	Viola suavis	0.027450980392156862	Chaenorhinum origanifolium	0.027450980392156862	Convolvulus lineatus	0.011764705882352941	Viola lactea	0.011764705882352941
Viola_arvensis_-_Tutermaa.jpg	Viola arvensis	Viola kitaibeliana	0.5607843137254902	Viola arvensis	0.44313725490196076	Cerastium semidecandrum	0.0	Theligonum cynocrambe	0.0	Arctotheca calendula	0.0
1257-Viola_kitaibeliana-P%C3%A1lava_4.07.jpg	Viola kitaibeliana	Viola kitaibeliana	0.592156862745098	Potentilla rupestris	0.07058823529411765	Cistus salviifolius	0.03529411764705882	Viola arvensis	0.027450980392156862	Rosa corymbifera	0.011764705882352941
Viola_lactea-3.jpg	Viola lactea	Viola lactea	0.6431372549019608	Viola canina	0.0784313725490196	Viola suavis	0.054901960784313725	Viola riviniana	0.043137254901960784	Viola palustris	0.043137254901960784
Viola_odorata_fg01.JPG	Viola odorata	Viola canina	0.14901960784313725	Viola odorata	0.13333333333333333	Viola hirta	0.09411764705882353	Viola suavis	0.047058823529411764	Viola riviniana	0.047058823529411764
Viola_palustris_6798.JPG	Viola palustris	Viola odorata	0.33725490196078434	Viola suavis	0.13333333333333333	Viola palustris	0.06666666666666667	Viola riviniana	0.058823529411764705	Malva neglecta	0.023529411764705882
Viola_riviniana-01_%28xndr%29.jpg	Viola riviniana	Viola riviniana	0.6274509803921569	Viola canina	0.13725490196078433	Viola lactea	0.058823529411764705	Viola suavis	0.047058823529411764	Viola arborescens	0.011764705882352941
Cabernet_Sauvignon_Gaillac.jpg	Vitis vinifera	Vitis vinifera	0.9098039215686274	Achillea millefolium	0.00392156862745098	Hedera hibernica	0.00392156862745098	Cerastium semidecandrum	0.0	Theligonum cynocrambe	0.0
Starr_030628-0091_Vulpia_myuros.jpg	Vulpia bromoides	Equisetum ramosissimum	0.12156862745098039	Lavandula latifolia	0.06666666666666667	Bromus sterilis	0.058823529411764705	Lycopodium clavatum	0.050980392156862744	Polypogon monspeliensis	0.050980392156862744
Vulpia_ciliata_plant_%2801%29.jpg	Vulpia ciliata	Vulpia ciliata	0.5058823529411764	Bromus diandrus	0.09803921568627451	Aira praecox	0.058823529411764705	Vulpia membranacea	0.058823529411764705	Corynephorus canescens	0.027450980392156862
Vulpia_octoflora_%283990319536%29.jpg	Vulpia membranacea	Lolium multiflorum	0.8666666666666667	Vulpia ciliata	0.0196078431372549	Cryptomeria japonica	0.0196078431372549	Vulpia myuros	0.01568627450980392	Hordeum secalinum	0.00784313725490196
Vulpiamyuros.jpg	Vulpia myuros	Carex elata	0.2549019607843137	Cyperus esculentus	0.22745098039215686	Carex pseudocyperus	0.17647058823529413	Carex muricata	0.09803921568627451	Carex paniculata	0.0392156862745098
Withania_somnifera%2C_blom%2C_Manie_van_der_Schijff_BT.jpg	Withania frutescens	Salpichroa origanifolia	0.20784313725490197	Withania frutescens	0.050980392156862744	Vincetoxicum hirundinaria	0.050980392156862744	Chrozophora tinctoria	0.01568627450980392	Bryonia dioica	0.01568627450980392
Wolffia_arrhiza_kz02.jpg	Wolffia arrhiza	Wolffia arrhiza	0.7607843137254902	Minuartia recurva	0.06274509803921569	Ammi visnaga	0.03137254901960784	Chrozophora tinctoria	0.01568627450980392	Mesembryanthemum crystallinum	0.00784313725490196
Chain_fern_%28Woodwardia_radicans%29_at_Furna_do_Enxofre%2C_Caldeira%2C_Graciosa_Island%2C_Azores%2C_Portugal_%28PPL1-Corrected%29_julesvernex2.jpg	Woodwardia radicans	Woodwardia radicans	0.6431372549019608	Ailanthus altissima	0.0392156862745098	Osmunda regalis	0.0196078431372549	Polypodium cambricum	0.011764705882352941	Polypodium interjectum	0.011764705882352941
Xanthium_spinosum.JPG	Xanthium spinosum	Xanthium spinosum	0.9294117647058824	Mercurialis tomentosa	0.00784313725490196	Argyrolobium zanonii	0.00392156862745098	Rubia peregrina	0.00392156862745098	Rhagadiolus edulis	0.00392156862745098
Xanthium_strumarium_L..jpg	Xanthium strumarium	Herniaria cinerea	0.12549019607843137	Ricinus communis	0.043137254901960784	Myriophyllum aquaticum	0.03529411764705882	Xanthium strumarium	0.03137254901960784	Castanea sativa	0.027450980392156862
Zantedeschia_aethiopica_-1.jpg	Zantedeschia aethiopica	Zantedeschia aethiopica	0.48627450980392156	Datura stramonium	0.03529411764705882	Calystegia silvatica	0.023529411764705882	Anemone nemorosa	0.0196078431372549	Nymphaea alba	0.01568627450980392
Zostera_marina_-_National_Museum_of_Nature_and_Science%2C_Tokyo_-_DSC07663.JPG	Zostera marina	Poa supina	0.24313725490196078	Pilularia globulifera	0.19215686274509805	Vallisneria spiralis	0.10588235294117647	Cymodocea nodosa	0.047058823529411764	Rostraria cristata	0.03529411764705882
