filename	genus	rank1	c1	rank2	c2	rank3	c3	rank4	c4	rank5	c5
Acacia_dealbata-1.jpg	Acacia	Acacia	0.996078431372549	Quercus	0.00392156862745098	Cerastium	0.0	Theligonum	0.0	Arctotheca	0.0
Acacia-longifolia-branch.jpg	Acacia	Acacia	0.996078431372549	Cerastium	0.0	Theligonum	0.0	Arctotheca	0.0	Lathyrus	0.0
Acacia_mearnsii_blossoms.jpg	Acacia	Acacia	0.9882352941176471	Paraserianthes	0.00784313725490196	Cerastium	0.0	Theligonum	0.0	Arctotheca	0.0
Acacia_melanoxylon.jpg	Acacia	Acacia	0.9568627450980393	Pittosporum	0.01568627450980392	Laurus	0.00784313725490196	Olea	0.00392156862745098	Ligustrum	0.00392156862745098
Acacia_pycnantha_Golden_Wattle.jpg	Acacia	Acacia	0.9372549019607843	Olea	0.00784313725490196	Daphne	0.00392156862745098	Agave	0.00392156862745098	Phalaris	0.00392156862745098
Acacia_melanoxylon2.jpg	Acacia	Acacia	0.20784313725490197	Humulus	0.043137254901960784	Galium	0.0392156862745098	Gomphocarpus	0.03529411764705882	Laurus	0.027450980392156862
Acacia_April_2015-3.jpg	Acacia	Salix	0.30196078431372547	Acacia	0.2784313725490196	Cytisus	0.043137254901960784	Pittosporum	0.0392156862745098	Senecio	0.03529411764705882
Acanthaceae_-_Acanthus_mollis_%282%29.JPG	Acanthus	Acanthus	0.8862745098039215	Cephalanthera	0.00784313725490196	Orobanche	0.00392156862745098	Misopates	0.00392156862745098	Cerastium	0.0
Acer_monspessulanum_fg02.jpg	Acer	Acer	0.9294117647058824	Clematis	0.0196078431372549	Hedera	0.011764705882352941	Quercus	0.00784313725490196	Senecio	0.00392156862745098
Acer_negundo_44809168.jpg	Acer	Salix	0.3764705882352941	Prunus	0.10980392156862745	Acer	0.10196078431372549	Robinia	0.0784313725490196	Castanea	0.06274509803921569
Acer_pseudoplatanus_005.jpg	Acer	Acacia	0.34901960784313724	Salix	0.30196078431372547	Castanea	0.07058823529411765	Pittosporum	0.050980392156862744	Prunus	0.0392156862745098
Achillea_ageratum_-_Botanischer_Garten_Mainz_IMG_5620.JPG	Achillea	Narcissus	0.40784313725490196	Genista	0.1843137254901961	Cytisus	0.07058823529411765	Lupinus	0.07058823529411765	Melilotus	0.023529411764705882
Achillea_millefolium_5Dsr_9042.jpg	Achillea	Achillea	0.9686274509803922	Tanacetum	0.011764705882352941	Lantana	0.00784313725490196	Cerastium	0.0	Theligonum	0.0
Aconitum_napellus_230705.jpg	Aconitum	Aconitum	0.1607843137254902	Echium	0.08627450980392157	Salvia	0.043137254901960784	Digitalis	0.03529411764705882	Stachys	0.023529411764705882
Adenocarpus_argyrophyllus_-_20080603-01.jpg	Adenocarpus	Genista	0.17254901960784313	Adenocarpus	0.17254901960784313	Lupinus	0.12549019607843137	Spartium	0.12156862745098039	Lotus	0.07058823529411765
Adiantum_capillus-veneris_2601.jpg	Adiantum	Adiantum	0.8941176470588236	Asplenium	0.01568627450980392	Oxalis	0.00392156862745098	Robinia	0.00392156862745098	Sanguisorba	0.00392156862745098
Adonis_annua_flor.jpg	Adonis	Adonis	0.36078431372549025	Anemone	0.12549019607843137	Papaver	0.09803921568627451	Gazania	0.011764705882352941	Glaucium	0.00784313725490196
Adonis-microcarpa001.jpg	Adonis	Adonis	0.8901960784313726	Papaver	0.0196078431372549	Scolymus	0.00392156862745098	Ranunculus	0.00392156862745098	Daphne	0.00392156862745098
Aegilops_geniculata_Enfoque_2010-5-08_DehesaBoyaldePuertollano.jpg	Aegilops	Aegilops	0.9647058823529411	Equisetum	0.00392156862745098	Taeniatherum	0.00392156862745098	Brachypodium	0.00392156862745098	Cerastium	0.0
Aegilops_triuncialis_Enfoque_2010-5-26_DehesaBoyaldePuertollano.jpg	Aegilops	Aegilops	0.4	Logfia	0.050980392156862744	Bombycilaena	0.047058823529411764	Filago	0.03137254901960784	Linaria	0.01568627450980392
Madeira%2C_Palheiro_Gardens_-_Aeonium_arboreum_%28Marokko%29_IMG_2310.JPG	Aeonium	Aeonium	0.9254901960784314	Saxifraga	0.0392156862745098	Honckenya	0.01568627450980392	Euphorbia	0.00392156862745098	Aphanes	0.00392156862745098
Agapanthus_Postbloom.jpg	Agapanthus	Agapanthus	0.7725490196078432	Scilla	0.14901960784313725	Allium	0.023529411764705882	Iris	0.00392156862745098	Muscari	0.00392156862745098
Agave_July_2011-1.jpg	Agave	Agave	0.9803921568627451	Polystichum	0.00392156862745098	Cynosurus	0.00392156862745098	Pteridium	0.00392156862745098	Cerastium	0.0
Ageratina_adenophora_%28Flower%29_2.jpg	Ageratina	Ageratina	0.9490196078431372	Prunus	0.00784313725490196	Eucalyptus	0.00784313725490196	Filipendula	0.00392156862745098	Cerastium	0.0
Agrimonia_procera_002.JPG	Agrimonia	Agrimonia	0.9843137254901961	Rapistrum	0.00392156862745098	Cerastium	0.0	Theligonum	0.0	Arctotheca	0.0
Agrostemma_githago_120605.jpg	Agrostemma	Agrostemma	0.8509803921568627	Geranium	0.054901960784313725	Lathyrus	0.00392156862745098	Viola	0.00392156862745098	Convolvulus	0.00392156862745098
Agrostis.canina2.-.lindsey.jpg	Agrostis	Deschampsia	0.3803921568627451	Aira	0.09411764705882353	Piptatherum	0.08235294117647059	Avena	0.043137254901960784	Stipa	0.0392156862745098
Agrostis_capillaris.jpeg	Agrostis	Poa	0.6666666666666667	Deschampsia	0.11372549019607843	Agrostis	0.07450980392156863	Juncus	0.023529411764705882	Eragrostis	0.011764705882352941
Agrostis_Wuchs.jpg	Agrostis	Agrostis	0.41568627450980394	Alopecurus	0.403921568627451	Digitaria	0.06274509803921569	Juncus	0.011764705882352941	Eragrostis	0.011764705882352941
Aichryson_punctatum.jpg	Aichryson	Aichryson	0.3686274509803922	Sedum	0.2627450980392157	Dittrichia	0.023529411764705882	Senecio	0.0196078431372549	Ranunculus	0.01568627450980392
G%C3%B6tterbaum_%28Ailanthus_altissima%29.jpg	Ailanthus	Pittosporum	0.3411764705882353	Robinia	0.18823529411764706	Prunus	0.14901960784313725	Castanea	0.13333333333333333	Ficus	0.03529411764705882
Aira_caryophyllea_FWS-01.jpg	Aira	Aira	0.9058823529411765	Juncus	0.023529411764705882	Briza	0.01568627450980392	Agrostis	0.00392156862745098	Luzula	0.00392156862745098
Aira_praecox_kz1.jpg	Aira	Aira	0.9647058823529412	Juncus	0.00784313725490196	Catapodium	0.00784313725490196	Mibora	0.00392156862745098	Cerastium	0.0
Ajuga_chamaepitys.JPG	Ajuga	Ajuga	0.9725490196078431	Teucrium	0.01568627450980392	Cerastium	0.0	Theligonum	0.0	Arctotheca	0.0
Ajuga_iva_Dingli_Cliffs_Malta_01_06_2010_01.jpg	Ajuga	Ajuga	0.8705882352941177	Teucrium	0.011764705882352941	Frankenia	0.00392156862745098	Cerastium	0.0	Theligonum	0.0
0_Ajuga_pyramidalis_-_Vallorcine_%281%29.JPG	Ajuga	Ajuga	0.8666666666666667	Orobanche	0.011764705882352941	Cosentinia	0.00392156862745098	Prunella	0.00392156862745098	Pedicularis	0.00392156862745098
Ajuga_reptans_20070429_132711_1.jpg	Ajuga	Ajuga	0.9686274509803922	Anarrhinum	0.023529411764705882	Cerastium	0.0	Theligonum	0.0	Arctotheca	0.0
Alcea_rosea_purple.jpg	Alcea	Alcea	0.803921568627451	Papaver	0.011764705882352941	Glaucium	0.00784313725490196	Castanea	0.00392156862745098	Oxalis	0.00392156862745098
Alismalanceolatum.jpg	Alisma	Alisma	0.7333333333333333	Ranunculus	0.09803921568627451	Iris	0.054901960784313725	Plantago	0.03137254901960784	Allium	0.011764705882352941
AlismaPlant1.jpg	Alisma	Alisma	0.8666666666666667	Hieracium	0.06666666666666667	Draba	0.03529411764705882	Potamogeton	0.00392156862745098	Myosotis	0.00392156862745098
Alkanna_tinctoria2.jpg	Alkanna	Alkanna	0.29411764705882354	Anchusa	0.2	Lupinus	0.1450980392156863	Borago	0.043137254901960784	Echium	0.0196078431372549
Alliaria_petiolata_marais-belloy-sur-somme_80_26042007_3.jpg	Alliaria	Valeriana	0.4117647058823529	Draba	0.20392156862745098	Epilobium	0.047058823529411764	Barbarea	0.043137254901960784	Cardamine	0.03529411764705882
A.ampeloprasum_1.jpg	Allium	Allium	0.8588235294117647	Orchis	0.01568627450980392	Echinops	0.01568627450980392	Armeria	0.011764705882352941	Dipsacus	0.00784313725490196
Allium_chamaemoly_Corse_2014.jpg	Allium	Allium	0.996078431372549	Cerastium	0.0	Theligonum	0.0	Arctotheca	0.0	Lathyrus	0.0
%D0%90%D1%80%D0%BA%D0%BE%D0%B7%D0%BE%D0%B2%D1%96_%D0%BF%D1%96%D1%81%D0%BA%D0%BE%D0%B2%D0%B8%D0%BA%D0%B8_12.jpg	Allium	Allium	0.996078431372549	Cerastium	0.0	Theligonum	0.0	Arctotheca	0.0	Lathyrus	0.0
Ailblanc.jpg	Allium	Allium	0.6392156862745098	Agapanthus	0.19607843137254902	Ornithogalum	0.058823529411764705	Vicia	0.00392156862745098	Scilla	0.00392156862745098
Allium_nigrum_GotBot_2015_003.jpg	Allium	Allium	0.9411764705882352	Armeria	0.00392156862745098	Ammi	0.00392156862745098	Valeriana	0.00392156862745098	Viburnum	0.00392156862745098
Allium_oleraceum_-_rohulauk_Keilas2.jpg	Allium	Allium	0.9725490196078432	Juncus	0.00392156862745098	Spergula	0.00392156862745098	Cerastium	0.0	Theligonum	0.0
Allium_paniculatum_%28inflorescence%29_2.jpg	Allium	Allium	1.0	Cerastium	0.0	Theligonum	0.0	Arctotheca	0.0	Lathyrus	0.0
Allium_roseum2.jpg	Allium	Allium	0.9294117647058824	Astragalus	0.00392156862745098	Trifolium	0.00392156862745098	Valeriana	0.00392156862745098	Bituminaria	0.00392156862745098
Allium_schoenoprasum_-_Bombus_lapidarius_-_Tootsi.jpg	Allium	Allium	0.9529411764705882	Trifolium	0.00392156862745098	Crupina	0.00392156862745098	Serratula	0.00392156862745098	Cerastium	0.0
Allium_sphaerocephalon.jpg	Allium	Allium	0.9450980392156862	Echinops	0.01568627450980392	Parentucellia	0.00392156862745098	Anacamptis	0.00392156862745098	Cerastium	0.0
Allium_subvillosum.JPG	Allium	Allium	0.9333333333333333	Nothoscordum	0.03529411764705882	Ornithogalum	0.011764705882352941	Trifolium	0.00392156862745098	Cerastium	0.0
Allium_triquetrum01.jpg	Allium	Allium	0.611764705882353	Hyacinthoides	0.2823529411764706	Agapanthus	0.01568627450980392	Anemone	0.011764705882352941	Cephalanthera	0.00392156862745098
Photo_of_Allium_Ursinum%2C_wild_garlic%2C_north-west_Hampshire%2C_UK%2C_May_2014.jpg	Allium	Allium	0.9921568627450981	Ornithogalum	0.00392156862745098	Cerastium	0.0	Theligonum	0.0	Arctotheca	0.0
ALLIUM_VICTORIALIS_-_GENTO_-_IB-888_%28All_victorial%29.JPG	Allium	Allium	0.9529411764705882	Plantago	0.01568627450980392	Agapanthus	0.011764705882352941	Gentiana	0.00392156862745098	Cerastium	0.0
Alliumvineale1web.jpg	Allium	Allium	0.9450980392156862	Oenanthe	0.00784313725490196	Euphorbia	0.00392156862745098	Ophrys	0.00392156862745098	Cerastium	0.0
20120904Alnus_glutinosa01.jpg	Alnus	Robinia	0.5019607843137255	Carduus	0.09803921568627451	Pinus	0.054901960784313725	Pteridium	0.043137254901960784	Ricinus	0.0196078431372549
AlopecurusAequalis1.JPG	Alopecurus	Alopecurus	1.003921568627451	Cerastium	0.0	Theligonum	0.0	Arctotheca	0.0	Lathyrus	0.0
Alopecurus_arundinaceus.jpg	Alopecurus	Phleum	0.9058823529411765	Holcus	0.058823529411764705	Alopecurus	0.00784313725490196	Phalaris	0.00784313725490196	Agrostis	0.00392156862745098
Geknikte_vossestaart_aar_%28Alopecurus_geniculatus_inflorescens%29.jpg	Alopecurus	Alopecurus	0.9882352941176471	Cerastium	0.0	Theligonum	0.0	Arctotheca	0.0	Lathyrus	0.0
Alopecurus_myosuroides1.jpg	Alopecurus	Alopecurus	0.4980392156862745	Plantago	0.08235294117647059	Phleum	0.07450980392156863	Drosophyllum	0.07450980392156863	Cynosurus	0.058823529411764705
ALTHAEA_HIRSUTA_-_S%C3%92BOL_-_IB-793_%28Malv%C3%AD_pelut%29.jpg	Althaea	Althaea	0.47843137254901963	Malva	0.21176470588235294	Convolvulus	0.12549019607843137	Ononis	0.043137254901960784	Calystegia	0.023529411764705882
Alyssum_allyssoides_eF.jpg	Alyssum	Alyssum	0.9843137254901961	Rorippa	0.00392156862745098	Camelina	0.00392156862745098	Neatostema	0.00392156862745098	Cerastium	0.0
Alyssum_montanum_ENBLA06.jpg	Alyssum	Verbascum	0.3372549019607843	Cytisus	0.16470588235294117	Sisymbrium	0.08627450980392157	Haplophyllum	0.08235294117647059	Barbarea	0.06666666666666667
Amaranthus_albus_%288186658004%29.jpg	Amaranthus	Catapodium	0.9764705882352941	Bromus	0.01568627450980392	Vulpia	0.00784313725490196	Aira	0.00392156862745098	Cerastium	0.0
Amaranthus_blitoides_flowers_8601.JPG	Amaranthus	Rumex	0.3450980392156862	Amaranthus	0.09411764705882353	Tetragonia	0.0784313725490196	Barbarea	0.06666666666666667	Aristolochia	0.047058823529411764
Amaranthus_lividus_%286896677687%29.jpg	Amaranthus	Amaranthus	0.6745098039215685	Solanum	0.11764705882352941	Heliotropium	0.0784313725490196	Urtica	0.023529411764705882	Phytolacca	0.0196078431372549
Amaranthus_deflexus_sl43.jpg	Amaranthus	Amaranthus	0.5333333333333332	Phytolacca	0.13333333333333333	Rumex	0.023529411764705882	Calystegia	0.0196078431372549	Frangula	0.01568627450980392
Amarant_gr%C3%BCn.jpg	Amaranthus	Amaranthus	0.23921568627450981	Ricinus	0.09411764705882353	Juncus	0.00784313725490196	Galium	0.00784313725490196	Lupinus	0.00784313725490196
Amaranthus_hypochondriacus_Prague_2011_1.jpg	Amaranthus	Amaranthus	0.1843137254901961	Phytolacca	0.08627450980392157	Prunus	0.050980392156862744	Trifolium	0.03137254901960784	Fumaria	0.027450980392156862
Amaranthus_retroflexus_flower1.jpg	Amaranthus	Amaranthus	0.9803921568627451	Cerastium	0.0	Theligonum	0.0	Arctotheca	0.0	Lathyrus	0.0
Amaranthus_viridis_25042014_1.jpg	Amaranthus	Amaranthus	0.22352941176470587	Rumex	0.023529411764705882	Phytolacca	0.01568627450980392	Carex	0.011764705882352941	Plantago	0.011764705882352941
Ambrosia_artemisiifolia_plant7_%2811741895306%29.jpg	Ambrosia	Asplenium	0.7372549019607842	Davallia	0.03529411764705882	Chamaecyparis	0.011764705882352941	Dryopteris	0.00784313725490196	Woodwardia	0.00784313725490196
Amelanchier_ovalis01.jpg	Amelanchier	Amelanchier	0.45098039215686275	Salix	0.10980392156862745	Polygonum	0.06666666666666667	Flueggea	0.027450980392156862	Erica	0.0196078431372549
Ammi_Visnaga_%28289632722%29.jpg	Ammi	Ammi	0.996078431372549	Daucus	0.00392156862745098	Cerastium	0.0	Theligonum	0.0	Arctotheca	0.0
Hvid_klit.jpg	Ammophila	Ammophila	1.0	Cerastium	0.0	Theligonum	0.0	Arctotheca	0.0	Lathyrus	0.0
AnacamptisPyramidalis.jpg	Anacamptis	Anacamptis	0.9098039215686274	Dactylorhiza	0.03137254901960784	Knautia	0.00784313725490196	Trifolium	0.00392156862745098	Verbena	0.00392156862745098
Anacyclus_clavatus.jpg	Anacyclus	Chamaemelum	0.4235294117647059	Anthemis	0.33333333333333337	Anacyclus	0.2196078431372549	Leucanthemum	0.01568627450980392	Cerastium	0.0
Anagyris_foetida055.JPG	Anagyris	Anagyris	0.9882352941176471	Genista	0.00392156862745098	Olea	0.00392156862745098	Cerastium	0.0	Theligonum	0.0
Anarrhinum_bellidifolium_001.JPG	Anarrhinum	Anarrhinum	0.7999999999999999	Gymnadenia	0.01568627450980392	Lobelia	0.00784313725490196	Hyacinthoides	0.00784313725490196	Salvia	0.00784313725490196
Anchusa_azurea_habito.jpg	Anchusa	Anchusa	0.6274509803921569	Cynoglossum	0.21568627450980393	Echium	0.0392156862745098	Dittrichia	0.0196078431372549	Camelina	0.01568627450980392
Andryala_integrifolia_in_Herault.jpg	Andryala	Pulicaria	0.9215686274509804	Andryala	0.023529411764705882	Senecio	0.00784313725490196	Helichrysum	0.00784313725490196	Sonchus	0.00392156862745098
Andryala_laxiflora_FlowerCloseup_DehesaBoyaldePuertollano.jpg	Andryala	Andryala	0.6352941176470588	Helichrysum	0.15294117647058825	Tanacetum	0.054901960784313725	Tolpis	0.050980392156862744	Pulicaria	0.0392156862745098
Anemone-coronaria-2016-Zachi-Evenor.jpg	Anemone	Papaver	0.3137254901960784	Anemone	0.12549019607843137	Adonis	0.08235294117647059	Rosa	0.01568627450980392	Glaucium	0.011764705882352941
Anemone_nemorosa_001.JPG	Anemone	Anemone	0.9921568627450981	Cerastium	0.0	Theligonum	0.0	Arctotheca	0.0	Lathyrus	0.0
Anemones5.jpg	Anemone	Anemone	0.8627450980392157	Papaver	0.027450980392156862	Malva	0.00784313725490196	Adonis	0.00784313725490196	Ornithogalum	0.00392156862745098
Ranuncolaceae_-_Anemone_trifolia.JPG	Anemone	Anemone	0.9843137254901961	Cerastium	0.0	Theligonum	0.0	Arctotheca	0.0	Lathyrus	0.0
Angelica_pachycarpa_%289063863219%29.jpg	Angelica	Angelica	0.8274509803921568	Dryopteris	0.011764705882352941	Torilis	0.011764705882352941	Rubus	0.00784313725490196	Myriophyllum	0.00784313725490196
Anogramma_leptophylla.jpg	Anogramma	Anogramma	0.9411764705882353	Anthriscus	0.01568627450980392	Cystopteris	0.00784313725490196	Euphorbia	0.00392156862745098	Fumaria	0.00392156862745098
Pajecznica_liliowata_Anthericum_lilago3.jpg	Anthericum	Ornithogalum	0.403921568627451	Asphodelus	0.1568627450980392	Pancratium	0.12549019607843137	Narcissus	0.11372549019607843	Avena	0.01568627450980392
AnthoxanthumAristatum.jpg	Anthoxanthum	Anthoxanthum	0.8941176470588235	Carex	0.043137254901960784	Cyperus	0.01568627450980392	Luzula	0.00392156862745098	Polypogon	0.00392156862745098
AnthoxanthumOdoratum.jpg	Anthoxanthum	Molinia	0.5294117647058824	Cynodon	0.06274509803921569	Carex	0.047058823529411764	Paspalum	0.0392156862745098	Deschampsia	0.03529411764705882
Anthriscus_caucalis_2004-04-07.jpg	Anthriscus	Anthriscus	0.9882352941176471	Conium	0.00392156862745098	Cerastium	0.0	Theligonum	0.0	Arctotheca	0.0
Anthriscus_sylvestris_TK_2021-05-16_2.jpg	Anthriscus	Conopodium	0.3058823529411765	Physospermum	0.19215686274509805	Torilis	0.08235294117647059	Anthriscus	0.03137254901960784	Sanicula	0.027450980392156862
Anthyllis_vulneraria_inflorescence_-_Niitv%C3%A4lja.jpg	Anthyllis	Anthyllis	0.9176470588235294	Bellis	0.00784313725490196	Geum	0.00784313725490196	Medicago	0.00392156862745098	Paeonia	0.00392156862745098
Aphanes_arvensis_saint-fuscien_80_19052007_9.jpg	Aphanes	Aphanes	0.7843137254901961	Ranunculus	0.027450980392156862	Scleranthus	0.023529411764705882	Ononis	0.01568627450980392	Montia	0.01568627450980392
Aphanes_arvensis_kz1.jpg	Aphanes	Aphanes	0.9882352941176471	Veronica	0.00392156862745098	Cerastium	0.0	Theligonum	0.0	Arctotheca	0.0
Aphyllanthes_monspeliensis02.jpg	Aphyllanthes	Aphyllanthes	0.9607843137254902	Scilla	0.00784313725490196	Cerastium	0.0	Theligonum	0.0	Arctotheca	0.0
Helosciadium_nodiflorum_kz17.jpg	Apium	Apium	0.8588235294117647	Berula	0.10980392156862745	Sanicula	0.00392156862745098	Cerastium	0.0	Theligonum	0.0
Aquilegia_vulgaris_-_Harilik_kurekell.jpg	Aquilegia	Anchusa	0.2392156862745098	Echium	0.09411764705882353	Centaurea	0.08235294117647059	Delphinium	0.047058823529411764	Dactylis	0.023529411764705882
Arabidopsis_thaliana.jpg	Arabidopsis	Arabidopsis	0.807843137254902	Cardamine	0.043137254901960784	Diplotaxis	0.03137254901960784	Draba	0.027450980392156862	Cochlearia	0.0196078431372549
Arabis_caucasica_002.JPG	Arabis	Lobularia	0.30980392156862746	Arenaria	0.17254901960784313	Cardamine	0.10588235294117647	Calepina	0.047058823529411764	Oxalis	0.027450980392156862
Arbouses.jpg	Arbutus	Arbutus	0.8705882352941177	Cotula	0.023529411764705882	Pulicaria	0.01568627450980392	Tanacetum	0.01568627450980392	Canna	0.00392156862745098
Arctium_minus_corimbo.jpg	Arctium	Arctium	0.8509803921568627	Sparganium	0.00784313725490196	Xanthium	0.00784313725490196	Carduus	0.00392156862745098	Geum	0.00392156862745098
Arctotheca_calendula_2.JPG	Arctotheca	Arctotheca	0.8980392156862745	Leontodon	0.00784313725490196	Senecio	0.00392156862745098	Tolpis	0.00392156862745098	Carlina	0.00392156862745098
Arenaria_serpyllifolia-ssp-leptoclados_brasles_02_19052002_8.JPG	Arenaria	Arenaria	0.7450980392156863	Moehringia	0.09019607843137255	Spergularia	0.0392156862745098	Cerastium	0.01568627450980392	Stellaria	0.01568627450980392
Arenaria_montana_2.jpg	Arenaria	Arenaria	0.8117647058823529	Anemone	0.09803921568627451	Cistus	0.03529411764705882	Halimium	0.023529411764705882	Convolvulus	0.011764705882352941
Arenaria.serpyllifolia1web.jpg	Arenaria	Arenaria	0.5450980392156862	Saxifraga	0.11372549019607843	Cerastium	0.08235294117647059	Thymus	0.050980392156862744	Sedum	0.047058823529411764
Argyrolobium_zanonii_2007_057.JPG	Argyrolobium	Ononis	0.2196078431372549	Lotus	0.15294117647058825	Ulex	0.15294117647058825	Argyrolobium	0.13725490196078433	Stauracanthus	0.0784313725490196
SERRA_DE_AIRE_-_Arisarum_simorrhinum_Durieu.jpg	Arisarum	Arisarum	0.9725490196078431	Aristolochia	0.011764705882352941	Epipactis	0.00784313725490196	Cerastium	0.0	Theligonum	0.0
Aristoloquia_%28Aristolochia_baetica%29_en_M%C3%A1laga.jpg	Aristolochia	Aristolochia	0.996078431372549	Cerastium	0.0	Theligonum	0.0	Arctotheca	0.0	Lathyrus	0.0
Aristolochia_paucinervis_Habitus_12April2009_DehesaBoyaldePuertollano.jpg	Aristolochia	Aristolochia	0.6	Doronicum	0.09411764705882353	Scrophularia	0.03137254901960784	Viola	0.027450980392156862	Valeriana	0.0196078431372549
Aristolochia_pistolochia1.jpg	Aristolochia	Aristolochia	0.996078431372549	Cerastium	0.0	Theligonum	0.0	Arctotheca	0.0	Lathyrus	0.0
Armeria_maritima_Dunnet_Head.jpg	Armeria	Armeria	0.968627450980392	Allium	0.00392156862745098	Knautia	0.00392156862745098	Limoniastrum	0.00392156862745098	Cerastium	0.0
Plumbaginaceae_-_Armeria_pungens.jpg	Armeria	Armeria	0.9647058823529412	Sedum	0.00392156862745098	Globularia	0.00392156862745098	Cerastium	0.0	Theligonum	0.0
Arnoseris_minima_kz04.jpg	Arnoseris	Arnoseris	0.9921568627450981	Hieracium	0.00392156862745098	Hypochaeris	0.00392156862745098	Cerastium	0.0	Theligonum	0.0
Glanshaver_plant_Arrhenatherum_elatius.jpg	Arrhenatherum	Elymus	0.8862745098039215	Brachypodium	0.027450980392156862	Cymodocea	0.01568627450980392	Ornithogalum	0.011764705882352941	Calamagrostis	0.011764705882352941
Mrzezyno_Artemisia_campestris_littoral_sprout_2010.jpg	Artemisia	Artemisia	0.3607843137254902	Spiraea	0.2	Fumaria	0.0784313725490196	Adenocarpus	0.06274509803921569	Salix	0.058823529411764705
Artemisia_verlotiorum_-_Botanischer_Garten_Mainz_IMG_5511.JPG	Artemisia	Artemisia	0.8549019607843138	Physospermum	0.054901960784313725	Agrostis	0.0196078431372549	Daphne	0.011764705882352941	Saxifraga	0.011764705882352941
ArtemisiaVulgaris.jpg	Artemisia	Spiraea	0.7647058823529411	Artemisia	0.047058823529411764	Bidens	0.01568627450980392	Mentha	0.011764705882352941	Salix	0.011764705882352941
Arum_cylindraceum1.JPG	Arum	Arum	0.20784313725490197	Gennaria	0.12941176470588237	Ophrys	0.07058823529411765	Calamagrostis	0.03137254901960784	Centaurium	0.023529411764705882
Flor_de_Arum_italicum.jpg	Arum	Arum	0.9294117647058824	Datura	0.0196078431372549	Zantedeschia	0.00784313725490196	Cerastium	0.0	Theligonum	0.0
Arundo.donax2web.jpg	Arundo	Arundo	0.996078431372549	Acacia	0.00392156862745098	Cerastium	0.0	Theligonum	0.0	Arctotheca	0.0
Asparagus_acutifolius_frutos.jpg	Asparagus	Asparagus	0.8862745098039215	Genista	0.03529411764705882	Medicago	0.011764705882352941	Paronychia	0.00784313725490196	Santolina	0.00784313725490196
Art%C3%A0_-_Ermita_de_Betlem_-_Asparagus_albus_03_ies.jpg	Asparagus	Asparagus	0.9333333333333333	Salsola	0.011764705882352941	Adenocarpus	0.011764705882352941	Calicotome	0.00784313725490196	Fagonia	0.00392156862745098
Malta_-_Mellieha_-_Triq_l-Armier_-_Asparagus_aphyllus_01_ies.jpg	Asparagus	Rumex	0.23529411764705882	Asparagus	0.16078431372549018	Callitriche	0.058823529411764705	Dittrichia	0.054901960784313725	Wolffia	0.047058823529411764
Asperula_aristata_RF.jpg	Asperula	Asperula	0.9725490196078431	Dorycnopsis	0.0196078431372549	Cerastium	0.0	Theligonum	0.0	Arctotheca	0.0
Asperula_arvensis1.jpg	Asperula	Jasione	0.3686274509803921	Scilla	0.10980392156862745	Carduncellus	0.06274509803921569	Asperula	0.027450980392156862	Limonium	0.0196078431372549
Asphodelus_aestivus.jpg	Asphodelus	Asphodelus	0.9098039215686273	Iris	0.03137254901960784	Narcissus	0.0196078431372549	Butomus	0.01568627450980392	Orchis	0.00392156862745098
Asphodelus_albus.004_-_A_Coru%C3%B1a.jpg	Asphodelus	Asphodelus	0.9254901960784313	Cerastium	0.0	Theligonum	0.0	Arctotheca	0.0	Lathyrus	0.0
Asphodelus_fistulosus_%28flowers%29.jpg	Asphodelus	Asphodelus	0.9647058823529412	Cerastium	0.0	Theligonum	0.0	Arctotheca	0.0	Lathyrus	0.0
Asphodelus_macrocarpus_%281%29.jpg	Asphodelus	Asphodelus	0.8862745098039215	Allium	0.00784313725490196	Plantago	0.00784313725490196	Lysimachia	0.00784313725490196	Draba	0.00784313725490196
Asphodelus_ramosus_in_Haifa.jpg	Asphodelus	Asphodelus	0.9333333333333333	Silene	0.00784313725490196	Allium	0.00392156862745098	Cynanchum	0.00392156862745098	Cerastium	0.0
Asplenium_adiantum-nigrum_030208.jpg	Asplenium	Asplenium	0.9019607843137255	Cystopteris	0.06274509803921569	Davallia	0.00784313725490196	Selaginella	0.00392156862745098	Cerastium	0.0
Asplenium_marinum_001.JPG	Asplenium	Asplenium	0.8980392156862745	Pteridium	0.00784313725490196	Dryopteris	0.00392156862745098	Hyoscyamus	0.00392156862745098	Setaria	0.00392156862745098
Asplenium_onopteris_1.jpg	Asplenium	Asplenium	0.8862745098039215	Davallia	0.043137254901960784	Polystichum	0.011764705882352941	Dryopteris	0.011764705882352941	Cystopteris	0.00784313725490196
Petrarchae.jpg	Asplenium	Sanguisorba	0.5686274509803921	Asplenium	0.1803921568627451	Cystopteris	0.0392156862745098	Erucastrum	0.03137254901960784	Ranunculus	0.0196078431372549
Asplenium_ruta_muraria2.jpg	Asplenium	Asplenium	0.9882352941176471	Polycarpon	0.00784313725490196	Cerastium	0.0	Theligonum	0.0	Arctotheca	0.0
Asplenium_septentrionale_2005.07.11_11.35.02-p7110215.jpg	Asplenium	Asplenium	0.9882352941176471	Cerastium	0.0	Theligonum	0.0	Arctotheca	0.0	Lathyrus	0.0
Asplenium_trichomanes_subsp_quadrivalens.jpg	Asplenium	Asplenium	0.5568627450980392	Dryopteris	0.09411764705882353	Polystichum	0.03137254901960784	Polypodium	0.01568627450980392	Chaenorhinum	0.01568627450980392
Pampilho-aqu%C3%A1tico_%282462845692%29.jpg	Asteriscus	Asteriscus	0.9450980392156862	Euphorbia	0.00392156862745098	Reseda	0.00392156862745098	Pallenis	0.00392156862745098	Cerastium	0.0
Astragalus_glycyphyllos_fruit.jpg	Astragalus	Astragalus	0.796078431372549	Trifolium	0.027450980392156862	Rumex	0.00784313725490196	Galega	0.00784313725490196	Carex	0.00392156862745098
Gon%C3%AE_%28Astragalus_hamosus%29.jpg	Astragalus	Ononis	0.37254901960784315	Aira	0.16470588235294117	Genista	0.12941176470588237	Anthoxanthum	0.07058823529411765	Picnomon	0.043137254901960784
Astragalus_tragacantha_4.jpg	Astragalus	Astragalus	0.996078431372549	Cerastium	0.0	Theligonum	0.0	Arctotheca	0.0	Lathyrus	0.0
Athyrium_filix-femina0.jpg	Athyrium	Dryopteris	0.15294117647058825	Polystichum	0.07450980392156863	Athyrium	0.06666666666666667	Thelypteris	0.047058823529411764	Pteridium	0.027450980392156862
Atriplex_halimus_kz2.JPG	Atriplex	Atriplex	0.7764705882352941	Mercurialis	0.21176470588235294	Halimium	0.00784313725490196	Cerastium	0.0	Theligonum	0.0
UitstaandeMeldeSorinnesDSCN4516.JPG	Atriplex	Reseda	0.3921568627450981	Dittrichia	0.36470588235294116	Camelina	0.07450980392156863	Scrophularia	0.050980392156862744	Lepidium	0.027450980392156862
Atriplex_prostrata_2017-09-16_4066.jpg	Atriplex	Atriplex	0.9764705882352941	Fallopia	0.00392156862745098	Smilax	0.00392156862745098	Cerastium	0.0	Theligonum	0.0
Poaceae_-_Avena_barbata_%288304690940%29.jpg	Avena	Avena	0.9529411764705882	Bromus	0.01568627450980392	Cerastium	0.0	Theligonum	0.0	Arctotheca	0.0
Avena_May_2010-3.jpg	Avena	Avena	0.5372549019607843	Melica	0.2980392156862745	Avenula	0.011764705882352941	Bromus	0.011764705882352941	Salix	0.00392156862745098
Avena_sativa_L.jpg	Avena	Avena	0.6666666666666666	Phragmites	0.058823529411764705	Arundo	0.047058823529411764	Lathyrus	0.023529411764705882	Cladium	0.0196078431372549
Water_Fern_Azolla_filiculoides_%286165580451%29.jpg	Azolla	Myriophyllum	0.23137254901960785	Azolla	0.17254901960784313	Spirodela	0.047058823529411764	Potamogeton	0.03529411764705882	Lemna	0.03137254901960784
BaldelliaRanunculoides3.jpg	Baldellia	Alisma	0.7137254901960783	Baldellia	0.2862745098039216	Cerastium	0.0	Theligonum	0.0	Arctotheca	0.0
BaldelliaRanunculoides.jpg	Baldellia	Baldellia	0.7450980392156862	Alisma	0.23921568627450981	Sparganium	0.00784313725490196	Ranunculus	0.00392156862745098	Cerastium	0.0
Ballota_hirsuta_flowers.jpg	Ballota	Ballota	0.6705882352941176	Stachys	0.13333333333333336	Nepeta	0.011764705882352941	Rumex	0.00784313725490196	Teucrium	0.00392156862745098
Ballota_nigra_2005.06.19_10.13.06-p6190007.jpg	Ballota	Ballota	0.788235294117647	Lamium	0.06666666666666667	Glechoma	0.06666666666666667	Teucrium	0.00784313725490196	Urtica	0.00784313725490196
Barbarea_intermedia_03.jpg	Barbarea	Barbarea	0.7294117647058823	Sisymbrium	0.14901960784313725	Euphorbia	0.011764705882352941	Medicago	0.00784313725490196	Alyssum	0.00784313725490196
%28MHNT%29_Barbarea_vulgaris_-_Habit.jpg	Barbarea	Barbarea	0.968627450980392	Senecio	0.01568627450980392	Cerastium	0.0	Theligonum	0.0	Arctotheca	0.0
Kochia_aka_Fire_bush_7128.JPG	Bassia	Bassia	0.984313725490196	Equisetum	0.00784313725490196	Cerastium	0.0	Theligonum	0.0	Arctotheca	0.0
Bellisannua1.jpg	Bellis	Bellis	0.4549019607843137	Convolvulus	0.08235294117647059	Chamaemelum	0.03529411764705882	Erigeron	0.0196078431372549	Romulea	0.01568627450980392
Belis_peremnis_-_panoramio.jpg	Bellis	Bellis	0.5176470588235293	Erigeron	0.08627450980392157	Trifolium	0.00784313725490196	Anthemis	0.00784313725490196	Leucanthemum	0.00784313725490196
Bellis_2007-1.jpg	Bellis	Bellis	0.9803921568627451	Erigeron	0.011764705882352941	Leucanthemum	0.00392156862745098	Cerastium	0.0	Theligonum	0.0
Beta_vulgaris_maritima02.jpg	Beta	Beta	0.11764705882352941	Rumex	0.06274509803921569	Scrophularia	0.047058823529411764	Barbarea	0.047058823529411764	Datura	0.03529411764705882
Betula_pubescens_-_Burgwald_002.jpg	Betula	Salix	0.39215686274509803	Olea	0.2	Fraxinus	0.1568627450980392	Castanea	0.043137254901960784	Platanus	0.023529411764705882
Bidens_aurea_%289471534051%29.jpg	Bidens	Bidens	0.9058823529411765	Senecio	0.00784313725490196	Tanacetum	0.00784313725490196	Potamogeton	0.00392156862745098	Ranunculus	0.00392156862745098
Bidens_frondosa.jpg	Bidens	Bidens	0.6666666666666666	Rorippa	0.03529411764705882	Barbarea	0.03529411764705882	Alyssum	0.027450980392156862	Spiraea	0.023529411764705882
Bidens_pilosa-Silent_Valley-2016-08-13-001.jpg	Bidens	Bidens	0.9607843137254901	Galinsoga	0.00392156862745098	Anacyclus	0.00392156862745098	Chamaemelum	0.00392156862745098	Cerastium	0.0
Bituminaria_bituminosa_flower.jpg	Bituminaria	Bituminaria	0.9490196078431372	Medicago	0.00784313725490196	Centaurea	0.00784313725490196	Trifolium	0.00392156862745098	Polygala	0.00392156862745098
Yellow-wort._Blackstonia_perfoliata._Gentianaceae_%2832287314168%29.jpg	Blackstonia	Blackstonia	1.0	Cerastium	0.0	Theligonum	0.0	Arctotheca	0.0	Lathyrus	0.0
Blackstonia_perfoliata1.jpg	Blackstonia	Blackstonia	0.9019607843137254	Lathyrus	0.00784313725490196	Tragopogon	0.00392156862745098	Lotus	0.00392156862745098	Cerastium	0.0
Bolboschoenus_yagara.jpeg	Bolboschoenus	Bolboschoenus	0.8901960784313725	Schoenoplectus	0.07450980392156863	Carex	0.00392156862745098	Cyperus	0.00392156862745098	Cerastium	0.0
BolboschoenusMaritimus2.jpg	Bolboschoenus	Bolboschoenus	0.8196078431372549	Cyperus	0.13333333333333333	Schoenoplectus	0.01568627450980392	Retama	0.00392156862745098	Cladium	0.00392156862745098
Bombycilaena_erecta_1_%28Espagne%29.jpg	Bombycilaena	Bombycilaena	0.8549019607843137	Cakile	0.00784313725490196	Otanthus	0.00784313725490196	Arctotheca	0.00392156862745098	Teucrium	0.00392156862745098
Borage_starflower_Rohtopurasruoho_01.jpg	Borago	Borago	0.9725490196078431	Onosma	0.00392156862745098	Cerastium	0.0	Theligonum	0.0	Arctotheca	0.0
Brachypodium_distachyon_Bd21-3.jpg	Brachypodium	Bromus	0.4196078431372549	Anthoxanthum	0.26666666666666666	Vulpia	0.0392156862745098	Holcus	0.027450980392156862	Avena	0.023529411764705882
Brachypodium_retusum_hivern_Canyelles.jpg	Brachypodium	Brachypodium	0.34509803921568627	Elymus	0.11372549019607843	Vulpia	0.11372549019607843	Taeniatherum	0.08235294117647059	Hordeum	0.06666666666666667
Brachypodium_sylvaticum_hivern.jpg	Brachypodium	Luzula	0.25098039215686274	Brachypodium	0.13725490196078433	Salix	0.10196078431372549	Calamagrostis	0.06666666666666667	Woodwardia	0.058823529411764705
Brassica_oleracea0.jpg	Brassica	Centaurea	0.4235294117647059	Ecballium	0.1843137254901961	Beta	0.12941176470588237	Hyoscyamus	0.03529411764705882	Verbascum	0.0196078431372549
Starr_050530-2059_Briza_maxima.jpg	Briza	Briza	0.8862745098039215	Bromus	0.027450980392156862	Honckenya	0.011764705882352941	Trifolium	0.00392156862745098	Ophioglossum	0.00392156862745098
Briza_media.jpg	Briza	Bromus	0.22352941176470587	Briza	0.08235294117647059	Setaria	0.0392156862745098	Silene	0.03529411764705882	Juncus	0.03529411764705882
Briza_minor3.jpg	Briza	Briza	0.9411764705882353	Euphorbia	0.00392156862745098	Poa	0.00392156862745098	Cerastium	0.0	Theligonum	0.0
Starr_080418-4233_Bromus_catharticus.jpg	Bromus	Bromus	0.9882352941176471	Cerastium	0.0	Theligonum	0.0	Arctotheca	0.0	Lathyrus	0.0
Bromusdiandrus.jpg	Bromus	Bromus	0.22352941176470587	Brachypodium	0.16862745098039217	Vulpia	0.12549019607843137	Elymus	0.09411764705882353	Sparganium	0.043137254901960784
Zachte_dravik_in_bloei_Bromus_mollis.jpg	Bromus	Poa	0.4470588235294118	Agrostis	0.047058823529411764	Arrhenatherum	0.0392156862745098	Festuca	0.03529411764705882	Linaria	0.03137254901960784
Bromus_racemosus.jpg	Bromus	Piptatherum	0.7529411764705882	Molinia	0.06274509803921569	Elymus	0.050980392156862744	Cryptomeria	0.0392156862745098	Bromus	0.0196078431372549
Bromus_ramosus_IP0706072.JPG	Bromus	Bromus	0.9529411764705882	Brachypodium	0.00784313725490196	Elymus	0.00392156862745098	Cerastium	0.0	Theligonum	0.0
Bromus-rubens-20080327.JPG	Bromus	Bromus	0.8862745098039215	Avena	0.03137254901960784	Veratrum	0.00784313725490196	Allium	0.00392156862745098	Chamaerops	0.00392156862745098
Bromus_squarrosus_NRCS-1.jpg	Bromus	Bromus	0.28627450980392155	Paeonia	0.043137254901960784	Avena	0.03529411764705882	Helianthus	0.03529411764705882	Phleum	0.03137254901960784
Bromus_sterilis_detail.jpeg	Bromus	Bromus	0.792156862745098	Avena	0.050980392156862744	Vulpia	0.01568627450980392	Stipa	0.00784313725490196	Fuchsia	0.00392156862745098
P1000627_Bryonia_dioica_%28Cucurbitaceae%29_Plant.JPG	Bryonia	Ficus	0.8431372549019608	Tetragonia	0.03137254901960784	Urtica	0.01568627450980392	Cistus	0.011764705882352941	Acer	0.011764705882352941
BuddlejaDavidiiStrauch.jpg	Buddleja	Buddleja	0.7019607843137254	Pimpinella	0.03529411764705882	Verbena	0.03529411764705882	Erica	0.011764705882352941	Eupatorium	0.011764705882352941
Lithospermum_arvense_W.jpg	Buglossoides	Buglossoides	0.9921568627450981	Cerastium	0.0	Theligonum	0.0	Arctotheca	0.0	Lathyrus	0.0
Bunias_orientalis_eF.jpg	Bunias	Crepis	0.12156862745098039	Ranunculus	0.07450980392156863	Glyceria	0.06666666666666667	Rapistrum	0.058823529411764705	Sisymbrium	0.054901960784313725
Bunium_bulbocatstanum_RH._%283%29.jpg	Bunium	Oenanthe	0.9333333333333333	Bunium	0.0196078431372549	Daucus	0.011764705882352941	Allium	0.00784313725490196	Berula	0.00784313725490196
Bupleurum_fruticosum3.jpg	Bupleurum	Bupleurum	1.0	Cerastium	0.0	Theligonum	0.0	Arctotheca	0.0	Lathyrus	0.0
Bupleurum_rotundifolium_Llez_001.jpg	Bupleurum	Euphorbia	0.15294117647058825	Bupleurum	0.03529411764705882	Ranunculus	0.03137254901960784	Lonicera	0.027450980392156862	Lathyrus	0.023529411764705882
Bupleurum_tenuissimum.jpeg	Bupleurum	Bupleurum	0.9921568627450981	Linum	0.00784313725490196	Juncus	0.00392156862745098	Cerastium	0.0	Theligonum	0.0
Butomus_umbellatus_-_harilik_luigelill_Keilas.jpg	Butomus	Butomus	0.3607843137254902	Asperula	0.07058823529411765	Retama	0.06274509803921569	Allium	0.050980392156862744	Sedum	0.03529411764705882
Buxus_sempervirens.jpg	Buxus	Salix	0.5529411764705883	Cryptomeria	0.13725490196078433	Taxus	0.12156862745098039	Cytisus	0.043137254901960784	Castanea	0.011764705882352941
Cakile-maritima-%28eurMeersenf%29_1.jpg	Cakile	Spergularia	0.45490196078431366	Silene	0.13333333333333333	Carpobrotus	0.08627450980392157	Convolvulus	0.06666666666666667	Oxalis	0.023529411764705882
Calamagrostis.arundinacea.jpg	Calamagrostis	Arrhenatherum	0.34901960784313724	Molinia	0.15294117647058825	Anthoxanthum	0.15294117647058825	Calamagrostis	0.10588235294117647	Gaudinia	0.09411764705882353
Calendula_January_2008-1_filtered.jpg	Calendula	Calendula	0.28627450980392155	Coleostephus	0.11372549019607843	Sonchus	0.09411764705882353	Pulicaria	0.08627450980392157	Doronicum	0.06274509803921569
Calicotome_villosa3.JPG	Calicotome	Cytisus	0.33725490196078434	Ulex	0.3254901960784314	Calicotome	0.17254901960784313	Lotus	0.058823529411764705	Ononis	0.0392156862745098
Fig._07_Callitriche_brutia%2C_C._lustianica.jpg	Callitriche	Ranunculus	0.2196078431372549	Teesdalia	0.13333333333333333	Bupleurum	0.050980392156862744	Lepidium	0.050980392156862744	Rorippa	0.0392156862745098
Callitrichestagnalis.jpg	Callitriche	Callitriche	0.5490196078431372	Galium	0.13333333333333333	Lysimachia	0.027450980392156862	Lemna	0.0196078431372549	Sedum	0.01568627450980392
CallunaVulgaris.jpg	Calluna	Erica	0.9529411764705882	Calluna	0.0196078431372549	Cerastium	0.0	Theligonum	0.0	Arctotheca	0.0
Caltha_palustris_plant.JPG	Caltha	Caltha	0.9921568627450981	Cerastium	0.0	Theligonum	0.0	Arctotheca	0.0	Lathyrus	0.0
Calystegia_April_2008-1.jpg	Calystegia	Calystegia	0.6431372549019607	Convolvulus	0.0784313725490196	Cistus	0.0196078431372549	Silene	0.00392156862745098	Orobanche	0.00392156862745098
Calystegia_silvatica.jpg	Calystegia	Calystegia	0.7176470588235294	Alcea	0.027450980392156862	Rosa	0.023529411764705882	Convolvulus	0.0196078431372549	Cistus	0.00784313725490196
Calystegia_soldanella_060524wb.jpg	Calystegia	Calystegia	0.47058823529411764	Convolvulus	0.2941176470588235	Ipomoea	0.01568627450980392	Allium	0.00392156862745098	Orobanche	0.00392156862745098
Camelina_microcarpa_NPS-1.jpg	Camelina	Camelina	0.9764705882352941	Asphodelus	0.00784313725490196	Thlaspi	0.00392156862745098	Samolus	0.00392156862745098	Cerastium	0.0
Campanula_erinus_kz1.JPG	Campanula	Myosotis	0.19215686274509805	Cerastium	0.13333333333333333	Campanula	0.10196078431372549	Galium	0.07058823529411765	Sedum	0.0392156862745098
Campanula_lusitanica_20140501.jpg	Campanula	Campanula	0.9098039215686274	Aquilegia	0.01568627450980392	Linaria	0.00392156862745098	Knautia	0.00392156862745098	Cerastium	0.0
Campanulaceae_-_Campanula_rapunculus-5.JPG	Campanula	Campanula	0.43529411764705883	Centaurium	0.09411764705882353	Ornithogalum	0.06274509803921569	Teucrium	0.0196078431372549	Trachelium	0.0196078431372549
Cinnamon-bellied_flowerpiercer_%28Diglossa_baritula%29_male_on_Indian_shot_%28Canna_indica%29_Finca_El_Pilar.jpg	Canna	Canna	0.16470588235294117	Juncus	0.10588235294117647	Sedum	0.043137254901960784	Serapias	0.0392156862745098	Butomus	0.0196078431372549
A_Field_of_Shepherd%E2%80%99s-purse.jpg	Capsella	Galium	0.27058823529411763	Capsella	0.21568627450980393	Lepidium	0.19607843137254904	Calepina	0.047058823529411764	Corrigiola	0.047058823529411764
Cardamine_flexuosa_eF.jpg	Cardamine	Cakile	0.3686274509803922	Cardamine	0.3254901960784314	Heliotropium	0.09019607843137255	Fumaria	0.03529411764705882	Seseli	0.03529411764705882
Kleine_veldkers_Cardamine_hirsuta_plant.jpg	Cardamine	Cardamine	0.9411764705882353	Teesdalia	0.00784313725490196	Chaenorhinum	0.00392156862745098	Hornungia	0.00392156862745098	Cerastium	0.0
Wiesenschaumkraut_%28Cardamine_pratensis%29-20200416-RM-095356.jpg	Cardamine	Cardamine	0.9882352941176471	Oxalis	0.00392156862745098	Cakile	0.00392156862745098	Cerastium	0.0	Theligonum	0.0
Carduus_pycnocephalus_2.jpg	Carduus	Carduus	0.8980392156862744	Cirsium	0.03137254901960784	Notobasis	0.00784313725490196	Onopordum	0.00784313725490196	Scolymus	0.00392156862745098
Carduus_tenuiflorus1.jpg	Carduus	Carduus	0.9019607843137255	Notobasis	0.011764705882352941	Staehelina	0.00392156862745098	Poa	0.00392156862745098	Cynara	0.00392156862745098
CarexArenaria.jpg	Carex	Carex	0.4392156862745098	Juncus	0.388235294117647	Cladium	0.058823529411764705	Luzula	0.027450980392156862	Cyperus	0.023529411764705882
Carex_caryophyllea_%28Ankstyvoji_viksva%29001.JPG	Carex	Carex	0.7686274509803921	Anthoxanthum	0.12549019607843137	Alopecurus	0.047058823529411764	Eleocharis	0.023529411764705882	Aira	0.00392156862745098
Carex.demissa.-.lindsey.jpg	Carex	Carex	0.7921568627450979	Sparganium	0.03529411764705882	Vincetoxicum	0.01568627450980392	Sanicula	0.00784313725490196	Gomphocarpus	0.00784313725490196
Carex_distans_maennl.jpeg	Carex	Carex	0.8156862745098038	Eleocharis	0.00784313725490196	Equisetum	0.00392156862745098	Poa	0.00392156862745098	Cyperus	0.00392156862745098
Carex_divisa.jpg	Carex	Carex	0.8823529411764705	Juncus	0.0784313725490196	Bolboschoenus	0.00784313725490196	Scirpoides	0.00392156862745098	Schoenoplectus	0.00392156862745098
Carex.echinata.jpg	Carex	Carex	0.9450980392156862	Juncus	0.01568627450980392	Lysimachia	0.00392156862745098	Cerastium	0.0	Theligonum	0.0
Carex_elata.jpg	Carex	Alopecurus	0.38823529411764707	Carex	0.2941176470588235	Anthoxanthum	0.07058823529411765	Plantago	0.050980392156862744	Rostraria	0.011764705882352941
Carex_extensa_%281%29.jpg	Carex	Carex	0.9450980392156862	Salix	0.00392156862745098	Scirpoides	0.00392156862745098	Apium	0.00392156862745098	Ranunculus	0.00392156862745098
Carex_flacca.jpeg	Carex	Paspalum	0.9803921568627451	Echinochloa	0.01568627450980392	Carex	0.00784313725490196	Cerastium	0.0	Theligonum	0.0
Carex_hirta_utricles.jpg	Carex	Carex	0.5294117647058824	Gomphocarpus	0.023529411764705882	Astragalus	0.01568627450980392	Plantago	0.01568627450980392	Verbascum	0.01568627450980392
Carex_hispida_kz1.jpg	Carex	Carex	0.6196078431372549	Deschampsia	0.14901960784313725	Melica	0.12549019607843137	Luzula	0.01568627450980392	Calamagrostis	0.01568627450980392
Carex_lepidocarpa_inflorescens_%2804%29.jpg	Carex	Carex	0.996078431372549	Cerastium	0.0	Theligonum	0.0	Arctotheca	0.0	Lathyrus	0.0
Carex.ovalis.2.jpg	Carex	Carex	0.6784313725490195	Eleocharis	0.08627450980392157	Luzula	0.01568627450980392	Trichophorum	0.011764705882352941	Melica	0.00784313725490196
Carex_muricata_-_siiltarn_Keilas.jpg	Carex	Carex	0.9098039215686273	Juncus	0.011764705882352941	Corema	0.00392156862745098	Erica	0.00392156862745098	Setaria	0.00392156862745098
Carex_nigra.JPG	Carex	Carex	0.996078431372549	Cerastium	0.0	Theligonum	0.0	Arctotheca	0.0	Lathyrus	0.0
Carex_panicea_fruchtstand.jpeg	Carex	Carex	0.6549019607843136	Holcus	0.047058823529411764	Plantago	0.03529411764705882	Alopecurus	0.0196078431372549	Echinochloa	0.0196078431372549
Carex_paniculata_fruchtstand.jpeg	Carex	Carex	0.7490196078431373	Cladium	0.2196078431372549	Luzula	0.00784313725490196	Juncus	0.00784313725490196	Rumex	0.00392156862745098
Carex_pendula_1.jpg	Carex	Carex	0.803921568627451	Cyperus	0.15294117647058825	Luzula	0.011764705882352941	Ornithogalum	0.00392156862745098	Poa	0.00392156862745098
Carex_pilulifera.jpeg	Carex	Carex	0.9882352941176469	Cerastium	0.0	Theligonum	0.0	Arctotheca	0.0	Lathyrus	0.0
Carex_pseudocyperus.jpeg	Carex	Carex	0.9098039215686274	Setaria	0.00784313725490196	Bromus	0.00392156862745098	Cerastium	0.0	Theligonum	0.0
Carex_punctata_inflorescens_%283%29.jpg	Carex	Carex	0.9176470588235294	Cyperus	0.00784313725490196	Medicago	0.00392156862745098	Setaria	0.00392156862745098	Cerastium	0.0
Carex_remota_by_stream.jpg	Carex	Carex	0.9764705882352941	Deschampsia	0.00784313725490196	Cerastium	0.0	Theligonum	0.0	Arctotheca	0.0
CarexRiparia1.jpg	Carex	Carex	0.9999999999999999	Cerastium	0.0	Theligonum	0.0	Arctotheca	0.0	Lathyrus	0.0
Carex_sylvatica.jpg	Carex	Carex	0.596078431372549	Calamagrostis	0.19215686274509805	Elymus	0.08235294117647059	Bromus	0.03137254901960784	Brachypodium	0.027450980392156862
Carex_trinervis_inflorescens_%282%29.jpg	Carex	Carex	0.615686274509804	Bolboschoenus	0.11372549019607843	Setaria	0.07058823529411765	Adenocarpus	0.01568627450980392	Alopecurus	0.011764705882352941
Carex_vesicaria_inflorescense_%2821%29.jpg	Carex	Carex	0.9333333333333333	Salix	0.00784313725490196	Cynosurus	0.00784313725490196	Gomphocarpus	0.00392156862745098	Cerastium	0.0
Carpobrotus_edulis_on_the_sand_dunes_of_Waimairi_Beach%2C_Christchurch%2C_New_Zealand_05.jpg	Carpobrotus	Carpobrotus	0.9411764705882353	Carlina	0.0196078431372549	Centaurea	0.00392156862745098	Inula	0.00392156862745098	Doronicum	0.00392156862745098
C.carricht.-8.JPG	Carrichtera	Carrichtera	0.984313725490196	Papaver	0.00392156862745098	Coincya	0.00392156862745098	Cerastium	0.0	Theligonum	0.0
Carthamus_lanatus_1_bgiu.jpg	Carthamus	Scolymus	0.16862745098039217	Carthamus	0.1568627450980392	Ulex	0.07450980392156863	Carlina	0.050980392156862744	Notobasis	0.047058823529411764
Chestnuts.jpg	Castanea	Castanea	0.8549019607843137	Paraserianthes	0.0196078431372549	Prunus	0.01568627450980392	Carlina	0.00784313725490196	Ricinus	0.00784313725490196
Catananche_caerulea_001.jpg	Catananche	Catananche	0.9019607843137255	Bidens	0.01568627450980392	Tragopogon	0.011764705882352941	Romulea	0.00392156862745098	Malva	0.00392156862745098
Catapodium_marinum_inflorescence_%282%29.jpg	Catapodium	Lolium	0.1764705882352941	Asplenium	0.15294117647058825	Catapodium	0.11764705882352941	Torilis	0.11372549019607843	Crucianella	0.07450980392156863
Catapodium_rigidum_2.jpg	Catapodium	Anthoxanthum	0.20784313725490197	Catapodium	0.07450980392156863	Vulpia	0.07058823529411765	Bromus	0.047058823529411764	Ononis	0.03137254901960784
Centaurea_alba.jpg	Centaurea	Centaurea	0.7176470588235294	Mantisalca	0.011764705882352941	Xeranthemum	0.011764705882352941	Allium	0.00392156862745098	Pyrus	0.00392156862745098
Centaurea_aspera3.JPG	Centaurea	Centaurea	0.8823529411764706	Orchis	0.00784313725490196	Cheirolophus	0.00784313725490196	Poa	0.00784313725490196	Dianthus	0.00392156862745098
Centaurea_calcitrapa_001.jpg	Centaurea	Centaurea	0.36078431372549014	Silybum	0.0196078431372549	Xanthium	0.01568627450980392	Mentha	0.00392156862745098	Pyrus	0.00392156862745098
Centaurea_collina_2.jpg	Centaurea	Centaurea	0.9568627450980391	Carthamus	0.023529411764705882	Klasea	0.00392156862745098	Cerastium	0.0	Theligonum	0.0
Centaurea_cyanus_3.jpg	Centaurea	Centaurea	0.9725490196078431	Jasione	0.00784313725490196	Catananche	0.00392156862745098	Cichorium	0.00392156862745098	Cerastium	0.0
Maltese_star_thistle_%28Centaurea_melitensis%29_%285831615942%29.jpg	Centaurea	Centaurea	0.8588235294117647	Trifolium	0.011764705882352941	Tolpis	0.00784313725490196	Hispidella	0.00784313725490196	Carduus	0.00392156862745098
Centaurea_nigra-3233.jpg	Centaurea	Centaurea	0.9647058823529412	Cheirolophus	0.011764705882352941	Arctium	0.00392156862745098	Cerastium	0.0	Theligonum	0.0
Centaurea_pullata_b.JPG	Centaurea	Centaurea	0.9686274509803922	Cerastium	0.0	Theligonum	0.0	Arctotheca	0.0	Lathyrus	0.0
Centaurea_paniculata.JPG	Centaurea	Centaurea	0.48235294117647054	Trifolium	0.01568627450980392	Plantago	0.01568627450980392	Lavandula	0.00784313725490196	Spergularia	0.00784313725490196
Centaurea_pullata_canada_FlowersCloseup_01May2009_CampodeCalatrava.jpg	Centaurea	Centaurea	0.9764705882352941	Carduus	0.00392156862745098	Carpobrotus	0.00392156862745098	Knautia	0.00392156862745098	Cerastium	0.0
Flower_April_2010-3.jpg	Centaurea	Centaurea	0.9803921568627451	Cerastium	0.0	Theligonum	0.0	Arctotheca	0.0	Lathyrus	0.0
Centaurium_erythraea_220603.jpg	Centaurium	Centaurium	0.9333333333333333	Lythrum	0.011764705882352941	Spergularia	0.00784313725490196	Hypericum	0.00392156862745098	Cerastium	0.0
Centaurium_erythraea_%28plant%29.jpg	Centaurium	Centaurium	0.9764705882352941	Cerastium	0.0	Theligonum	0.0	Arctotheca	0.0	Lathyrus	0.0
CentauriumPulchellum.jpg	Centaurium	Centaurium	0.8274509803921568	Spergularia	0.058823529411764705	Geranium	0.00784313725490196	Epilobium	0.00784313725490196	Silene	0.00392156862745098
Centranthus_calcitrapa.JPG	Centranthus	Centranthus	0.9764705882352941	Valeriana	0.011764705882352941	Cerastium	0.0	Theligonum	0.0	Arctotheca	0.0
GardenValerian.jpg	Centranthus	Centranthus	0.8274509803921568	Angelica	0.03137254901960784	Ammi	0.011764705882352941	Daucus	0.011764705882352941	Pimpinella	0.011764705882352941
Lysimachia_minima.jpg	Lysimachia	Rorippa	0.47843137254901963	Barbarea	0.1647058823529412	Myosotis	0.09803921568627451	Thesium	0.054901960784313725	Elatine	0.03137254901960784
Cephalanthera_longifolia_seglea.jpg	Cephalanthera	Cephalanthera	0.7372549019607844	Dactylorhiza	0.0784313725490196	Asplenium	0.01568627450980392	Acanthus	0.011764705882352941	Alyssum	0.00784313725490196
Cephalanthera_rubra_catena-rangeval_55_170602_2.JPG	Cephalanthera	Cephalanthera	0.6666666666666666	Campanula	0.00784313725490196	Gladiolus	0.00784313725490196	Dactylorhiza	0.00784313725490196	Limodorum	0.00784313725490196
Caprifoliaceae_-_Cephalaria_leucantha.JPG	Cephalaria	Jasione	0.20392156862745095	Allium	0.13333333333333333	Cephalaria	0.12941176470588237	Armeria	0.12156862745098039	Pycnocomon	0.058823529411764705
Cerastium_brachypetalum_W.jpg	Cerastium	Cerastium	0.9098039215686274	Stellaria	0.023529411764705882	Geranium	0.00392156862745098	Kickxia	0.00392156862745098	Theligonum	0.0
Cerastium_diffusum_2.jpg	Cerastium	Arenaria	0.6862745098039216	Cerastium	0.24705882352941175	Moenchia	0.01568627450980392	Buglossoides	0.00784313725490196	Spergularia	0.00784313725490196
Gewone_hoornbloem_R0019819.JPG	Cerastium	Cerastium	0.9411764705882353	Stellaria	0.027450980392156862	Sagina	0.00392156862745098	Theligonum	0.0	Arctotheca	0.0
%28MHNT%29_Cerastium_glomeratum_-_habitus.jpg	Cerastium	Stellaria	0.16862745098039217	Lycium	0.10980392156862745	Thymus	0.09803921568627451	Arenaria	0.08627450980392157	Veronica	0.0784313725490196
Cerastium_arvense_-_Acker-Hornkraut_Detail.JPG	Cerastium	Saxifraga	0.22745098039215686	Cerastium	0.20392156862745098	Arenaria	0.07450980392156863	Minuartia	0.0392156862745098	Oxalis	0.023529411764705882
Corydalis_claviculata.jpeg	Ceratocapnos	Ceratocapnos	1.0	Cerastium	0.0	Theligonum	0.0	Arctotheca	0.0	Lathyrus	0.0
Ceratonia_siliqua_Keciboynuzu_1370984_Nevit.jpg	Ceratonia	Ceratonia	0.8549019607843137	Salix	0.023529411764705882	Ficus	0.01568627450980392	Aristolochia	0.011764705882352941	Gleditsia	0.011764705882352941
Ceratophyllum_demersum.jpg	Ceratophyllum	Myriophyllum	0.5803921568627451	Ceratophyllum	0.08627450980392157	Equisetum	0.0196078431372549	Hordeum	0.01568627450980392	Polypogon	0.00784313725490196
Tiddi_n_we%C9%A3yul_-_cerinthe_major.jpg	Cerinthe	Cerinthe	0.9294117647058824	Rhinanthus	0.00784313725490196	Kickxia	0.00392156862745098	Ophrys	0.00392156862745098	Coronilla	0.00392156862745098
Microrrhinum_minus_sl4.jpg	Chaenorhinum	Chaenorhinum	0.39607843137254906	Scrophularia	0.0392156862745098	Centaurea	0.027450980392156862	Senecio	0.0196078431372549	Myosotis	0.0196078431372549
Chaenorhinum_origanifolium_001.JPG	Chaenorhinum	Spergularia	0.33725490196078434	Fagonia	0.10980392156862745	Viola	0.08627450980392157	Legousia	0.047058823529411764	Linaria	0.043137254901960784
Chamaecyparis_lawsoniana_Dorena1.jpg	Chamaecyparis	Cryptomeria	0.7686274509803922	Salix	0.10980392156862745	Carex	0.011764705882352941	Pinus	0.011764705882352941	Castanea	0.00784313725490196
Chamaerops_humilis_%28Zingaro%29015.jpg	Chamaerops	Chamaerops	0.8509803921568627	Pinus	0.03137254901960784	Retama	0.03137254901960784	Phoenix	0.01568627450980392	Olea	0.00784313725490196
Cheirolophus_crassifolius_flower.jpg	Cheirolophus	Mantisalca	0.43137254901960786	Cirsium	0.12156862745098039	Serratula	0.050980392156862744	Carduus	0.027450980392156862	Centaurea	0.023529411764705882
Melganzenvoet_bloeiwijze_Chenopodium_album.jpg	Chenopodium	Chenopodium	0.4392156862745098	Atriplex	0.37254901960784315	Poa	0.03137254901960784	Lepidium	0.00784313725490196	Lathyrus	0.00392156862745098
Chenopodium_opulifolium_sl90.jpg	Chenopodium	Chenopodium	0.9803921568627451	Moricandia	0.00392156862745098	Atriplex	0.00392156862745098	Cerastium	0.0	Theligonum	0.0
Chondrilla_juncea2.jpg	Chondrilla	Chondrilla	0.615686274509804	Polygonum	0.11764705882352941	Cichorium	0.027450980392156862	Foeniculum	0.023529411764705882	Hieracium	0.011764705882352941
ChrozophoraTinctoria.JPG	Chrozophora	Chrozophora	0.996078431372549	Heliotropium	0.00392156862745098	Cerastium	0.0	Theligonum	0.0	Arctotheca	0.0
Chryso_opp_NN_RT_2.JPG	Chrysosplenium	Chrysosplenium	0.42745098039215684	Euphorbia	0.30980392156862746	Cruciata	0.011764705882352941	Trifolium	0.00392156862745098	Stellaria	0.00392156862745098
Cicendia_filiformis_%28detail%29.jpg	Cicendia	Cicendia	0.9647058823529412	Centaurium	0.027450980392156862	Arnoseris	0.00392156862745098	Cerastium	0.0	Theligonum	0.0
Cirsium_arvense_with_Bees_Richard_Bartz.jpg	Cirsium	Cirsium	0.7098039215686274	Onopordum	0.054901960784313725	Mantisalca	0.03529411764705882	Daucus	0.01568627450980392	Phagnalon	0.01568627450980392
Cirsium_palustre_inflorescence_-_Niitv%C3%A4lja.jpg	Cirsium	Cirsium	0.5686274509803921	Serratula	0.12549019607843137	Centaurea	0.054901960784313725	Mantisalca	0.023529411764705882	Carduus	0.01568627450980392
20160729Cirsium_vulgare5.jpg	Cirsium	Klasea	0.2784313725490196	Dipsacus	0.043137254901960784	Phagnalon	0.0392156862745098	Centaurea	0.03137254901960784	Silybum	0.03137254901960784
CistanchePhelypaea.jpg	Cistanche	Cistanche	0.8941176470588236	Orobanche	0.0392156862745098	Neottia	0.0196078431372549	Linaria	0.00392156862745098	Cerastium	0.0
CISTUS_ALBIDUS_-_AGUDA_-_IB-614_%28Estepa_blanca%29.JPG	Cistus	Cistus	0.4745098039215686	Frankenia	0.45098039215686275	Helianthemum	0.050980392156862744	Spergularia	0.00784313725490196	Fagonia	0.00392156862745098
Cistus_May_2014-11.jpg	Cistus	Cistus	0.9058823529411764	Solanum	0.00784313725490196	Helianthemum	0.00784313725490196	Baldellia	0.00784313725490196	Lythrum	0.00784313725490196
Cistus_April_2017-2.jpg	Cistus	Cistus	0.9607843137254901	Halimium	0.00392156862745098	Cerastium	0.0	Theligonum	0.0	Arctotheca	0.0
Cistus_laurifolius2LEST.jpg	Cistus	Cistus	0.788235294117647	Rosa	0.023529411764705882	Helianthemum	0.011764705882352941	Narcissus	0.011764705882352941	Viola	0.00392156862745098
Cistus_May_2014-3.jpg	Cistus	Cistus	0.6000000000000001	Rosa	0.043137254901960784	Helianthemum	0.01568627450980392	Convolvulus	0.01568627450980392	Ranunculus	0.00784313725490196
Cistus_May_2014-7.jpg	Cistus	Cistus	0.5686274509803922	Halimium	0.0392156862745098	Convolvulus	0.027450980392156862	Arenaria	0.0196078431372549	Helianthemum	0.01568627450980392
Cistus_April_2008-1.jpg	Cistus	Cistus	0.7490196078431373	Teucrium	0.01568627450980392	Phlomis	0.01568627450980392	Ballota	0.011764705882352941	Salvia	0.00784313725490196
Cladium_mariscus.jpeg	Cladium	Juncus	0.5333333333333333	Luzula	0.2313725490196078	Cladium	0.09803921568627451	Spiraea	0.03529411764705882	Cyperus	0.00784313725490196
Clematis_cirrhosa_Bl%C3%BCte.JPG	Clematis	Clematis	0.7686274509803922	Lonicera	0.023529411764705882	Erophaca	0.0196078431372549	Prunella	0.01568627450980392	Bidens	0.01568627450980392
Clematis_flamula_flor.jpg	Clematis	Clematis	1.0	Cerastium	0.0	Theligonum	0.0	Arctotheca	0.0	Lathyrus	0.0
Clematis-vitalba-Waldrebe%28Samenstand%29.jpg	Clematis	Nerium	0.21568627450980393	Clematis	0.15294117647058825	Scorzonera	0.10588235294117647	Staehelina	0.08235294117647059	Tragopogon	0.07058823529411765
Cleome_%28Spider_Flower%29_in_Gavi.jpg	Cleome	Allium	0.392156862745098	Trifolium	0.03137254901960784	Erica	0.027450980392156862	Euphorbia	0.0196078431372549	Galega	0.01568627450980392
Cleonia_lusitanica_EnfoquedeFrente_2010-6-15_DehesaBoyaldePuertollano.jpg	Cleonia	Cleonia	0.8392156862745098	Althaea	0.023529411764705882	Echium	0.0196078431372549	Misopates	0.00784313725490196	Sideritis	0.00784313725490196
Clinopodium_vulgare_inflorescence.jpg	Clinopodium	Clinopodium	0.5176470588235295	Prunella	0.058823529411764705	Galeopsis	0.027450980392156862	Thymus	0.011764705882352941	Teucrium	0.00784313725490196
Cochlearia_danica_Crozon_060416w.jpg	Cochlearia	Cochlearia	0.7294117647058823	Sedum	0.08627450980392157	Iberis	0.023529411764705882	Fagonia	0.01568627450980392	Cardamine	0.00784313725490196
Colchicum_lusitanum.jpg	Colchicum	Colchicum	0.5450980392156862	Crocus	0.3803921568627451	Allium	0.00392156862745098	Astragalus	0.00392156862745098	Ornithogalum	0.00392156862745098
Asteraceae_-_Coleostephus_myconis-3.JPG	Coleostephus	Coleostephus	0.8156862745098039	Calendula	0.09019607843137255	Hypecoum	0.011764705882352941	Anacyclus	0.011764705882352941	Tordylium	0.00392156862745098
Songe-R%C3%A9union.JPG	Colocasia	Colocasia	0.403921568627451	Ricinus	0.10980392156862745	Eryngium	0.043137254901960784	Cynanchum	0.043137254901960784	Datura	0.027450980392156862
Conium.jpg	Conium	Daphne	0.5764705882352941	Senecio	0.043137254901960784	Erucastrum	0.023529411764705882	Erica	0.0196078431372549	Serratula	0.0196078431372549
Convolvulus_althaeoides01.jpg	Convolvulus	Convolvulus	0.7607843137254902	Ipomoea	0.09019607843137255	Calystegia	0.047058823529411764	Malva	0.0196078431372549	Polypodium	0.00392156862745098
Bindweed_%28Convolvulus_Arvensis%29_%283105112704%29.jpg	Convolvulus	Convolvulus	0.5529411764705883	Calystegia	0.3215686274509804	Oenothera	0.00784313725490196	Cerastium	0.0	Theligonum	0.0
Convolvulus_lineatus_1.JPG	Convolvulus	Convolvulus	0.9607843137254902	Cerastium	0.0	Theligonum	0.0	Arctotheca	0.0	Lathyrus	0.0
Convolvulus_siculus.JPG	Convolvulus	Convolvulus	0.4313725490196078	Spergularia	0.058823529411764705	Antirrhinum	0.050980392156862744	Viola	0.043137254901960784	Crocus	0.03529411764705882
Corema_album_berries.jpg	Corema	Corema	0.5019607843137255	Erica	0.0392156862745098	Chamaemelum	0.0196078431372549	Juniperus	0.01568627450980392	Wolffia	0.011764705882352941
Coronilla_minima8.jpg	Coronilla	Medicago	0.5607843137254902	Stauracanthus	0.12156862745098039	Coronilla	0.047058823529411764	Crithmum	0.043137254901960784	Haplophyllum	0.03529411764705882
Coronilla_minima_2.JPG	Coronilla	Coronilla	0.2784313725490196	Kundmannia	0.12156862745098039	Rorippa	0.11372549019607843	Foeniculum	0.10980392156862745	Lotus	0.10980392156862745
Coronilla_scorpioides_kz02.jpg	Coronilla	Coronilla	0.7568627450980392	Lathyrus	0.23137254901960785	Linaria	0.00392156862745098	Cerastium	0.0	Theligonum	0.0
Corrigiola_littoralis_1.jpg	Corrigiola	Corrigiola	0.996078431372549	Cerastium	0.0	Theligonum	0.0	Arctotheca	0.0	Lathyrus	0.0
CorrigiolaLitoralis1.jpg	Corrigiola	Corrigiola	0.596078431372549	Spergularia	0.050980392156862744	Cakile	0.050980392156862744	Polygonum	0.0392156862745098	Lepidium	0.023529411764705882
Herbe_Pampa_FR_2008.jpg	Cortaderia	Cortaderia	0.7529411764705882	Polypogon	0.050980392156862744	Ammophila	0.011764705882352941	Trifolium	0.00784313725490196	Melica	0.00784313725490196
Corydalis_cava_a1.jpg	Corydalis	Corydalis	0.9254901960784314	Physospermum	0.01568627450980392	Fumaria	0.01568627450980392	Lathyrus	0.00784313725490196	Anemone	0.00392156862745098
Silbergras2.jpg	Corynephorus	Corynephorus	0.9803921568627451	Ammophila	0.00784313725490196	Armeria	0.00392156862745098	Cerastium	0.0	Theligonum	0.0
Cosentinia_vellea_kz02.jpg	Cosentinia	Cosentinia	0.7411764705882353	Alyssum	0.03137254901960784	Asplenium	0.011764705882352941	Sedum	0.00784313725490196	Hypericum	0.00784313725490196
Cotula_australis.jpg	Cotula	Ranunculus	0.2588235294117647	Cotula	0.23529411764705882	Scorpiurus	0.13333333333333333	Allium	0.09411764705882353	Arbutus	0.050980392156862744
Crambe_Maritima_Estonia.jpg	Crambe	Glaucium	0.17254901960784313	Eryngium	0.14901960784313725	Brassica	0.047058823529411764	Hyoscyamus	0.03137254901960784	Andryala	0.027450980392156862
Crassula_tillaea.jpg	Crassula	Crassula	0.9215686274509803	Sedum	0.03529411764705882	Mesembryanthemum	0.00784313725490196	Illecebrum	0.00392156862745098	Cerastium	0.0
Common_hawthorn.jpg	Crataegus	Olea	0.8313725490196079	Salix	0.07450980392156863	Erica	0.00784313725490196	Cytisus	0.00784313725490196	Prunus	0.00784313725490196
Crepis_capillaris_2005.07.10_09.09.34.jpg	Crepis	Barbarea	0.2705882352941177	Crepis	0.09803921568627451	Valerianella	0.0784313725490196	Hieracium	0.050980392156862744	Verbena	0.050980392156862744
Crepis_foetida_1.jpg	Crepis	Crepis	0.1764705882352941	Hieracium	0.14901960784313725	Calendula	0.11372549019607843	Leontodon	0.10588235294117647	Senecio	0.06274509803921569
Crepis_taraxacifolia.jpg	Crepis	Reichardia	0.2549019607843137	Pulicaria	0.10588235294117647	Sonchus	0.08235294117647059	Senecio	0.06274509803921569	Crepis	0.058823529411764705
Perce-pierre.jpg	Crithmum	Crithmum	0.4196078431372549	Sagina	0.23529411764705882	Spergularia	0.08235294117647059	Lepidium	0.03137254901960784	Silene	0.023529411764705882
Crocus_carpetanus_in_Castro_Laboreiro_10.jpg	Crocus	Crocus	0.6901960784313725	Romulea	0.09803921568627451	Iris	0.06666666666666667	Aphyllanthes	0.0196078431372549	Narcissus	0.011764705882352941
Flor_del_azafran_de_la_sierra_de_Gibalto.jpg	Crocus	Crocus	0.8313725490196079	Colchicum	0.06274509803921569	Cerastium	0.0	Theligonum	0.0	Arctotheca	0.0
Cruciata_glabra_kz04.jpg	Cruciata	Cruciata	0.9803921568627452	Veronica	0.00392156862745098	Valantia	0.00392156862745098	Honckenya	0.00392156862745098	Cerastium	0.0
%28MHNT%29_Cruciata_laevipes_-_Inflorescence.jpg	Cruciata	Cruciata	0.9254901960784314	Smyrnium	0.050980392156862744	Euphorbia	0.00392156862745098	Salvia	0.00392156862745098	Thelypteris	0.00392156862745098
Cruciata_pedemontana_RF.jpg	Cruciata	Cruciata	0.8627450980392156	Galium	0.06274509803921569	Veronica	0.0196078431372549	Valantia	0.01568627450980392	Stachys	0.011764705882352941
Crupina_vulgaris_3.jpg	Crupina	Crupina	0.4117647058823529	Hypericum	0.054901960784313725	Serratula	0.050980392156862744	Juncus	0.03529411764705882	Carduus	0.023529411764705882
Cryptogramma_crispa.jpg	Cryptogramma	Cryptogramma	1.0	Cerastium	0.0	Theligonum	0.0	Arctotheca	0.0	Lathyrus	0.0
Cuscuta_epithymum1.jpg	Cuscuta	Cuscuta	0.7686274509803922	Salsola	0.058823529411764705	Rumex	0.0392156862745098	Lythrum	0.011764705882352941	Smilax	0.011764705882352941
Ivy-leaved_Toadflax.JPG	Cymbalaria	Cymbalaria	0.9019607843137255	Oxalis	0.01568627450980392	Cochlearia	0.00784313725490196	Theligonum	0.00392156862745098	Euphorbia	0.00392156862745098
Cymodocea_nodosa.jpg	Cymodocea	Cymodocea	0.23137254901960785	Bromus	0.12549019607843137	Cyperus	0.07450980392156863	Eleocharis	0.07058823529411765	Carex	0.047058823529411764
C._acutum-3.jpg	Cynanchum	Cynanchum	0.996078431372549	Cerastium	0.0	Theligonum	0.0	Arctotheca	0.0	Lathyrus	0.0
Costa_Vicentina_4.jpg	Cynara	Cynara	0.4392156862745098	Onopordum	0.34509803921568627	Notobasis	0.06274509803921569	Silybum	0.06274509803921569	Centaurea	0.0196078431372549
Cynara_humilis_%2814225491129%29.jpg	Cynara	Cynara	0.6274509803921569	Carduus	0.047058823529411764	Tamarix	0.023529411764705882	Polystichum	0.01568627450980392	Reseda	0.01568627450980392
Cynodon_dactylon_2.jpg	Cynodon	Armeria	0.15294117647058825	Ferula	0.12156862745098039	Holcus	0.09803921568627451	Parapholis	0.09803921568627451	Asplenium	0.08627450980392157
CynoglossumOfficinale-bloem-kl.jpg	Cynoglossum	Cynoglossum	0.4588235294117647	Nonea	0.09411764705882353	Anchusa	0.027450980392156862	Hyoscyamus	0.01568627450980392	Digitalis	0.01568627450980392
4445-Cynoglossum_creticum-5.06.jpg	Cynoglossum	Cynoglossum	0.9137254901960784	Veronica	0.00392156862745098	Echium	0.00392156862745098	Chaenorhinum	0.00392156862745098	Cerastium	0.0
Cynomorium_coccineum_2.jpg	Cynomorium	Cynomorium	0.8196078431372549	Aristolochia	0.03529411764705882	Lavandula	0.0196078431372549	Allium	0.011764705882352941	Serapias	0.011764705882352941
Kamgras_%28Cynosurus_cristatus%29.jpg	Cynosurus	Armeria	0.17647058823529413	Pancratium	0.1568627450980392	Alopecurus	0.054901960784313725	Digitaria	0.050980392156862744	Setaria	0.043137254901960784
Cynosurus_echinatus.jpg	Cynosurus	Cynosurus	0.5686274509803921	Anthoxanthum	0.08235294117647059	Sparganium	0.050980392156862744	Dipsacus	0.023529411764705882	Trifolium	0.0196078431372549
Cyperus_capitatus_Sousse_2009.jpg	Cyperus	Cyperus	0.9411764705882353	Cynara	0.00392156862745098	Cerastium	0.0	Theligonum	0.0	Arctotheca	0.0
Cyperus_eragrostis_goldengatepark.jpg	Cyperus	Cyperus	0.6196078431372548	Allium	0.1411764705882353	Peucedanum	0.027450980392156862	Juncus	0.023529411764705882	Sanicula	0.01568627450980392
Cyperus_Fuscus_crop.jpg	Cyperus	Cyperus	0.9607843137254902	Bolboschoenus	0.00784313725490196	Sparganium	0.00392156862745098	Isolepis	0.00392156862745098	Cerastium	0.0
Nutgrass_Cyperus_rotundus02.jpg	Cyperus	Cyperus	0.9333333333333333	Luzula	0.0196078431372549	Bolboschoenus	0.00392156862745098	Nothoscordum	0.00392156862745098	Bunium	0.00392156862745098
Cystopteris_fragilis_3.jpg	Cystopteris	Anogramma	0.6588235294117647	Cystopteris	0.1411764705882353	Davallia	0.06274509803921569	Asplenium	0.03137254901960784	Cryptogramma	0.01568627450980392
Cytinus_hypocistis.jpg	Cytinus	Cytinus	0.984313725490196	Carpobrotus	0.00392156862745098	Cerastium	0.0	Theligonum	0.0	Arctotheca	0.0
Cytinus_ruber_%28flowers%29.jpg	Cytinus	Cytinus	0.8313725490196079	Crataegus	0.00784313725490196	Lobularia	0.00784313725490196	Corrigiola	0.00392156862745098	Cerastium	0.0
Cytisus_multiflorus.jpg	Cytisus	Adenocarpus	0.3058823529411765	Genista	0.2235294117647059	Ulmus	0.08627450980392157	Odontites	0.054901960784313725	Cytisus	0.043137254901960784
Cytisus_oromediterraneus_2601.jpg	Cytisus	Cytisus	0.9725490196078431	Genista	0.011764705882352941	Calicotome	0.00784313725490196	Cerastium	0.0	Theligonum	0.0
Cytisus_scoparius_by_Danny_S._-_001.JPG	Cytisus	Cytisus	0.9215686274509804	Genista	0.058823529411764705	Calicotome	0.00392156862745098	Adenocarpus	0.00392156862745098	Cerastium	0.0
Cytisus_striatus_2.jpg	Cytisus	Cytisus	0.4196078431372549	Genista	0.29411764705882354	Spartium	0.16470588235294117	Retama	0.058823529411764705	Peucedanum	0.0196078431372549
Daboecia_cantabrica1373917974.jpg	Daboecia	Daboecia	0.8941176470588236	Erica	0.0196078431372549	Digitalis	0.01568627450980392	Lamium	0.00784313725490196	Cerastium	0.0
Dactylis_glomerata_Habitus_Valderrepisa_2012-5-31_SierraMadrona.jpg	Dactylis	Dactylis	0.33725490196078434	Poa	0.2392156862745098	Holcus	0.13725490196078433	Polypogon	0.07450980392156863	Milium	0.03529411764705882
Dactylorhiza_fuchsii_Mariazell_01.JPG	Dactylorhiza	Dactylorhiza	0.47058823529411764	Orchis	0.3176470588235294	Neotinea	0.03137254901960784	Gymnadenia	0.0196078431372549	Armeria	0.00392156862745098
Dactylorhiza_insularis_Orchi_014.jpg	Dactylorhiza	Dactylorhiza	0.7333333333333333	Orchis	0.2	Galium	0.00392156862745098	Gomphocarpus	0.00392156862745098	Ligustrum	0.00392156862745098
Dactylorhiza_maculata_LC0232.jpg	Dactylorhiza	Anacamptis	0.9372549019607843	Dactylorhiza	0.027450980392156862	Stachys	0.00392156862745098	Phytolacca	0.00392156862745098	Digitalis	0.00392156862745098
Danthonia_decumbens_horst.jpeg	Danthonia	Danthonia	0.5568627450980392	Carex	0.3372549019607843	Deschampsia	0.027450980392156862	Juncus	0.023529411764705882	Gentiana	0.00392156862745098
Daphne_gnidium3.jpg	Daphne	Daphne	0.8313725490196079	Ligustrum	0.0392156862745098	Pittosporum	0.027450980392156862	Acacia	0.00392156862745098	Galium	0.00392156862745098
Daphne_laureola_8703.jpg	Daphne	Daphne	0.6823529411764706	Honckenya	0.023529411764705882	Iris	0.01568627450980392	Mercurialis	0.01568627450980392	Theligonum	0.011764705882352941
Datura_stramonium_2_%282005_07_07%29.jpg	Datura	Datura	0.5843137254901961	Quercus	0.07058823529411765	Calystegia	0.043137254901960784	Platanus	0.043137254901960784	Ipomoea	0.027450980392156862
Daucus_carota_May_2008-1_edit.jpg	Daucus	Daucus	0.8862745098039216	Ammi	0.10196078431372549	Tolpis	0.00784313725490196	Oenanthe	0.00392156862745098	Peucedanum	0.00392156862745098
Daucus_carota0.jpg	Daucus	Daucus	0.9764705882352941	Cerastium	0.0	Theligonum	0.0	Arctotheca	0.0	Lathyrus	0.0
Davallia_canariensis_1_ies.jpg	Davallia	Dryopteris	0.6509803921568627	Davallia	0.23921568627450981	Asplenium	0.0392156862745098	Cystopteris	0.00784313725490196	Polystichum	0.00392156862745098
Aconitum_variegatum_110807f.jpg	Delphinium	Aconitum	0.7215686274509804	Vicia	0.14901960784313725	Lathyrus	0.011764705882352941	Linaria	0.011764705882352941	Iris	0.011764705882352941
DeschampsiaCesp.jpg	Deschampsia	Stipa	0.5490196078431373	Deschampsia	0.27058823529411763	Juncus	0.047058823529411764	Agrostis	0.0392156862745098	Bromus	0.01568627450980392
%28MHNT%29_Dianthus_armeria_-_Plant_habit.jpg	Dianthus	Sagina	0.47058823529411764	Epilobium	0.23137254901960785	Gladiolus	0.20392156862745098	Lepidium	0.0196078431372549	Petrorhagia	0.011764705882352941
Dianthus_broteri.jpg	Dianthus	Dianthus	0.807843137254902	Notobasis	0.03137254901960784	Centaurea	0.00784313725490196	Poa	0.00784313725490196	Cynara	0.00784313725490196
Dianthus_caryophyllus_L_%28Clove_pink%29.JPG	Dianthus	Dianthus	0.9921568627450981	Cerastium	0.0	Theligonum	0.0	Arctotheca	0.0	Lathyrus	0.0
Clavellina_de_rocas_-_Dianthus_lusitanus_%2814563902177%29.jpg	Dianthus	Dianthus	0.8941176470588236	Centaurea	0.03529411764705882	Xeranthemum	0.00784313725490196	Allium	0.00392156862745098	Colchicum	0.00392156862745098
Digitalis_purpurea_LC0101.jpg	Digitalis	Digitalis	0.9725490196078431	Lythrum	0.00784313725490196	Cerastium	0.0	Theligonum	0.0	Arctotheca	0.0
Digitalis_thapsi_01.JPG	Digitalis	Digitalis	0.807843137254902	Antirrhinum	0.00784313725490196	Vicia	0.00392156862745098	Convolvulus	0.00392156862745098	Daboecia	0.00392156862745098
Harig_vingergras_plant_%28Digitaria_sanguinalis%29.jpg	Digitaria	Digitaria	0.49019607843137253	Agrostis	0.21176470588235294	Setaria	0.054901960784313725	Eragrostis	0.047058823529411764	Alopecurus	0.0392156862745098
Dipcadi_serotinum-IMG_4331.jpg	Dipcadi	Dipcadi	0.9882352941176471	Cerastium	0.0	Theligonum	0.0	Arctotheca	0.0	Lathyrus	0.0
Kleine_zandkool_R0013711.JPG	Diplotaxis	Hirschfeldia	0.2	Haplophyllum	0.2	Medicago	0.1843137254901961	Bunias	0.17647058823529413	Ranunculus	0.0392156862745098
Dipsacus_fullonum1.jpg	Dipsacus	Dipsacus	0.8352941176470589	Helichrysum	0.12549019607843137	Pulicaria	0.011764705882352941	Erigeron	0.00784313725490196	Andryala	0.00392156862745098
Pigface_Disphyma_crassifolium_%288274152316%29.jpg	Disphyma	Disphyma	0.3568627450980392	Centaurea	0.20784313725490197	Thymbra	0.0784313725490196	Pistorinia	0.06666666666666667	Sedum	0.047058823529411764
Dittrichia_graveolens_Habitus_20September2009_DehesaBoyaldePuertollano.jpg	Dittrichia	Dittrichia	0.7999999999999999	Scrophularia	0.1843137254901961	Cytisus	0.00392156862745098	Cerastium	0.0	Theligonum	0.0
Dittrichia_viscosa_InflorescencesCloseup2_27September2009_DehesaBoyaldePuertollano.jpg	Dittrichia	Dittrichia	0.9333333333333333	Helichrysum	0.0196078431372549	Ajuga	0.00392156862745098	Plantago	0.00392156862745098	Pulicaria	0.00392156862745098
Doronicum_plantagineum_StG_040418B.jpg	Doronicum	Doronicum	0.4392156862745098	Arctotheca	0.08235294117647059	Hieracium	0.050980392156862744	Senecio	0.0392156862745098	Leontodon	0.023529411764705882
Drosanthemum_candens.jpg	Drosanthemum	Drosanthemum	0.8352941176470589	Mesembryanthemum	0.0784313725490196	Disphyma	0.054901960784313725	Centaurea	0.00392156862745098	Thymbra	0.00392156862745098
Drosera_intermedia_ne1.jpg	Drosera	Drosera	0.8980392156862745	Drosophyllum	0.011764705882352941	Teesdalia	0.00392156862745098	Thapsia	0.00392156862745098	Peucedanum	0.00392156862745098
Drosera-rotundifolia.jpg	Drosera	Drosera	0.8745098039215686	Oenanthe	0.0196078431372549	Trifolium	0.00784313725490196	Scorpiurus	0.00784313725490196	Xanthium	0.00784313725490196
Drosophyllum_lusitanicum_a.JPG	Drosophyllum	Drosophyllum	0.984313725490196	Onosma	0.00392156862745098	Cerastium	0.0	Theligonum	0.0	Arctotheca	0.0
Dryopteris_affinis0.jpg	Dryopteris	Dryopteris	0.45882352941176463	Woodwardia	0.2980392156862745	Pteridium	0.027450980392156862	Polystichum	0.01568627450980392	Polypodium	0.00784313725490196
Dryopteris_carthusiana1.jpg	Dryopteris	Dryopteris	0.22745098039215686	Athyrium	0.13725490196078433	Pteridium	0.07450980392156863	Polystichum	0.047058823529411764	Woodwardia	0.03137254901960784
Dryopteris_dilatata_im_weissen_moor2.jpg	Dryopteris	Dryopteris	0.7686274509803922	Athyrium	0.0784313725490196	Pteridium	0.023529411764705882	Polypodium	0.01568627450980392	Davallia	0.011764705882352941
Dryopteris_expansa.jpg	Dryopteris	Pteridium	0.38823529411764707	Dryopteris	0.20392156862745098	Athyrium	0.050980392156862744	Thelypteris	0.0196078431372549	Woodwardia	0.0196078431372549
Ecballium_elaterium1.jpg	Ecballium	Ecballium	0.6431372549019608	Solanum	0.011764705882352941	Platanus	0.011764705882352941	Echium	0.00784313725490196	Kickxia	0.00784313725490196
Echinochloa_crus-galli01.jpg	Echinochloa	Echinochloa	0.3803921568627451	Hyparrhenia	0.09019607843137255	Calamagrostis	0.07450980392156863	Phragmites	0.050980392156862744	Holcus	0.047058823529411764
Echinospartum_horridum_1.JPG	Echinospartum	Echinospartum	0.615686274509804	Astragalus	0.08235294117647059	Ononis	0.06274509803921569	Rumex	0.0392156862745098	Cistus	0.01568627450980392
KM16EchiumBoissieri.jpg	Echium	Cynosurus	0.23921568627450981	Gymnadenia	0.10588235294117647	Orobanche	0.07450980392156863	Equisetum	0.0392156862745098	Epipactis	0.027450980392156862
Viperine_crete.jpg	Echium	Echium	0.9490196078431372	Vicia	0.00784313725490196	Serapias	0.00784313725490196	Trifolium	0.00392156862745098	Papaver	0.00392156862745098
Echium_April_2010-2.jpg	Echium	Echium	0.4666666666666667	Pulmonaria	0.11372549019607843	Centaurea	0.09019607843137255	Alkanna	0.09019607843137255	Anchusa	0.0784313725490196
Echium_vulgare_L.jpg	Echium	Echium	0.7411764705882353	Pulmonaria	0.03529411764705882	Veronica	0.011764705882352941	Ajuga	0.011764705882352941	Anchusa	0.011764705882352941
False_daisy_or_bhringraj_%28Eclipta_prostrata%29_flower.jpg	Eclipta	Eclipta	0.4666666666666667	Centaurea	0.023529411764705882	Amaranthus	0.00784313725490196	Buglossoides	0.00784313725490196	Echium	0.00784313725490196
Eichhornia_crassipes_C.jpg	Eichhornia	Eichhornia	0.41568627450980394	Rhododendron	0.12941176470588237	Iris	0.043137254901960784	Agapanthus	0.023529411764705882	Hyacinthoides	0.01568627450980392
Korina_2012-05-15_Elaeagnus_angustifolia_1.jpg	Elaeagnus	Quercus	0.27058823529411763	Salix	0.1803921568627451	Retama	0.13333333333333333	Olea	0.09411764705882353	Rosa	0.047058823529411764
Eleocharis_acicularis.jpeg	Eleocharis	Eleocharis	0.9529411764705883	Carex	0.01568627450980392	Trichophorum	0.00784313725490196	Schoenus	0.00392156862745098	Cerastium	0.0
EleocharisPalustrisAspekt.jpg	Eleocharis	Eleocharis	0.7490196078431373	Schoenoplectus	0.09803921568627451	Typha	0.06274509803921569	Polypogon	0.00392156862745098	Hypericum	0.00392156862745098
Eleocharis_uniglumis.jpeg	Eleocharis	Eleocharis	0.988235294117647	Carex	0.00392156862745098	Alopecurus	0.00392156862745098	Cerastium	0.0	Theligonum	0.0
Kweek_Elytrigia_repens.jpg	Elymus	Bromus	0.23529411764705882	Setaria	0.23137254901960785	Elymus	0.16862745098039217	Echinochloa	0.047058823529411764	Alopecurus	0.0392156862745098
Ephedra_fragilis_3.JPG	Ephedra	Ephedra	0.0784313725490196	Pinus	0.0392156862745098	Juncus	0.03529411764705882	Hypericum	0.01568627450980392	Centranthus	0.01568627450980392
Epilobiumbrachycarpum.jpg	Epilobium	Epilobium	0.792156862745098	Petrorhagia	0.0196078431372549	Malva	0.011764705882352941	Delphinium	0.00392156862745098	Diplotaxis	0.00392156862745098
Epilobium_hirsutum_jfg.jpg	Epilobium	Epilobium	0.9490196078431372	Mirabilis	0.00784313725490196	Erica	0.00392156862745098	Hydrangea	0.00392156862745098	Nerium	0.00392156862745098
Epilobium_lanceolatum_2005.07.11_11.02.32.jpg	Epilobium	Epilobium	0.3490196078431373	Senecio	0.18823529411764706	Beta	0.09411764705882353	Barbarea	0.08235294117647059	Amaranthus	0.027450980392156862
Epilobium_hirsutum_04_ies.jpg	Epilobium	Epilobium	0.6235294117647059	Matthiola	0.11764705882352941	Agrostemma	0.027450980392156862	Nerium	0.027450980392156862	Phlomis	0.01568627450980392
Epilobium_palustre_bluete.jpeg	Epilobium	Epilobium	0.780392156862745	Petrorhagia	0.1607843137254902	Geranium	0.00784313725490196	Butomus	0.00392156862745098	Cerastium	0.0
Epilobium_parviflorum_kz04.jpg	Epilobium	Epilobium	0.6392156862745098	Valeriana	0.21568627450980393	Stellaria	0.0196078431372549	Veronica	0.00784313725490196	Thlaspi	0.00784313725490196
Epilobium_tetragonum_flower%2C_kantige_basterdwederik_bloem.jpg	Epilobium	Epilobium	0.8862745098039215	Veronica	0.023529411764705882	Geranium	0.023529411764705882	Lythrum	0.00392156862745098	Legousia	0.00392156862745098
Epipactis_helleborine_flowers1_220703.jpg	Epipactis	Epipactis	0.7450980392156863	Erica	0.058823529411764705	Cynosurus	0.011764705882352941	Veratrum	0.011764705882352941	Neotinea	0.00784313725490196
Epipactis_termolsii_Habitus_2011-5-22_SierraMadrona.jpg	Epipactis	Epipactis	0.9333333333333333	Gennaria	0.047058823529411764	Antirrhinum	0.00784313725490196	Cerastium	0.0	Theligonum	0.0
Equisetum_arvense_foliage.jpg	Equisetum	Myriophyllum	0.9019607843137255	Equisetum	0.03137254901960784	Daphne	0.0196078431372549	Cytisus	0.00784313725490196	Hordeum	0.00784313725490196
Equisetum_palustre_detail.jpeg	Equisetum	Equisetum	1.0	Cerastium	0.0	Theligonum	0.0	Arctotheca	0.0	Lathyrus	0.0
Starr_020124-8001_Eragrostis_cilianensis.jpg	Eragrostis	Poa	0.2	Eragrostis	0.14509803921568626	Spergularia	0.08235294117647059	Glyceria	0.0784313725490196	Catapodium	0.06666666666666667
Eragrostis_pilosa_1.jpg	Eragrostis	Deschampsia	0.7803921568627451	Stipa	0.050980392156862744	Hyparrhenia	0.050980392156862744	Eragrostis	0.027450980392156862	Agrostis	0.00392156862745098
Erica_arborea_JPG1.jpg	Erica	Erica	0.8980392156862745	Thymus	0.023529411764705882	Valeriana	0.011764705882352941	Calluna	0.00392156862745098	Artemisia	0.00392156862745098
Erica_australis.JPG	Erica	Erica	0.796078431372549	Calluna	0.09411764705882353	Lythrum	0.03529411764705882	Vicia	0.00392156862745098	Cerastium	0.0
Erica_ciliaris.jpg	Erica	Erica	0.9647058823529412	Lythrum	0.00392156862745098	Cerastium	0.0	Theligonum	0.0	Arctotheca	0.0
Bell_Heather_-_geograph.org.uk_-_493968.jpg	Erica	Erica	0.584313725490196	Daboecia	0.3411764705882353	Matthiola	0.03137254901960784	Linaria	0.00392156862745098	Cerastium	0.0
Erica_erigena_2c.JPG	Erica	Erica	0.8549019607843138	Calluna	0.06666666666666667	Prunus	0.00784313725490196	Mentha	0.00392156862745098	Thymus	0.00392156862745098
Ericalusitanica.jpg	Erica	Erica	0.8627450980392156	Calluna	0.09019607843137255	Tamarix	0.00784313725490196	Cerastium	0.0	Theligonum	0.0
Erica_scoparia.jpg	Erica	Erica	0.2627450980392157	Flueggea	0.19215686274509805	Arbutus	0.17254901960784313	Myrica	0.07450980392156863	Pinus	0.058823529411764705
EricaTetralix.jpg	Erica	Erica	0.9254901960784314	Daboecia	0.011764705882352941	Teucrium	0.00392156862745098	Carduus	0.00392156862745098	Thymbra	0.00392156862745098
Erica_umbellata._Queiruega.jpg	Erica	Erica	0.7607843137254902	Lunaria	0.03529411764705882	Danthonia	0.01568627450980392	Oxalis	0.00784313725490196	Rumex	0.00392156862745098
Erigeron_acre0.jpg	Erigeron	Erigeron	0.8784313725490196	Centaurea	0.011764705882352941	Urospermum	0.011764705882352941	Reichardia	0.00784313725490196	Globularia	0.00784313725490196
Erigeron_karvinskianus_-_blossom_top_%28aka%29.jpg	Erigeron	Erigeron	0.6039215686274509	Bellis	0.32156862745098036	Leucanthemum	0.023529411764705882	Pulicaria	0.00392156862745098	Doronicum	0.00392156862745098
Eriophorum_angustifolium_upernavik_2007-08-01_1.jpg	Eriophorum	Eriophorum	0.788235294117647	Lagurus	0.03137254901960784	Scorzonera	0.027450980392156862	Hyacinthoides	0.00784313725490196	Cirsium	0.00784313725490196
Erodium_acaule_1.JPG	Erodium	Spergularia	0.4392156862745098	Erodium	0.16862745098039214	Fagonia	0.058823529411764705	Geranium	0.0196078431372549	Asplenium	0.011764705882352941
Erodium_botrys_2004-04-07.jpg	Erodium	Erodium	0.7843137254901961	Geranium	0.0196078431372549	Romulea	0.00784313725490196	Solanum	0.00392156862745098	Lythrum	0.00392156862745098
Erodium_chium_%288816168606%29.jpg	Erodium	Erodium	0.9372549019607843	Geranium	0.01568627450980392	Spergularia	0.00392156862745098	Cerastium	0.0	Theligonum	0.0
Erodium_January_2008-2.jpg	Erodium	Erodium	0.9137254901960784	Spergularia	0.01568627450980392	Lunaria	0.00392156862745098	Lythrum	0.00392156862745098	Dianthus	0.00392156862745098
Astragalus_lusitanicus_056b.JPG	Erophaca	Erophaca	0.4980392156862745	Astragalus	0.03137254901960784	Paraserianthes	0.0196078431372549	Robinia	0.0196078431372549	Trifolium	0.011764705882352941
Eruca_vesicaria_re.jpg	Eruca	Eruca	0.8196078431372549	Raphanus	0.03137254901960784	Scorzonera	0.023529411764705882	Teucrium	0.011764705882352941	Lamium	0.011764705882352941
Eryngium_campestre_310705b.jpg	Eryngium	Eryngium	0.6627450980392156	Carex	0.027450980392156862	Setaria	0.023529411764705882	Mentha	0.00784313725490196	Scolymus	0.00784313725490196
Eryngium_pandanifolium.jpg	Eryngium	Matthiola	0.07450980392156863	Euphorbia	0.07058823529411765	Allium	0.0392156862745098	Eryngium	0.03137254901960784	Onopordum	0.03137254901960784
Erythronium_dens-canis_AT2.JPG	Erythronium	Erythronium	0.25882352941176473	Paeonia	0.054901960784313725	Butomus	0.054901960784313725	Allium	0.03529411764705882	Cephalanthera	0.03529411764705882
Kaldari_Eschscholzia_californica_01.jpg	Eschscholzia	Eschscholzia	0.7843137254901961	Hypecoum	0.03137254901960784	Papaver	0.023529411764705882	Ranunculus	0.0196078431372549	Narcissus	0.00784313725490196
700_yr_red_river_gum02.jpg	Eucalyptus	Castanea	0.23137254901960785	Prunus	0.1607843137254902	Quercus	0.11372549019607843	Robinia	0.11372549019607843	Salix	0.09411764705882353
Eucalyptus_globulus_subsp._maidenii.jpg	Eucalyptus	Pinus	0.22352941176470587	Acacia	0.11372549019607843	Salix	0.054901960784313725	Eucalyptus	0.0392156862745098	Fraxinus	0.03529411764705882
Euonymus_europaeus2.jpg	Euonymus	Euonymus	0.9490196078431372	Rumex	0.00784313725490196	Dorycnopsis	0.00784313725490196	Osyris	0.00392156862745098	Rosa	0.00392156862745098
Eupatorium_cannabinum_%28xndr%29.jpg	Eupatorium	Eupatorium	0.9137254901960784	Valeriana	0.0196078431372549	Sedum	0.00392156862745098	Trachelium	0.00392156862745098	Origanum	0.00392156862745098
Amandelwolfsmelk_Euphorbia_amygdaloides_closeup.jpg	Euphorbia	Euphorbia	0.8509803921568628	Smyrnium	0.01568627450980392	Lomelosia	0.00392156862745098	Lunaria	0.00392156862745098	Umbilicus	0.00392156862745098
Euphorbia_characias_RJB.jpg	Euphorbia	Euphorbia	0.9568627450980391	Teucrium	0.00784313725490196	Galium	0.00392156862745098	Lobularia	0.00392156862745098	Cerastium	0.0
Euphorbia_dulcis5_ies.jpg	Euphorbia	Euphorbia	0.7764705882352939	Vaccinium	0.01568627450980392	Honckenya	0.01568627450980392	Theligonum	0.00784313725490196	Hypericum	0.00784313725490196
Euphorbia_esula_-_kibe_piimalill.jpg	Euphorbia	Euphorbia	0.3294117647058823	Dittrichia	0.13725490196078433	Narthecium	0.09411764705882353	Kundmannia	0.01568627450980392	Lythrum	0.011764705882352941
Euphorbia_helioscopia2.jpg	Euphorbia	Euphorbia	0.7294117647058823	Chrysosplenium	0.00392156862745098	Lythrum	0.00392156862745098	Cerastium	0.0	Theligonum	0.0
Euphorbiaceae_-_Euphorbia_nicaeensis.JPG	Euphorbia	Euphorbia	0.8392156862745098	Osyris	0.07450980392156863	Cerastium	0.0	Theligonum	0.0	Arctotheca	0.0
Euphorbia_paniculata_Habitus_2011-4-21_SierraMadrona.jpg	Euphorbia	Euphorbia	0.9058823529411766	Aristolochia	0.00392156862745098	Linaria	0.00392156862745098	Oxalis	0.00392156862745098	Osmunda	0.00392156862745098
Euphorbia_paralias01.jpg	Euphorbia	Ajuga	0.22745098039215686	Euphorbia	0.20392156862745098	Santolina	0.050980392156862744	Cytisus	0.0392156862745098	Halimium	0.0392156862745098
E_peplus.jpg	Euphorbia	Euphorbia	0.9294117647058824	Thalictrum	0.01568627450980392	Valerianella	0.00784313725490196	Valantia	0.00784313725490196	Campanula	0.00392156862745098
Euphorbia_segetalis.001_-_Ponferrada.jpg	Euphorbia	Euphorbia	0.29803921568627445	Thymelaea	0.1607843137254902	Oxalis	0.07058823529411765	Anagyris	0.043137254901960784	Coronilla	0.03529411764705882
Euphorbia_February_2008-2.jpg	Euphorbia	Euphorbia	0.8431372549019608	Thesium	0.00392156862745098	Mesembryanthemum	0.00392156862745098	Paronychia	0.00392156862745098	Cerastium	0.0
Euphorbiaterracina.jpg	Euphorbia	Euphorbia	0.7333333333333334	Hypericum	0.06274509803921569	Thapsia	0.00392156862745098	Cerastium	0.0	Theligonum	0.0
Fagonia_cretica.jpg	Fagonia	Fagonia	0.9725490196078431	Erodium	0.00784313725490196	Spergularia	0.00392156862745098	Cerastium	0.0	Theligonum	0.0
Japanese_Buckwheat_Flower.JPG	Fagopyrum	Fagopyrum	0.6549019607843137	Trifolium	0.1843137254901961	Teesdalia	0.027450980392156862	Cynanchum	0.01568627450980392	Apium	0.00784313725490196
Fallopia_convolvulus1pl.jpg	Fallopia	Fallopia	0.9294117647058824	Aristolochia	0.03529411764705882	Atriplex	0.023529411764705882	Cynanchum	0.00784313725490196	Cerastium	0.0
Fedia_graciliflora_in_Jardin_des_Plantes_01.JPG	Fedia	Fedia	0.7098039215686275	Prunella	0.25098039215686274	Ageratina	0.011764705882352941	Thymus	0.00392156862745098	Cerastium	0.0
Riesenfenchel.JPG	Ferula	Ferula	0.807843137254902	Cistanche	0.0196078431372549	Coronilla	0.0196078431372549	Phlomis	0.01568627450980392	Aeonium	0.011764705882352941
Festuca_rubra_detail.jpeg	Festuca	Festuca	0.7490196078431373	Poa	0.1764705882352941	Holcus	0.0196078431372549	Bromus	0.01568627450980392	Avenula	0.00784313725490196
Ficus_carica_L%2C_1771.jpg	Ficus	Amaranthus	0.08627450980392157	Polypodium	0.06274509803921569	Rosa	0.058823529411764705	Heliotropium	0.0392156862745098	Frangula	0.03529411764705882
Filago_arvensis2_W.jpg	Filago	Bombycilaena	0.3176470588235294	Logfia	0.18039215686274512	Filago	0.1647058823529412	Teucrium	0.09803921568627451	Otanthus	0.09803921568627451
Filago_pyramidata_S924547.JPG	Filago	Scleranthus	0.3019607843137255	Filago	0.15294117647058825	Linum	0.1411764705882353	Eryngium	0.058823529411764705	Stachys	0.047058823529411764
20140715Filipendula_ulmaria.jpg	Filipendula	Filipendula	0.9686274509803922	Centranthus	0.00784313725490196	Helichrysum	0.00392156862745098	Najas	0.00392156862745098	Cerastium	0.0
Filipendula_vulgaris_-_inflorescence_-_Kulna.jpg	Filipendula	Filipendula	0.996078431372549	Cerastium	0.0	Theligonum	0.0	Arctotheca	0.0	Lathyrus	0.0
Flueggea_tinctoria_2009-7-26_RioFresnedas_ValledeAlcudia.jpg	Flueggea	Flueggea	0.796078431372549	Spiraea	0.07450980392156863	Rhamnus	0.01568627450980392	Pistacia	0.011764705882352941	Globularia	0.00784313725490196
Foeniculum_July_2011-1a.jpg	Foeniculum	Foeniculum	0.9764705882352941	Senecio	0.00392156862745098	Rorippa	0.00392156862745098	Ruta	0.00392156862745098	Cerastium	0.0
Frangula-alnus-fruits.JPG	Frangula	Frangula	0.8588235294117647	Viburnum	0.0392156862745098	Prunus	0.00784313725490196	Rhamnus	0.00784313725490196	Ruscus	0.00392156862745098
Frankenia_laevis_5_%28Corse%29.JPG	Frankenia	Frankenia	0.7686274509803921	Fagonia	0.054901960784313725	Spergularia	0.050980392156862744	Erica	0.0196078431372549	Lythrum	0.01568627450980392
Frankenia_pulverulenta_kz2.jpg	Frankenia	Frankenia	0.9764705882352941	Mesembryanthemum	0.00392156862745098	Cerastium	0.0	Theligonum	0.0	Arctotheca	0.0
Fraxinus_angustifolia_foliage.jpg	Fraxinus	Salix	0.5294117647058824	Fraxinus	0.050980392156862744	Artemisia	0.047058823529411764	Adenocarpus	0.0392156862745098	Ferula	0.03529411764705882
Fritillaria_lusitanica_c1.JPG	Fritillaria	Fritillaria	0.9568627450980393	Serapias	0.00392156862745098	Cynosurus	0.00392156862745098	Ophrys	0.00392156862745098	Iris	0.00392156862745098
Fumana_thymifolia.jpg	Fumana	Fumana	0.8431372549019608	Phagnalon	0.06274509803921569	Lactuca	0.027450980392156862	Coronilla	0.011764705882352941	Carrichtera	0.00784313725490196
F._agraria-img-000222579O.jpg	Fumaria	Fumaria	0.8235294117647058	Corydalis	0.01568627450980392	Orchis	0.00392156862745098	Asperula	0.00392156862745098	Lonicera	0.00392156862745098
Fumaria_bastardii_imported_from_iNaturalist_photo_12889957_on_28_March_2020.jpg	Fumaria	Fumaria	0.9921568627450981	Hornungia	0.00392156862745098	Cerastium	0.0	Theligonum	0.0	Arctotheca	0.0
Fumaria_April_2010-1.jpg	Fumaria	Fumaria	0.972549019607843	Cerastium	0.0	Theligonum	0.0	Arctotheca	0.0	Lathyrus	0.0
Fumaria_densiflora%2C_floral_world_and_garden_guide_1877.jpg	Fumaria	Fumaria	0.1568627450980392	Reseda	0.058823529411764705	Euphorbia	0.0392156862745098	Crucianella	0.03529411764705882	Galium	0.023529411764705882
Fumaria_muralis.jpg	Fumaria	Fumaria	0.9803921568627452	Lathyrus	0.00392156862745098	Cerastium	0.0	Theligonum	0.0	Arctotheca	0.0
%28MHNT%29_Fumaria_officinalis_-_Habit.jpg	Fumaria	Fumaria	0.7450980392156863	Vicia	0.0784313725490196	Berula	0.00784313725490196	Muscari	0.00784313725490196	Allium	0.00392156862745098
Gagea_bohemica_sl2.jpg	Gagea	Gagea	0.984313725490196	Sisymbrella	0.00784313725490196	Lactuca	0.00392156862745098	Cerastium	0.0	Theligonum	0.0
Gagea_pratensis2.jpg	Gagea	Gagea	0.9725490196078431	Sedum	0.00392156862745098	Ornithogalum	0.00392156862745098	Scorzonera	0.00392156862745098	Cerastium	0.0
Galegaofficinalis03.jpg	Galega	Galega	0.9450980392156862	Hyacinthoides	0.011764705882352941	Vicia	0.00784313725490196	Veronica	0.00392156862745098	Calluna	0.00392156862745098
Galeopsis_tetrahit_-_kare_k%C3%B5rvik_Keilas.jpg	Galeopsis	Stachys	0.4156862745098039	Galeopsis	0.3254901960784314	Sideritis	0.023529411764705882	Amaranthus	0.0196078431372549	Phlomis	0.01568627450980392
Galinsoga_parviflora_bluete.jpeg	Galinsoga	Galinsoga	0.9568627450980393	Bidens	0.00392156862745098	Cerastium	0.0	Theligonum	0.0	Arctotheca	0.0
Galinsoga.ciliata.1.jpg	Galinsoga	Galinsoga	0.7607843137254902	Bidens	0.0784313725490196	Cerastium	0.00392156862745098	Lamium	0.00392156862745098	Stachys	0.00392156862745098
Galium_glaucum_eF.jpg	Galium	Galium	0.34509803921568627	Physospermum	0.1607843137254902	Peucedanum	0.054901960784313725	Conopodium	0.043137254901960784	Pimpinella	0.0392156862745098
Galium_lucidum_1.jpg	Galium	Asparagus	0.4117647058823529	Ruta	0.1411764705882353	Cynara	0.06274509803921569	Anthoxanthum	0.047058823529411764	Galium	0.023529411764705882
Rubiaceae_-_Galium_mollugo.JPG	Galium	Galium	0.5647058823529412	Sedum	0.11764705882352941	Centranthus	0.054901960784313725	Sambucus	0.0392156862745098	Clematis	0.023529411764705882
Galium_murale_sl9.jpg	Galium	Galium	0.6784313725490196	Sedum	0.027450980392156862	Cerastium	0.01568627450980392	Fumana	0.011764705882352941	Sagina	0.011764705882352941
Galium_palustre.jpeg	Galium	Galium	0.9372549019607843	Vicia	0.00392156862745098	Valerianella	0.00392156862745098	Oenanthe	0.00392156862745098	Cerastium	0.0
Galium_parisiense.jpg	Galium	Galium	0.3450980392156862	Bryonia	0.058823529411764705	Physospermum	0.0392156862745098	Euphorbia	0.03137254901960784	Polygonatum	0.023529411764705882
Galium_rotundifolium_2006.07.06_15.02.45-p7060182.jpg	Galium	Galium	0.6509803921568628	Moehringia	0.1568627450980392	Stellaria	0.10980392156862745	Veronica	0.01568627450980392	Buglossoides	0.01568627450980392
Galium_harcynicum_detail.jpeg	Galium	Galium	0.9058823529411765	Thesium	0.011764705882352941	Ligustrum	0.011764705882352941	Samolus	0.00784313725490196	Sambucus	0.00392156862745098
Galium_verrucosum_Sebkhat_Kelbia_2.jpg	Galium	Galium	0.7333333333333334	Dittrichia	0.09803921568627451	Mentha	0.01568627450980392	Valerianella	0.01568627450980392	Crupina	0.01568627450980392
Galium_verum01.jpg	Galium	Galium	0.8549019607843137	Cruciata	0.00784313725490196	Salix	0.00392156862745098	Osyris	0.00392156862745098	Ferula	0.00392156862745098
Gamochaeta_pensylvanica-_R%C3%ADo_Negro%2C_Palmar%2C_Suelo_arcilloso_entre_rocas_cerca_al_dique_de_la_represa_1.jpg	Gamochaeta	Gamochaeta	0.7176470588235294	Gnaphalium	0.12156862745098039	Alyssum	0.050980392156862744	Plantago	0.023529411764705882	Filago	0.0196078431372549
Gaudinia_fragilis_-_Botanischer_Garten_M%C3%BCnchen-Nymphenburg_-_DSC07884.JPG	Gaudinia	Alopecurus	0.15294117647058825	Armeria	0.1450980392156863	Poa	0.10980392156862745	Cyperus	0.047058823529411764	Carex	0.043137254901960784
Gazania_rigens-2.jpg	Gazania	Gazania	0.27058823529411763	Anemone	0.17254901960784313	Coleostephus	0.13333333333333333	Calendula	0.09803921568627451	Anacyclus	0.09411764705882353
Genista_anglica.jpeg	Genista	Genista	0.9764705882352941	Lotus	0.00784313725490196	Cerastium	0.0	Theligonum	0.0	Arctotheca	0.0
Genista_florida_2601.JPG	Genista	Retama	0.1803921568627451	Seseli	0.1411764705882353	Genista	0.10196078431372549	Tamarix	0.10196078431372549	Salix	0.09803921568627451
Gennaria_diphylla_-_Las_Canarias_1.jpg	Gennaria	Gennaria	0.9882352941176471	Umbilicus	0.00392156862745098	Epipactis	0.00392156862745098	Cerastium	0.0	Theligonum	0.0
Gelber_Enzian_%28Gentiana_lutea%29%2C_Bl%C3%BCtenstand.jpg	Gentiana	Gentiana	0.3411764705882353	Helleborus	0.023529411764705882	Acanthus	0.0196078431372549	Reichardia	0.01568627450980392	Aeonium	0.011764705882352941
Gentiana_pneumonanthe_130805a.jpg	Gentiana	Gentiana	0.7725490196078432	Campanula	0.03529411764705882	Romulea	0.0196078431372549	Vicia	0.0196078431372549	Ilex	0.01568627450980392
Geraniaceae_-_Geranium_columbinum-1.JPG	Geranium	Geranium	0.9725490196078431	Cerastium	0.0	Theligonum	0.0	Arctotheca	0.0	Lathyrus	0.0
Geranium_February_2008-1.jpg	Geranium	Geranium	0.9529411764705882	Echium	0.00392156862745098	Althaea	0.00392156862745098	Cerastium	0.0	Theligonum	0.0
Geranium_molle-01_%28xndr%29.jpg	Geranium	Geranium	0.8627450980392157	Erodium	0.023529411764705882	Legousia	0.011764705882352941	Verbena	0.011764705882352941	Silene	0.00392156862745098
Geranium_purpureum_3.jpg	Geranium	Geranium	0.9294117647058824	Fagonia	0.011764705882352941	Anemone	0.00392156862745098	Erigeron	0.00392156862745098	Cerastium	0.0
Geranium_pusillum.jpeg	Geranium	Geranium	0.5647058823529412	Aphanes	0.2901960784313726	Fumaria	0.043137254901960784	Sedum	0.00392156862745098	Oxalis	0.00392156862745098
Geranium_pyrenaicum_5_RF.jpg	Geranium	Geranium	0.9764705882352941	Cerastium	0.0	Theligonum	0.0	Arctotheca	0.0	Lathyrus	0.0
Herb-Robert_800.jpg	Geranium	Geranium	0.7960784313725491	Erodium	0.01568627450980392	Saxifraga	0.00392156862745098	Agapanthus	0.00392156862745098	Raphanus	0.00392156862745098
Geranium_February_2008-3.jpg	Geranium	Geranium	0.8235294117647058	Erodium	0.011764705882352941	Veronica	0.00392156862745098	Acer	0.00392156862745098	Epilobium	0.00392156862745098
Geranium_Sanguineum_Portland_Maine.jpg	Geranium	Geranium	0.9019607843137255	Viola	0.00392156862745098	Cerastium	0.0	Theligonum	0.0	Arctotheca	0.0
Geum_coccineum2.jpg	Geum	Geum	0.8274509803921568	Fragaria	0.0392156862745098	Humulus	0.027450980392156862	Aphanes	0.011764705882352941	Potentilla	0.011764705882352941
%28MHNT%29_Geum_urbanum_-_Habit.jpg	Geum	Barbarea	0.12941176470588234	Geum	0.08627450980392157	Sisymbrium	0.058823529411764705	Senecio	0.054901960784313725	Inula	0.050980392156862744
Gladiolus_illyricus_037.JPG	Gladiolus	Gladiolus	0.9882352941176471	Cerastium	0.0	Theligonum	0.0	Arctotheca	0.0	Lathyrus	0.0
0_Gladiolus_italicus_-_Samo%C3%ABns_%281%29.JPG	Gladiolus	Gladiolus	0.9254901960784314	Bromus	0.0196078431372549	Centaurea	0.00392156862745098	Cerastium	0.0	Theligonum	0.0
Glaucium_corniculatum_flor.jpg	Glaucium	Glaucium	0.7294117647058823	Papaver	0.09411764705882353	Alcea	0.00784313725490196	Aristolochia	0.00392156862745098	Medicago	0.00392156862745098
Glaucium_flavum_2015-06-16_442.JPG	Glaucium	Glaucium	0.9725490196078431	Ranunculus	0.00392156862745098	Cerastium	0.0	Theligonum	0.0	Arctotheca	0.0
Glechoma_hederacea_-_Keila.jpg	Glechoma	Glechoma	0.33725490196078434	Veronica	0.1568627450980392	Teucrium	0.023529411764705882	Orobanche	0.023529411764705882	Pedicularis	0.023529411764705882
Gleditsia_triacanthos_Maryhill_Museum_01.jpg	Gleditsia	Acacia	0.8666666666666666	Senecio	0.03529411764705882	Anagyris	0.011764705882352941	Quercus	0.00784313725490196	Helichrysum	0.00392156862745098
Globularia_alypum_02.jpg	Globularia	Globularia	0.8313725490196079	Jasione	0.023529411764705882	Allium	0.00392156862745098	Mentha	0.00392156862745098	Scilla	0.00392156862745098
Globularia_vulgaris01.jpg	Globularia	Globularia	1.0	Valeriana	0.00392156862745098	Cerastium	0.0	Theligonum	0.0	Arctotheca	0.0
Glyceria_striata.jpg	Glyceria	Leersia	0.5607843137254902	Deschampsia	0.13725490196078433	Poa	0.058823529411764705	Glyceria	0.0392156862745098	Melica	0.03137254901960784
Glyceria.fluitans.2.jpg	Glyceria	Schoenoplectus	0.33333333333333337	Cyperus	0.2196078431372549	Glyceria	0.07058823529411765	Carex	0.0392156862745098	Bolboschoenus	0.03529411764705882
Moerasdroogbloem_plant_Gnaphalium_uliginosum_%281%29.jpg	Gnaphalium	Gnaphalium	1.0	Cerastium	0.0	Theligonum	0.0	Arctotheca	0.0	Lathyrus	0.0
Asclepias_fruticosa_fruits.jpg	Gomphocarpus	Gomphocarpus	0.9411764705882353	Vicia	0.00784313725490196	Cotula	0.00392156862745098	Cerastium	0.0	Theligonum	0.0
Asclepias_physocarpa2.jpg	Gomphocarpus	Gomphocarpus	0.5725490196078431	Arundo	0.043137254901960784	Silene	0.023529411764705882	Salix	0.0196078431372549	Phragmites	0.0196078431372549
Gratiola_officinalis3.jpg	Gratiola	Gratiola	0.2549019607843137	Daphne	0.06274509803921569	Halimium	0.054901960784313725	Asparagus	0.03529411764705882	Veronica	0.027450980392156862
Groenlandia_densa_01_by-dpc.jpg	Groenlandia	Cymodocea	0.47058823529411764	Egeria	0.2627450980392157	Dryopteris	0.07058823529411765	Vallisneria	0.023529411764705882	Zostera	0.01568627450980392
M%C3%BCcken-H%C3%A4ndelwurz_Gymnadenia_conopsea.jpg	Gymnadenia	Gymnadenia	0.8941176470588236	Dactylorhiza	0.058823529411764705	Anacamptis	0.00784313725490196	Lupinus	0.00392156862745098	Cerastium	0.0
Willow-leaved_Hakea.jpg	Hakea	Hakea	0.5803921568627451	Acacia	0.10588235294117647	Euphorbia	0.03137254901960784	Bassia	0.027450980392156862	Corrigiola	0.023529411764705882
Halimium_halimifolium_Corse0.jpg	Halimium	Halimium	0.9019607843137255	Tuberaria	0.00784313725490196	Cerastium	0.0	Theligonum	0.0	Arctotheca	0.0
Halimium_lasianthum_2.jpg	Halimium	Halimium	0.5411764705882353	Tuberaria	0.25098039215686274	Alkanna	0.0392156862745098	Cistanche	0.023529411764705882	Euphorbia	0.01568627450980392
Halimium_ocymoides_20190521a.jpg	Halimium	Halimium	0.9019607843137255	Tuberaria	0.08627450980392157	Solanum	0.00392156862745098	Cerastium	0.0	Theligonum	0.0
Hedera_hibernica1.jpg	Hedera	Hedera	0.8470588235294118	Cynanchum	0.0392156862745098	Smilax	0.023529411764705882	Amaranthus	0.00392156862745098	Tropaeolum	0.00392156862745098
Helianthemum_apenninum1.jpg	Helianthemum	Helianthemum	0.792156862745098	Halimium	0.15294117647058825	Cistus	0.03137254901960784	Arenaria	0.00784313725490196	Cerastium	0.0
Sonnenr%C3%B6schen.jpg	Helianthemum	Helianthemum	0.2901960784313725	Halimium	0.08627450980392157	Tuberaria	0.058823529411764705	Potentilla	0.043137254901960784	Narcissus	0.043137254901960784
Sunflower_sky_backdrop.jpg	Helianthus	Helianthus	0.9019607843137255	Phytolacca	0.00392156862745098	Hydrangea	0.00392156862745098	Cerastium	0.0	Theligonum	0.0
Helichrysum_italicum_%28immortelle%29.JPG	Helichrysum	Cytisus	0.2823529411764706	Thymus	0.058823529411764705	Erica	0.054901960784313725	Myrica	0.050980392156862744	Santolina	0.047058823529411764
HELICHRYSUM_STOECHAS_-_AGUDA_-_IB-813_%28Sempreviva_borda%29.JPG	Helichrysum	Helichrysum	0.2196078431372549	Tanacetum	0.1843137254901961	Santolina	0.0392156862745098	Achillea	0.03529411764705882	Cotula	0.01568627450980392
Heliotropium_curassavicum_Cambria_CA_%28cropped%29.jpg	Heliotropium	Iberis	0.39999999999999997	Corrigiola	0.17254901960784313	Lobularia	0.09411764705882353	Silene	0.0196078431372549	Heliotropium	0.0196078431372549
Heliotropium_europaeum3.jpg	Heliotropium	Heliotropium	0.996078431372549	Cerastium	0.0	Theligonum	0.0	Arctotheca	0.0	Lathyrus	0.0
HelleborusFoetidus-plant.jpg	Helleborus	Helleborus	0.984313725490196	Cerastium	0.0	Theligonum	0.0	Arctotheca	0.0	Lathyrus	0.0
Heracleum_sphondylium_Berenklauw.jpg	Heracleum	Oenanthe	0.33333333333333337	Heracleum	0.2901960784313726	Peucedanum	0.1803921568627451	Conium	0.0392156862745098	Verbena	0.01568627450980392
Herniaria_hirsuta_cinerea.jpg	Herniaria	Herniaria	0.9921568627450981	Cosentinia	0.00392156862745098	Cerastium	0.0	Theligonum	0.0	Arctotheca	0.0
Herniaria_glabra_2005.06.12_14.50.22.jpg	Herniaria	Herniaria	0.9568627450980393	Valantia	0.011764705882352941	Polycarpon	0.00784313725490196	Amaranthus	0.00392156862745098	Montia	0.00392156862745098
Hesperis_matronalis_flowers.jpg	Hesperis	Silene	0.20784313725490197	Butomus	0.13725490196078433	Dianthus	0.06666666666666667	Matthiola	0.06666666666666667	Eleocharis	0.058823529411764705
Hieracium_amplexicaule_002.JPG	Hieracium	Sonchus	0.8392156862745098	Hieracium	0.08627450980392157	Crepis	0.00784313725490196	Leontodon	0.00784313725490196	Pilosella	0.00784313725490196
Hawkweed_2007-5.jpg	Hieracium	Reichardia	0.6823529411764706	Sonchus	0.16862745098039217	Hypochaeris	0.07450980392156863	Leontodon	0.01568627450980392	Hieracium	0.011764705882352941
Hieracium_laevigatum_Willd._%287608628280%29.jpg	Hieracium	Crepis	0.24705882352941178	Sisymbrium	0.12549019607843137	Hieracium	0.10196078431372549	Senecio	0.0784313725490196	Cirsium	0.03529411764705882
Hieracium_murorum_blatt.jpeg	Hieracium	Hieracium	0.9137254901960784	Cleonia	0.011764705882352941	Senecio	0.00392156862745098	Reseda	0.00392156862745098	Epilobium	0.00392156862745098
Hieracium_sabaudum_flower_head.jpg	Hieracium	Reichardia	0.27450980392156865	Sonchus	0.21176470588235294	Andryala	0.13333333333333333	Hypochaeris	0.054901960784313725	Hieracium	0.043137254901960784
Canada_Hawkweed.jpg	Hieracium	Sonchus	0.34509803921568627	Hypochaeris	0.09803921568627451	Reichardia	0.09411764705882353	Hieracium	0.06666666666666667	Crepis	0.047058823529411764
Hippocrepis_unisiliquosa_1.jpg	Hippocrepis	Hippocrepis	0.9490196078431372	Vicia	0.011764705882352941	Astragalus	0.00784313725490196	Linaria	0.00392156862745098	Corrigiola	0.00392156862745098
3672-Hippocrepis_ciliata-5.06.JPG	Hippocrepis	Hippocrepis	0.9843137254901961	Scorpiurus	0.00392156862745098	Cerastium	0.0	Theligonum	0.0	Arctotheca	0.0
Hirschfeldia_incana_plant1_%2814445285567%29.jpg	Hirschfeldia	Hirschfeldia	0.9647058823529412	Senecio	0.023529411764705882	Brassica	0.00392156862745098	Cerastium	0.0	Theligonum	0.0
Vellosilla_de_Espa%C3%B1a_%286942388172%29.jpg	Hispidella	Tolpis	0.8392156862745098	Hispidella	0.11372549019607843	Tuberaria	0.00392156862745098	Cerastium	0.0	Theligonum	0.0
Holcus_lanatus_Gestreepte_witbol_%282%29.jpg	Holcus	Typha	0.37254901960784315	Alopecurus	0.20784313725490194	Carex	0.12941176470588234	Bromus	0.09803921568627451	Holcus	0.058823529411764705
Holcus.mollis.2.jpg	Holcus	Holcus	0.3568627450980392	Avenula	0.34509803921568627	Deschampsia	0.12156862745098039	Arrhenatherum	0.07450980392156863	Poa	0.011764705882352941
Honckenya_peploides_kz2.jpg	Honckenya	Honckenya	0.8901960784313725	Euphorbia	0.07058823529411765	Scrophularia	0.00784313725490196	Artemisia	0.00784313725490196	Amaranthus	0.00392156862745098
Hordeum_marinum_-_Oslo_botanical_garden_-_IMG_8875.jpg	Hordeum	Glyceria	0.16862745098039217	Poa	0.14509803921568626	Alopecurus	0.12156862745098039	Digitaria	0.09803921568627451	Paspalum	0.08627450980392157
Kruipertje_Hordeum_murinum_plant.jpg	Hordeum	Bromus	0.43137254901960786	Leersia	0.10196078431372549	Setaria	0.058823529411764705	Elymus	0.050980392156862744	Avena	0.027450980392156862
Hordeum_secalinum300612a.jpg	Hordeum	Hordeum	0.8980392156862745	Vulpia	0.03529411764705882	Elymus	0.00784313725490196	Setaria	0.00392156862745098	Lolium	0.00392156862745098
Hornungia_petraea2_eF.jpg	Hornungia	Hornungia	0.9568627450980393	Veronica	0.00392156862745098	Helianthemum	0.00392156862745098	Thymus	0.00392156862745098	Spergula	0.00392156862745098
Hopfen1.jpg	Humulus	Humulus	0.9098039215686274	Viburnum	0.011764705882352941	Sedum	0.00392156862745098	Clematis	0.00392156862745098	Helleborus	0.00392156862745098
Scilla_hispanica_1.JPG	Hyacinthoides	Hyacinthoides	0.8	Campanula	0.08235294117647059	Agapanthus	0.0196078431372549	Limodorum	0.00784313725490196	Lobelia	0.00392156862745098
Hyacinthoides_non-scripta_%28Common_Bluebell%29.jpg	Hyacinthoides	Hyacinthoides	0.9372549019607843	Echium	0.00392156862745098	Centaurea	0.00392156862745098	Anarrhinum	0.00392156862745098	Iris	0.00392156862745098
Hydrangea_macrophylla_01_Crop.jpg	Hydrangea	Hydrangea	0.7215686274509804	Lantana	0.12156862745098039	Digitalis	0.0392156862745098	Viburnum	0.03529411764705882	Cytinus	0.011764705882352941
Hydrocotyle_bonariensis.jpg	Hydrocotyle	Hydrocotyle	0.3215686274509804	Viola	0.1764705882352941	Cruciata	0.047058823529411764	Cochlearia	0.047058823529411764	Plantago	0.0392156862745098
HydrocotyleVulgaris.jpg	Hydrocotyle	Hydrocotyle	0.788235294117647	Umbilicus	0.09019607843137255	Chrysosplenium	0.047058823529411764	Glechoma	0.01568627450980392	Viola	0.00392156862745098
Hyoscyamus_albus_habitus.jpg	Hyoscyamus	Ficus	0.5764705882352941	Hyoscyamus	0.25098039215686274	Chrozophora	0.047058823529411764	Quercus	0.03529411764705882	Solanum	0.027450980392156862
Hyparrhenia_hirta_espiguetes_albellatge.jpg	Hyparrhenia	Hyparrhenia	0.8117647058823529	Bromus	0.054901960784313725	Avenula	0.0392156862745098	Elymus	0.01568627450980392	Stipa	0.00784313725490196
Hypecoum_imberbe_Palencia.jpg	Hypecoum	Hypecoum	0.9098039215686274	Ranunculus	0.00784313725490196	Narcissus	0.00784313725490196	Coleostephus	0.00784313725490196	Helianthemum	0.00392156862745098
%28MHNT%29_Hypericum_androsaemum_-_Habit.jpg	Hypericum	Adiantum	0.5098039215686274	Osmunda	0.17647058823529413	Berula	0.047058823529411764	Sonchus	0.01568627450980392	Hieracium	0.011764705882352941
Hypericum_Calycinum_photos.jpg	Hypericum	Hypericum	0.09803921568627451	Narcissus	0.06274509803921569	Calendula	0.047058823529411764	Pulicaria	0.047058823529411764	Nymphoides	0.047058823529411764
Hypericum_elodes1.jpg	Hypericum	Hypericum	1.0	Cerastium	0.0	Theligonum	0.0	Arctotheca	0.0	Lathyrus	0.0
Hypericum_humifusum_W.jpg	Hypericum	Hypericum	0.9882352941176471	Gagea	0.00784313725490196	Cerastium	0.0	Theligonum	0.0	Arctotheca	0.0
Hypericum_montanum06.jpg	Hypericum	Hypericum	0.9686274509803922	Chelidonium	0.00784313725490196	Cerastium	0.0	Theligonum	0.0	Arctotheca	0.0
Saint_John%27s_wort_flowers.jpg	Hypericum	Hypericum	0.996078431372549	Agrimonia	0.00392156862745098	Cerastium	0.0	Theligonum	0.0	Arctotheca	0.0
Hypericum_pulchrum.jpg	Hypericum	Hypericum	0.9921568627450981	Cerastium	0.0	Theligonum	0.0	Arctotheca	0.0	Lathyrus	0.0
Hypericum_tomentosum1.jpg	Hypericum	Hypericum	0.6431372549019607	Tradescantia	0.0196078431372549	Agrimonia	0.01568627450980392	Althaea	0.01568627450980392	Erodium	0.011764705882352941
Hypochoeris_glabra_fruits_2003-05-19.jpg	Hypochaeris	Hypochaeris	0.7372549019607844	Hieracium	0.0784313725490196	Chondrilla	0.0392156862745098	Taraxacum	0.011764705882352941	Senecio	0.00784313725490196
Hypochaeris_radicata_3285.JPG	Hypochaeris	Hieracium	0.5294117647058824	Coleostephus	0.1843137254901961	Leontodon	0.06274509803921569	Pulicaria	0.0392156862745098	Hypochaeris	0.0392156862745098
Illecebrum_verticillatum-IMG_4272.jpg	Illecebrum	Illecebrum	0.1568627450980392	Sedum	0.10196078431372549	Azolla	0.043137254901960784	Galium	0.023529411764705882	Trifolium	0.0196078431372549
Inula_salicina_240606.jpg	Inula	Inula	0.9490196078431372	Pulicaria	0.0196078431372549	Doronicum	0.011764705882352941	Cerastium	0.0	Theligonum	0.0
Ipomoea_July_2007-1.jpg	Ipomoea	Ipomoea	0.5058823529411764	Calystegia	0.01568627450980392	Colocasia	0.011764705882352941	Cistus	0.00784313725490196	Convolvulus	0.00392156862745098
BlueMorningGlory.jpg	Ipomoea	Ipomoea	0.7803921568627452	Iris	0.03137254901960784	Echium	0.027450980392156862	Crocus	0.00784313725490196	Digitalis	0.00784313725490196
Iris_albicans_fort_worth.jpg	Iris	Iris	0.8980392156862744	Gratiola	0.00784313725490196	Linaria	0.00392156862745098	Bromus	0.00392156862745098	Antirrhinum	0.00392156862745098
Iris_foetidissima_PaR.JPG	Iris	Iris	0.9372549019607843	Onobrychis	0.00392156862745098	Acer	0.00392156862745098	Cerastium	0.0	Theligonum	0.0
Iris_Germanica_2012-2.jpg	Iris	Iris	0.8784313725490196	Crocus	0.011764705882352941	Romulea	0.00392156862745098	Canna	0.00392156862745098	Cistus	0.00392156862745098
Iris_planifolia_01.JPG	Iris	Iris	0.6431372549019608	Hyacinthoides	0.027450980392156862	Cleonia	0.0196078431372549	Linum	0.01568627450980392	Crocus	0.01568627450980392
Iris_pseudacorus_iris_des_marais.jpg	Iris	Iris	0.9607843137254901	Ranunculus	0.00392156862745098	Hypericum	0.00392156862745098	Nymphoides	0.00392156862745098	Utricularia	0.00392156862745098
Iris-xiphium.JPG	Iris	Iris	0.9058823529411764	Crocus	0.00784313725490196	Viola	0.00392156862745098	Aphyllanthes	0.00392156862745098	Anemone	0.00392156862745098
Isatis_tinctoria02.JPG	Isatis	Smyrnium	0.1803921568627451	Aeonium	0.11372549019607843	Isatis	0.11372549019607843	Asparagus	0.09019607843137255	Quercus	0.08627450980392157
Fig._09_Isolepis_fluitans.jpg	Isolepis	Isolepis	0.6941176470588235	Eleocharis	0.10980392156862745	Juncus	0.050980392156862744	Potamogeton	0.043137254901960784	Baldellia	0.00784313725490196
Jasione_levis.jpg	Jasione	Jasione	0.9411764705882353	Centaurea	0.047058823529411764	Carduncellus	0.00392156862745098	Cerastium	0.0	Theligonum	0.0
Bombus_soroeensis_-_Jasione_montana_-_Tallinn.jpg	Jasione	Jasione	0.6862745098039217	Centaurea	0.09803921568627451	Scilla	0.01568627450980392	Carduncellus	0.011764705882352941	Cichorium	0.00784313725490196
Jasonia_3.JPG	Jasonia	Jasonia	0.8509803921568627	Scorzonera	0.050980392156862744	Genista	0.027450980392156862	Gagea	0.027450980392156862	Tulipa	0.00392156862745098
Noyer_centenaire_en_automne.JPG	Juglans	Salix	0.3529411764705882	Prunus	0.27450980392156865	Quercus	0.11764705882352941	Fraxinus	0.09411764705882353	Castanea	0.027450980392156862
Juncus.acutiflorus2.-.lindsey.jpg	Juncus	Juncus	0.7647058823529411	Equisetum	0.11372549019607843	Eleocharis	0.050980392156862744	Schoenoplectus	0.023529411764705882	Alopecurus	0.011764705882352941
Juncus_acutus_at_Lake_Walyungup%2C_Rockingham_Lakes_Regional_Park%2C_June_2022_02.jpg	Juncus	Corynephorus	0.10980392156862745	Pinus	0.0392156862745098	Juncus	0.03137254901960784	Trifolium	0.0196078431372549	Rosa	0.01568627450980392
JuncusArticulatus.jpg	Juncus	Juncus	0.8509803921568628	Luzula	0.03137254901960784	Briza	0.011764705882352941	Carlina	0.00784313725490196	Cladium	0.00784313725490196
Juncus_bufonius.jpeg	Juncus	Juncus	0.7960784313725491	Aira	0.058823529411764705	Moenchia	0.03529411764705882	Sagina	0.011764705882352941	Parapholis	0.00784313725490196
Juncus_conglomeratus_-_Oslo_botanical_garden_-_IMG_8916.jpg	Juncus	Eleocharis	0.784313725490196	Festuca	0.0392156862745098	Juncus	0.0196078431372549	Equisetum	0.01568627450980392	Poa	0.01568627450980392
Juncus_effuses.jpg	Juncus	Trichophorum	0.42745098039215684	Carex	0.2823529411764706	Scirpoides	0.07450980392156863	Oenanthe	0.023529411764705882	Juncus	0.011764705882352941
Juncus_hybridus_inflorescence_%2801%29.jpg	Juncus	Juncus	0.8235294117647058	Crupina	0.011764705882352941	Hordeum	0.011764705882352941	Peucedanum	0.00784313725490196	Armeria	0.00392156862745098
Meerstrand-Binse.JPG	Juncus	Juncus	0.6705882352941176	Typha	0.1607843137254902	Cotula	0.03529411764705882	Schoenoplectus	0.0196078431372549	Cladium	0.01568627450980392
Juncus.conglomeratus.2.jpg	Juncus	Juncus	0.6980392156862745	Schoenoplectus	0.10196078431372549	Eleocharis	0.027450980392156862	Typha	0.0196078431372549	Arnoseris	0.0196078431372549
Juncus_ranarius.jpeg	Juncus	Juncus	0.992156862745098	Cerastium	0.0	Theligonum	0.0	Arctotheca	0.0	Lathyrus	0.0
Juncus-subnodulosus.jpg	Juncus	Molinia	0.11372549019607843	Myrica	0.11372549019607843	Pilularia	0.09019607843137255	Carex	0.08235294117647059	Schoenoplectus	0.058823529411764705
Juncus_tenageia_plant_%2803%29.jpg	Juncus	Juncus	0.3764705882352941	Eleocharis	0.2392156862745098	Arnoseris	0.06274509803921569	Isolepis	0.050980392156862744	Cytisus	0.01568627450980392
Jute_002_lvp.jpg	Juncus	Juncus	1.0	Cerastium	0.0	Theligonum	0.0	Arctotheca	0.0	Lathyrus	0.0
Jeneverbes.jpg	Juniperus	Robinia	0.1803921568627451	Arbutus	0.1607843137254902	Taxus	0.11372549019607843	Pinus	0.09411764705882353	Acacia	0.07058823529411765
Cade1.jpg	Juniperus	Juniperus	0.9490196078431372	Xanthium	0.00784313725490196	Carduus	0.00392156862745098	Asparagus	0.00392156862745098	Pinus	0.00392156862745098
Jurinea_bocconei.jpg	Jurinea	Jurinea	0.9647058823529412	Astragalus	0.00784313725490196	Chamaecyparis	0.00392156862745098	Cerastium	0.0	Theligonum	0.0
Vivipary_in_Kalanchoe_daigremontiana.jpg	Kalanchoe	Kalanchoe	0.8784313725490196	Dryopteris	0.03137254901960784	Carex	0.027450980392156862	Paspalum	0.00784313725490196	Heliotropium	0.00784313725490196
Kickxia_elatine1.jpg	Kickxia	Kickxia	0.9803921568627452	Cerastium	0.0	Theligonum	0.0	Arctotheca	0.0	Lathyrus	0.0
Kickxia_spuria_eF.jpg	Kickxia	Kickxia	0.45098039215686275	Tripodion	0.1843137254901961	Cistus	0.08235294117647059	Scorpiurus	0.027450980392156862	Aristolochia	0.0196078431372549
Klasea_flavescens0001_04.jpg	Klasea	Matthiola	0.2588235294117647	Acacia	0.07058823529411765	Convolvulus	0.054901960784313725	Gnaphalium	0.054901960784313725	Phagnalon	0.043137254901960784
Koeleria_vallesiana_-_Berlin_Botanical_Garden_-_IMG_8569.JPG	Koeleria	Juncus	0.27450980392156865	Carex	0.08627450980392157	Agrostis	0.050980392156862744	Poa	0.0392156862745098	Myriophyllum	0.03529411764705882
Kundmannia_sicula_2.jpg	Kundmannia	Foeniculum	0.788235294117647	Helichrysum	0.09411764705882353	Ridolfia	0.047058823529411764	Achillea	0.043137254901960784	Thapsia	0.011764705882352941
Lactucaserriola2web.jpg	Lactuca	Lactuca	0.43921568627450985	Sonchus	0.19607843137254902	Sisymbrium	0.043137254901960784	Urospermum	0.03529411764705882	Carlina	0.023529411764705882
Lactuca_viminea.jpg	Lactuca	Lactuca	0.9137254901960784	Chondrilla	0.0196078431372549	Hypericum	0.011764705882352941	Genista	0.00392156862745098	Helianthemum	0.00392156862745098
Cuminoides_vulgare_-_Lagoecia_-_Cimio_-_Le_Cumin._%28Wild_Cumin%29_%28NYPL_b14444147-1130618%29.tiff	Lagoecia	Asplenium	0.30196078431372547	Pteridium	0.18823529411764706	Briza	0.11764705882352941	Selaginella	0.023529411764705882	Erica	0.011764705882352941
Lagurus_ovatus.jpg	Lagurus	Lagurus	0.5607843137254902	Polypogon	0.2784313725490196	Hordeum	0.0196078431372549	Trifolium	0.011764705882352941	Papaver	0.00784313725490196
Lamarckia_aurea_%28plant%29.jpg	Lamarckia	Lamarckia	1.0	Cerastium	0.0	Theligonum	0.0	Arctotheca	0.0	Lathyrus	0.0
Lamium_amplexicaule_Kaldari_01.jpg	Lamium	Lamium	0.8941176470588236	Clinopodium	0.047058823529411764	Salvia	0.00392156862745098	Marrubium	0.00392156862745098	Cerastium	0.0
Lamium_bifidum_imported_from_iNaturalist_photo_16334565_on_18_November_2021.jpg	Lamium	Lamium	0.9019607843137255	Stachys	0.023529411764705882	Urtica	0.0196078431372549	Prasium	0.0196078431372549	Scrophularia	0.00784313725490196
Lamium_maculatum_cm01.jpg	Lamium	Lamium	0.7647058823529411	Stachys	0.01568627450980392	Lunaria	0.011764705882352941	Urtica	0.00784313725490196	Teucrium	0.00392156862745098
Lamium_purpureum_-_Tutermaa.jpg	Lamium	Lamium	0.8627450980392156	Glechoma	0.0196078431372549	Ballota	0.00784313725490196	Stachys	0.00392156862745098	Marrubium	0.00392156862745098
LantanaFlowerLeaves.jpg	Lantana	Lantana	0.8705882352941177	Viburnum	0.023529411764705882	Rubus	0.00392156862745098	Buddleja	0.00392156862745098	Cerastium	0.0
Lapsana_communis_003.JPG	Lapsana	Lapsana	0.615686274509804	Crepis	0.22352941176470587	Hieracium	0.054901960784313725	Chondrilla	0.0196078431372549	Picris	0.011764705882352941
Lathyrus_angulatus.jpg	Lathyrus	Vicia	0.9843137254901961	Lathyrus	0.011764705882352941	Cerastium	0.0	Theligonum	0.0	Arctotheca	0.0
Lathyrus_sp._01.jpg	Lathyrus	Lathyrus	0.8431372549019608	Scorpiurus	0.047058823529411764	Vicia	0.043137254901960784	Carex	0.00392156862745098	Lotus	0.00392156862745098
Lathyrus_aphaca_var._aphaca1LEST.jpg	Lathyrus	Lathyrus	0.3254901960784314	Menyanthes	0.1450980392156863	Ornithogalum	0.03137254901960784	Helleborus	0.03137254901960784	Ruscus	0.027450980392156862
Lathyrus_cicera.JPG	Lathyrus	Lathyrus	0.8745098039215686	Scorpiurus	0.011764705882352941	Medicago	0.00392156862745098	Canna	0.00392156862745098	Vicia	0.00392156862745098
Lathyrus_clymenum1LEST.jpg	Lathyrus	Lathyrus	0.8862745098039214	Onobrychis	0.00784313725490196	Alcea	0.00392156862745098	Linaria	0.00392156862745098	Cerastium	0.0
Lathyrus_hirsutus_bgiu.jpg	Lathyrus	Lathyrus	0.6352941176470588	Vicia	0.23137254901960783	Viola	0.023529411764705882	Linaria	0.011764705882352941	Veronica	0.00392156862745098
Lathyrus_latifolius_flowers.jpg	Lathyrus	Lathyrus	0.9490196078431373	Lupinus	0.00392156862745098	Ophrys	0.00392156862745098	Hesperis	0.00392156862745098	Cerastium	0.0
Lathyrus_linifolius_RF.jpg	Lathyrus	Lathyrus	0.9058823529411765	Vicia	0.07450980392156863	Hippocrepis	0.00392156862745098	Lupinus	0.00392156862745098	Cerastium	0.0
Lathyrus_niger_%28Schwarz-Platterbse%29_IMG_7523.JPG	Lathyrus	Lathyrus	0.9098039215686274	Vicia	0.058823529411764705	Onobrychis	0.00392156862745098	Cerastium	0.0	Theligonum	0.0
Grass_Vetchling_%28Lathyrus_nissolia%29_%283552393290%29.jpg	Lathyrus	Lathyrus	0.972549019607843	Vicia	0.00392156862745098	Cerastium	0.0	Theligonum	0.0	Arctotheca	0.0
Lathyrus_ochrus.jpg	Lathyrus	Coincya	0.35294117647058826	Bombycilaena	0.15294117647058825	Lathyrus	0.1411764705882353	Carduncellus	0.054901960784313725	Centaurea	0.0392156862745098
Sweet_Pea-7.jpg	Lathyrus	Lathyrus	0.40784313725490196	Alcea	0.054901960784313725	Papaver	0.023529411764705882	Paeonia	0.011764705882352941	Glaucium	0.00784313725490196
%28MHNT%29_Lathyrus_pratensis-_Habit.jpg	Lathyrus	Trifolium	0.41568627450980394	Lathyrus	0.09411764705882353	Linaria	0.08627450980392157	Vicia	0.0784313725490196	Ranunculus	0.050980392156862744
Lathyrus_setifolius-Gesse_%C3%A0_feuille_fines-20160417.jpg	Lathyrus	Lathyrus	0.7254901960784312	Onobrychis	0.10196078431372549	Echium	0.00392156862745098	Vicia	0.00392156862745098	Daucus	0.00392156862745098
Lathyrus_sphaericus_Follateres.jpg	Lathyrus	Lathyrus	0.9999999999999999	Cerastium	0.0	Theligonum	0.0	Arctotheca	0.0	Ambrosia	0.0
Lathyrus_sylvestris1.jpg	Lathyrus	Lathyrus	0.8235294117647058	Allium	0.011764705882352941	Lupinus	0.011764705882352941	Silene	0.00784313725490196	Euphorbia	0.00392156862745098
Lathyrus_tingitanus1CEJO.jpg	Lathyrus	Lathyrus	0.9568627450980391	Alcea	0.00392156862745098	Cerastium	0.0	Theligonum	0.0	Arctotheca	0.0
Starr-071024-0195-Laurus_nobilis-leaves-Enchanting_Floral_Gardens_of_Kula-Maui_%2824867859296%29.jpg	Laurus	Laurus	0.5529411764705883	Phillyrea	0.16862745098039217	Quercus	0.16078431372549018	Rhamnus	0.050980392156862744	Arbutus	0.023529411764705882
Lavandula_latifolia_DehesaBoyalPuertollano.jpg	Lavandula	Lavandula	0.1607843137254902	Ajuga	0.10588235294117647	Limonium	0.10588235294117647	Vicia	0.09411764705882353	Nepeta	0.03137254901960784
Lavandula_multifida.jpg	Lavandula	Lavandula	0.1333333333333333	Dactylorhiza	0.043137254901960784	Alopecurus	0.027450980392156862	Stachys	0.023529411764705882	Salvia	0.0196078431372549
Lstoechas.jpg	Lavandula	Lavandula	0.9843137254901961	Salvia	0.00392156862745098	Cerastium	0.0	Theligonum	0.0	Arctotheca	0.0
Topped_lavendar_flowerhead.jpg	Lavandula	Lavandula	0.9764705882352941	Orobanche	0.00392156862745098	Cerastium	0.0	Theligonum	0.0	Arctotheca	0.0
L.viridis.JPG	Lavandula	Lavandula	0.9529411764705882	Dittrichia	0.01568627450980392	Senecio	0.00392156862745098	Cheirolophus	0.00392156862745098	Onosma	0.00392156862745098
Leersia_oryzoides_NRCS-1.jpg	Leersia	Poa	0.3019607843137254	Leersia	0.17647058823529413	Deschampsia	0.1411764705882353	Agrostis	0.11764705882352941	Festuca	0.09803921568627451
Legousia_hybrida_A.JPG	Legousia	Legousia	0.9254901960784314	Veronica	0.011764705882352941	Spergularia	0.00784313725490196	Geranium	0.00784313725490196	Campanula	0.00392156862745098
L_gibba2.jpg	Lemna	Lemna	0.9529411764705883	Callitriche	0.023529411764705882	Wolffia	0.00392156862745098	Cerastium	0.0	Theligonum	0.0
Eendekroos_dicht_bijeen.JPG	Lemna	Lemna	0.4392156862745098	Montia	0.23137254901960785	Honckenya	0.03529411764705882	Thymus	0.023529411764705882	Callitriche	0.023529411764705882
Lemnaminuta.jpg	Lemna	Lemna	0.43137254901960786	Minuartia	0.07058823529411765	Platanus	0.03137254901960784	Ammi	0.023529411764705882	Aegilops	0.0196078431372549
Leontodon_hispidus_hyoseroides.jpg	Leontodon	Senecio	0.8392156862745097	Scorzonera	0.09019607843137255	Anacyclus	0.01568627450980392	Reichardia	0.01568627450980392	Sonchus	0.011764705882352941
Leontodon_tuberosus_EnfoqueInflorescencia_2010-4-02_SierraMadrona.jpg	Leontodon	Leontodon	0.7098039215686275	Hypochaeris	0.054901960784313725	Scorzonera	0.050980392156862744	Taraxacum	0.03137254901960784	Reichardia	0.027450980392156862
Lepidium_graminifolium_2005.08.11_16.41.17.jpg	Lepidium	Lepidium	0.8431372549019608	Alisma	0.027450980392156862	Rhynchospora	0.023529411764705882	Linum	0.023529411764705882	Thalictrum	0.0196078431372549
Downy_Pepperwort_%28Lepidium_heterophyllum%29_-_geograph.org.uk_-_1393693.jpg	Lepidium	Lepidium	0.7529411764705882	Daucus	0.0392156862745098	Viburnum	0.011764705882352941	Tordylium	0.00784313725490196	Ammi	0.00784313725490196
20140523-Lepidium_latifolium-1.jpg	Lepidium	Calendula	0.20784313725490197	Camelina	0.2	Hieracium	0.07058823529411765	Dittrichia	0.06274509803921569	Brassica	0.043137254901960784
Lepidium_sativum_2019-05-04_2820.jpg	Lepidium	Oenanthe	0.12549019607843137	Papaver	0.10588235294117647	Ranunculus	0.10196078431372549	Lepidium	0.10196078431372549	Anthriscus	0.054901960784313725
Lepidium_virginicum_ssp_virginicum.jpg	Lepidium	Hornungia	0.32941176470588235	Corrigiola	0.058823529411764705	Plantago	0.0392156862745098	Thymus	0.03529411764705882	Veronica	0.027450980392156862
Leucanthemum_ircutianum_ENBLA02.JPG	Leucanthemum	Anthemis	0.4627450980392157	Leucanthemum	0.35294117647058826	Bellis	0.10588235294117647	Chamaemelum	0.01568627450980392	Erigeron	0.00392156862745098
Leucanthemum_vulgare_%27Filigran%27_Flower_2200px.jpg	Leucanthemum	Leucanthemum	0.807843137254902	Bellis	0.07058823529411765	Erigeron	0.011764705882352941	Papaver	0.00392156862745098	Anthemis	0.00392156862745098
FloweringLigustrumLucidumTree.jpg	Ligustrum	Acacia	0.988235294117647	Arbutus	0.00784313725490196	Cerastium	0.0	Theligonum	0.0	Arctotheca	0.0
Wilde_liguster_%28Ligustrum_vulgare%29.jpg	Ligustrum	Frangula	0.3137254901960784	Pistacia	0.1411764705882353	Rhus	0.07450980392156863	Rosa	0.06666666666666667	Ceratonia	0.06666666666666667
T%C3%BCrkenbund_Lilie%2C_Lilium_martagon_2.JPG	Lilium	Lilium	0.9764705882352941	Digitalis	0.00392156862745098	Cerastium	0.0	Theligonum	0.0	Arctotheca	0.0
%D0%9D%D0%B5%D0%B4%D0%BE%D1%80%D0%B0%D0%B7%D0%B2%D0%B8%D1%82_%D0%BB%D0%B8%D0%BC%D0%BE%D0%B4%D0%BE%D1%80%D1%83%D0%BC_Limodorum_abortivum.jpg	Limodorum	Limodorum	0.9254901960784313	Epipactis	0.00392156862745098	Cerastium	0.0	Theligonum	0.0	Arctotheca	0.0
Limodorum_abortivum_Orchi_2013-04-16_022.jpg	Limodorum	Limodorum	0.42352941176470593	Iris	0.07450980392156863	Scilla	0.03529411764705882	Romulea	0.011764705882352941	Delphinium	0.011764705882352941
Salgado_plant_on_the_beach.jpg	Limoniastrum	Limoniastrum	0.9254901960784314	Erica	0.0196078431372549	Convolvulus	0.00784313725490196	Spergularia	0.00392156862745098	Dianthus	0.00392156862745098
Limonium_perezii_3.jpg	Limonium	Scilla	0.39215686274509803	Trachelium	0.13725490196078433	Allium	0.043137254901960784	Limonium	0.043137254901960784	Viburnum	0.03137254901960784
Tema_Nezahat_Gokyigit_Park_1060783_20080513133708.JPG	Limonium	Limonium	0.8980392156862745	Hesperis	0.043137254901960784	Senecio	0.00784313725490196	Lobelia	0.00392156862745098	Limoniastrum	0.00392156862745098
Limonium_virgatum_%2AStatice_virgata.jpg	Limonium	Limonium	0.7960784313725491	Veronica	0.023529411764705882	Limoniastrum	0.0196078431372549	Velezia	0.01568627450980392	Polygonum	0.011764705882352941
Limonium_vulgare_001.JPG	Limonium	Limonium	0.39607843137254906	Scilla	0.2274509803921569	Eichhornia	0.1450980392156863	Allium	0.023529411764705882	Centaurium	0.011764705882352941
Linaria_triornithophora.JPG	Linaria	Linaria	0.37254901960784315	Lathyrus	0.09411764705882353	Antirrhinum	0.054901960784313725	Ornithopus	0.054901960784313725	Misopates	0.03137254901960784
Lindernia_dubia.jpg	Lindernia	Lindernia	0.8980392156862745	Scutellaria	0.043137254901960784	Veronica	0.00392156862745098	Vinca	0.00392156862745098	Moehringia	0.00392156862745098
Linum_austriacum_flora2.jpg	Linum	Linum	0.968627450980392	Viola	0.00392156862745098	Cerastium	0.0	Theligonum	0.0	Arctotheca	0.0
Flower_March_2008-13_edit.jpg	Linum	Linum	0.984313725490196	Viola	0.00392156862745098	Cerastium	0.0	Theligonum	0.0	Arctotheca	0.0
Liunum_catharticum1.jpg	Linum	Linum	0.5843137254901961	Saxifraga	0.06274509803921569	Cerastium	0.047058823529411764	Oxalis	0.011764705882352941	Veronica	0.00784313725490196
Linum_narbonense_flor.jpg	Linum	Linum	0.8901960784313725	Veronica	0.011764705882352941	Viola	0.00392156862745098	Ranunculus	0.00392156862745098	Malva	0.00392156862745098
Linus_strictum-Lin_raide-Boutons-20160610.jpg	Linum	Linum	0.9686274509803922	Galium	0.00392156862745098	Cerastium	0.0	Theligonum	0.0	Arctotheca	0.0
Linum_trigynum_Dingli_Cliffs_Malta_04.jpg	Linum	Linum	0.7176470588235294	Fumana	0.0784313725490196	Helianthemum	0.03529411764705882	Potentilla	0.01568627450980392	Oxalis	0.01568627450980392
Littorella_uniflora.jpeg	Littorella	Littorella	0.5372549019607843	Poa	0.09019607843137255	Plantago	0.07058823529411765	Spirodela	0.03137254901960784	Juncus	0.0196078431372549
Lobelia_close-up_%28aka%29.jpg	Lobelia	Lobelia	0.9098039215686274	Viola	0.0392156862745098	Aquilegia	0.0196078431372549	Matthiola	0.00392156862745098	Cerastium	0.0
Lobelia_urens_%28spike%29.jpg	Lobelia	Lobelia	0.9803921568627451	Linaria	0.00392156862745098	Cerastium	0.0	Theligonum	0.0	Arctotheca	0.0
Smagliczka_nadmorska_1.jpg	Lobularia	Ammi	0.37254901960784315	Scleranthus	0.17647058823529413	Thymus	0.10196078431372549	Galium	0.0392156862745098	Alyssum	0.023529411764705882
Logfia_gallica_3_%2814289082519%29.jpg	Logfia	Logfia	0.3411764705882353	Rhynchospora	0.10196078431372549	Aegilops	0.09411764705882353	Juncus	0.09019607843137255	Xeranthemum	0.08235294117647059
Logfia_minima.jpg	Logfia	Logfia	0.7490196078431373	Filago	0.07058823529411765	Scleranthus	0.03137254901960784	Juncus	0.01568627450980392	Halimium	0.00784313725490196
Lolium_multiflorum_detail.jpeg	Lolium	Lolium	0.8980392156862745	Bromus	0.0784313725490196	Glyceria	0.011764705882352941	Festuca	0.00392156862745098	Cerastium	0.0
Lolium_perenne_Engels_raaigras_doorschietend.jpg	Lolium	Peucedanum	0.45098039215686275	Poa	0.3568627450980392	Cymodocea	0.10980392156862745	Carex	0.027450980392156862	Bromus	0.0196078431372549
Lonicera_etrusca_3.jpg	Lonicera	Lonicera	0.9764705882352941	Fumaria	0.00392156862745098	Cerastium	0.0	Theligonum	0.0	Arctotheca	0.0
Loniceraimplexa.jpg	Lonicera	Lonicera	0.8941176470588235	Fumaria	0.01568627450980392	Phytolacca	0.00784313725490196	Corydalis	0.00784313725490196	Astragalus	0.00392156862745098
European_honeysuckle_800.jpg	Lonicera	Lonicera	0.9764705882352941	Astragalus	0.00784313725490196	Cerastium	0.0	Theligonum	0.0	Arctotheca	0.0
%28MHNT%29_Lotus_corniculatus_-_Plant_habit.jpg	Lotus	Genista	0.2980392156862745	Adenocarpus	0.25882352941176473	Cytisus	0.14509803921568626	Calicotome	0.12941176470588237	Withania	0.027450980392156862
Lotus_creticus.JPG	Lotus	Lotus	0.9372549019607843	Medicago	0.00784313725490196	Argyrolobium	0.00784313725490196	Coronilla	0.00784313725490196	Cerastium	0.0
Lotus_edulis_kz1.jpg	Lotus	Lotus	0.2	Medicago	0.12156862745098039	Ononis	0.11372549019607843	Hippocrepis	0.08627450980392157	Argyrolobium	0.03137254901960784
Lotus_ornithopodioides_RF_01.jpg	Lotus	Lotus	0.9607843137254901	Medicago	0.00392156862745098	Trifolium	0.00392156862745098	Ornithopus	0.00392156862745098	Cerastium	0.0
Lotus_uliginosus.jpg	Lotus	Lotus	0.49803921568627446	Melilotus	0.0392156862745098	Medicago	0.0196078431372549	Arum	0.0196078431372549	Berula	0.011764705882352941
Starr_070515-7067_Ludwigia_palustris.jpg	Ludwigia	Ludwigia	0.3411764705882353	Myrtus	0.23921568627450981	Epilobium	0.18823529411764706	Ligustrum	0.12156862745098039	Cornus	0.027450980392156862
Lunaria_annua_flowers.jpg	Lunaria	Lunaria	0.8431372549019608	Cistus	0.10196078431372549	Matthiola	0.0196078431372549	Helianthus	0.00392156862745098	Ageratina	0.00392156862745098
Lupinus_angustifolius_20150331_a.jpg	Lupinus	Lupinus	0.17254901960784313	Asparagus	0.1411764705882353	Anarrhinum	0.08235294117647059	Juniperus	0.03529411764705882	Galium	0.027450980392156862
Luzula_campestris_in_Wales.JPG	Luzula	Odontites	0.29411764705882354	Juncus	0.23529411764705882	Luzula	0.06666666666666667	Poa	0.043137254901960784	Schoenoplectus	0.03137254901960784
Luzula_multiflora_-_Berlin_Botanical_Garden_-_IMG_8554.JPG	Luzula	Juncus	0.4235294117647058	Agrostis	0.18823529411764706	Aira	0.12941176470588234	Anthoxanthum	0.06274509803921569	Eleocharis	0.027450980392156862
Luzula_sylvatica_in_natural_setting.JPG	Luzula	Carex	0.44705882352941173	Plantago	0.25098039215686274	Luzula	0.06274509803921569	Agapanthus	0.023529411764705882	Allium	0.011764705882352941
Lycium_europaeum.jpg	Lycium	Lycium	0.9333333333333333	Withania	0.027450980392156862	Salix	0.00392156862745098	Montia	0.00392156862745098	Olea	0.00392156862745098
Lycopodiella_inundata_002.jpg	Lycopodiella	Lycopodiella	0.6313725490196078	Lycopodium	0.043137254901960784	Ranunculus	0.00784313725490196	Selaginella	0.00784313725490196	Euphorbia	0.00392156862745098
Lycopodium_clavatum_151207.jpg	Lycopodium	Lycopodium	0.6509803921568628	Erica	0.08235294117647059	Myriophyllum	0.01568627450980392	Ulex	0.01568627450980392	Achillea	0.011764705882352941
Wolfspoot_R0012816.JPG	Lycopus	Teucrium	0.8980392156862745	Lycopus	0.08627450980392157	Thelypteris	0.00784313725490196	Cerastium	0.0	Theligonum	0.0
Lysimachia_ephemerum_kz01.jpg	Lysimachia	Lysimachia	0.5019607843137255	Orobanche	0.047058823529411764	Dactylorhiza	0.047058823529411764	Asphodelus	0.0392156862745098	Alyssum	0.023529411764705882
Yellow_pimpernel.jpg	Lysimachia	Lysimachia	0.2901960784313726	Hypericum	0.054901960784313725	Centaurium	0.047058823529411764	Lathyrus	0.0392156862745098	Helianthemum	0.03137254901960784
Lysimachia_vulgaris_%28flowers%29_2.jpg	Lysimachia	Lysimachia	0.9568627450980393	Barbarea	0.03529411764705882	Cerastium	0.0	Theligonum	0.0	Arctotheca	0.0
LythrumHyssopifolia2.jpg	Lythrum	Lythrum	0.9490196078431373	Micromeria	0.00784313725490196	Veronica	0.00392156862745098	Polygala	0.00392156862745098	Scutellaria	0.00392156862745098
Lythrum_junceum.jpg	Lythrum	Lythrum	0.9647058823529412	Centaurium	0.011764705882352941	Legousia	0.00392156862745098	Cerastium	0.0	Theligonum	0.0
LythrumPortula.jpg	Lythrum	Lythrum	0.9607843137254902	Montia	0.011764705882352941	Stellaria	0.00784313725490196	Cerastium	0.0	Theligonum	0.0
Lythrum_salicaria_-_harilik_kukesaba.jpg	Lythrum	Lythrum	0.7450980392156863	Stachys	0.027450980392156862	Mentha	0.011764705882352941	Armeria	0.00784313725490196	Thymus	0.00784313725490196
Malcolmia_littorea.jpg	Malcolmia	Malcolmia	0.9607843137254902	Matthiola	0.011764705882352941	Raphanus	0.00392156862745098	Cerastium	0.0	Theligonum	0.0
Malus_sylvestris_005.JPG	Malus	Malus	0.30980392156862746	Rosa	0.1411764705882353	Prunus	0.050980392156862744	Pyrus	0.0392156862745098	Solanum	0.03529411764705882
Malva_hispanica.jpg	Malva	Malva	0.9529411764705882	Althaea	0.023529411764705882	Cerastium	0.0	Theligonum	0.0	Arctotheca	0.0
Malva_neglecta-flower.jpg	Malva	Malva	0.8431372549019607	Althaea	0.07058823529411765	Erodium	0.01568627450980392	Geranium	0.00784313725490196	Lythrum	0.00392156862745098
Malvanicaeensis.jpg	Malva	Malva	0.8	Erodium	0.023529411764705882	Datura	0.011764705882352941	Trifolium	0.00784313725490196	Spergularia	0.00784313725490196
Malva_parviflora_small.jpg	Malva	Malva	0.9411764705882354	Thesium	0.00392156862745098	Populus	0.00392156862745098	Platanus	0.00392156862745098	Althaea	0.00392156862745098
Mallow_January_2008-1.jpg	Malva	Malva	0.6235294117647059	Althaea	0.07450980392156863	Geranium	0.011764705882352941	Gladiolus	0.00784313725490196	Ipomoea	0.00784313725490196
Malva_tournefortiana_20100707.jpg	Malva	Petrorhagia	0.5137254901960784	Cakile	0.1568627450980392	Verbena	0.09803921568627451	Limonium	0.043137254901960784	Matthiola	0.03529411764705882
Mantisalca_salmantica1.jpg	Mantisalca	Mantisalca	0.9254901960784314	Papaver	0.00784313725490196	Allium	0.00392156862745098	Onopordum	0.00392156862745098	Cerastium	0.0
Marsilea_quadrifolia_plants.jpg	Marsilea	Euphorbia	0.6745098039215685	Humulus	0.0392156862745098	Veronica	0.03529411764705882	Adiantum	0.027450980392156862	Oxalis	0.0196078431372549
P1070367.jpg	Matthiola	Matthiola	1.0	Cerastium	0.0	Theligonum	0.0	Arctotheca	0.0	Lathyrus	0.0
Matthiola_incana6.jpg	Matthiola	Matthiola	0.9294117647058824	Centranthus	0.01568627450980392	Galium	0.00392156862745098	Limonium	0.00392156862745098	Nerium	0.00392156862745098
Matthiola_sinuata1.jpg	Matthiola	Matthiola	0.9294117647058824	Malcolmia	0.00784313725490196	Silene	0.00392156862745098	Linaria	0.00392156862745098	Narcissus	0.00392156862745098
Medicago_arborea1.jpg	Medicago	Medicago	0.9490196078431372	Genista	0.023529411764705882	Senecio	0.00392156862745098	Dittrichia	0.00392156862745098	Anagyris	0.00392156862745098
Medicago_falcata_bgiu.jpg	Medicago	Medicago	0.8784313725490196	Melilotus	0.03137254901960784	Trifolium	0.023529411764705882	Barbarea	0.00784313725490196	Lotus	0.00392156862745098
Medicago_littoralis2.jpg	Medicago	Medicago	0.9921568627450981	Lotus	0.00392156862745098	Cerastium	0.0	Theligonum	0.0	Arctotheca	0.0
MedicagoLupulina02.jpg	Medicago	Medicago	0.8117647058823529	Trifolium	0.1411764705882353	Euphorbia	0.00784313725490196	Cerastium	0.0	Theligonum	0.0
Medicago_marina2.jpg	Medicago	Medicago	0.7137254901960783	Lotus	0.023529411764705882	Andryala	0.0196078431372549	Linaria	0.01568627450980392	Crithmum	0.00784313725490196
Medicago_minima_W.jpg	Medicago	Medicago	0.196078431372549	Trifolium	0.13725490196078433	Ornithopus	0.08627450980392157	Lotus	0.06274509803921569	Ranunculus	0.011764705882352941
Medicago_orbicularis1.jpg	Medicago	Medicago	0.7568627450980392	Trifolium	0.09803921568627451	Melilotus	0.00784313725490196	Ononis	0.00392156862745098	Hippocrepis	0.00392156862745098
Medicago_polymorpha_%28Flower%29.jpg	Medicago	Medicago	0.26666666666666666	Melilotus	0.09019607843137255	Trifolium	0.043137254901960784	Lysimachia	0.027450980392156862	Ornithopus	0.0196078431372549
Medicago_rigidula576.JPG	Medicago	Medicago	0.6941176470588235	Salix	0.050980392156862744	Trifolium	0.047058823529411764	Euphorbia	0.03137254901960784	Ononis	0.011764705882352941
Medicago_truncatula_A17_branch.JPG	Medicago	Trifolium	0.580392156862745	Melilotus	0.15294117647058825	Medicago	0.09019607843137255	Coronilla	0.043137254901960784	Oxalis	0.023529411764705882
Melampyrum_pratense.jpeg	Melampyrum	Melampyrum	0.9294117647058824	Lathyrus	0.00392156862745098	Linaria	0.00392156862745098	Cerastium	0.0	Theligonum	0.0
Melica_ciliata_010707.jpg	Melica	Melica	0.9294117647058824	Reseda	0.043137254901960784	Dactylis	0.00784313725490196	Stipa	0.00392156862745098	Cynosurus	0.00392156862745098
Melica-uniflora-fruits.jpg	Melica	Melica	1.0	Cerastium	0.0	Theligonum	0.0	Arctotheca	0.0	Lathyrus	0.0
Apis_mellifera_-_Melilotus_albus_-_Keila.jpg	Melilotus	Melilotus	0.06666666666666667	Trifolium	0.054901960784313725	Sesamoides	0.0392156862745098	Spiranthes	0.03137254901960784	Cerinthe	0.027450980392156862
Melilotus_indicus_%28Flower%29.jpg	Melilotus	Melilotus	0.41568627450980394	Medicago	0.043137254901960784	Salix	0.027450980392156862	Potamogeton	0.01568627450980392	Trifolium	0.01568627450980392
Bombus_lapidarius_-_Melilotus_officinalis_-_Tallinn.jpg	Melilotus	Melilotus	0.4549019607843137	Anagyris	0.027450980392156862	Senecio	0.023529411764705882	Trifolium	0.023529411764705882	Potamogeton	0.011764705882352941
Melilotus_segetalis_flowers.jpg	Melilotus	Melilotus	1.0	Cerastium	0.0	Theligonum	0.0	Arctotheca	0.0	Lathyrus	0.0
Lemon_balm_plant.jpg	Melissa	Melissa	0.5411764705882353	Mentha	0.14901960784313725	Scrophularia	0.047058823529411764	Amaranthus	0.03137254901960784	Galeopsis	0.03137254901960784
Melittis_melissophyllum_010603.jpg	Melittis	Melittis	0.9568627450980393	Cerastium	0.0	Theligonum	0.0	Arctotheca	0.0	Lathyrus	0.0
Mentha_aquatica_02.jpg	Mentha	Mentha	0.9568627450980391	Stachys	0.01568627450980392	Origanum	0.011764705882352941	Clinopodium	0.00784313725490196	Odontites	0.00392156862745098
Mentha_cervina_flower.jpg	Mentha	Mentha	0.9176470588235294	Torilis	0.01568627450980392	Oenanthe	0.011764705882352941	Allium	0.00392156862745098	Sanicula	0.00392156862745098
Gardenology.org-IMG_2751_rbgs11jan.jpg	Mentha	Mentha	0.9764705882352941	Jasione	0.011764705882352941	Cerastium	0.0	Theligonum	0.0	Arctotheca	0.0
Minze.jpg	Mentha	Melittis	0.3843137254901961	Mentha	0.18823529411764706	Mercurialis	0.18823529411764706	Buddleja	0.050980392156862744	Pulicaria	0.03137254901960784
Apple_Mint.jpg	Mentha	Mentha	0.8392156862745098	Teucrium	0.0392156862745098	Stachys	0.027450980392156862	Ballota	0.01568627450980392	Salvia	0.011764705882352941
Menyanthes_trifoliata_Bukkeblad.JPG	Menyanthes	Menyanthes	0.9803921568627451	Cerastium	0.0	Theligonum	0.0	Arctotheca	0.0	Lathyrus	0.0
Mercuralis_perennis.jpg	Mercurialis	Mercurialis	0.5607843137254902	Mentha	0.35294117647058826	Parietaria	0.08627450980392157	Cerastium	0.0	Theligonum	0.0
Ro%C5%9Blina_zielna_00pl.jpg	Mercurialis	Mercurialis	0.45098039215686275	Amaranthus	0.0392156862745098	Solanum	0.03529411764705882	Phytolacca	0.03529411764705882	Moehringia	0.03137254901960784
Unk_desert_flower_2.jpg	Mesembryanthemum	Mesembryanthemum	0.5764705882352941	Drosanthemum	0.01568627450980392	Drosera	0.011764705882352941	Silybum	0.011764705882352941	Sedum	0.00784313725490196
Mesambryanthemum_nodiflorum.jpg	Mesembryanthemum	Mesembryanthemum	0.8784313725490196	Sedum	0.01568627450980392	Disphyma	0.01568627450980392	Drosanthemum	0.011764705882352941	Cerastium	0.00784313725490196
Mibora_minima_Estepona_1.JPG	Mibora	Mibora	0.29411764705882354	Juncus	0.11764705882352941	Aira	0.054901960784313725	Molinia	0.054901960784313725	Eleocharis	0.03529411764705882
Micromeria_graeca_1.jpg	Micromeria	Micromeria	0.7568627450980392	Lythrum	0.050980392156862744	Anarrhinum	0.0196078431372549	Acanthus	0.011764705882352941	Teucrium	0.00784313725490196
Milium.effusum2.-.lindsey.jpg	Milium	Calamagrostis	0.19607843137254902	Leersia	0.17254901960784313	Elymus	0.09411764705882353	Anthoxanthum	0.09411764705882353	Myriophyllum	0.047058823529411764
Gul-Abas-4-O%27clock_plant.JPG	Mirabilis	Mirabilis	0.8666666666666667	Ipomoea	0.027450980392156862	Echium	0.00392156862745098	Oenothera	0.00392156862745098	Epilobium	0.00392156862745098
Misopates_calycinum_Lateral_2011-5-22_SierraMadrona.jpg	Misopates	Misopates	0.580392156862745	Vicia	0.2823529411764706	Lathyrus	0.0196078431372549	Lupinus	0.011764705882352941	Ononis	0.00784313725490196
Misopates_orontium1.jpg	Misopates	Misopates	0.9803921568627451	Silene	0.00392156862745098	Cerastium	0.0	Theligonum	0.0	Arctotheca	0.0
Moehringia_trinervia_2005.04.30_16.27.42.jpg	Moehringia	Moehringia	0.8941176470588236	Stellaria	0.023529411764705882	Galium	0.0196078431372549	Arenaria	0.00784313725490196	Valerianella	0.00392156862745098
Molinia.jpg	Molinia	Elymus	0.18039215686274507	Festuca	0.10980392156862745	Nardus	0.10980392156862745	Agrostis	0.06274509803921569	Molinia	0.058823529411764705
Montia_fontana_%28mezenc%2C_43%2C_France%292.JPG	Montia	Eichhornia	0.4980392156862745	Montia	0.396078431372549	Honckenya	0.03137254901960784	Disphyma	0.023529411764705882	Myriophyllum	0.01568627450980392
Flores_moricandia_arvensis.jpg	Moricandia	Moricandia	0.8862745098039215	Lunaria	0.011764705882352941	Viola	0.00784313725490196	Cardamine	0.00392156862745098	Linum	0.00392156862745098
Muscari_comosum_08-05-2010_%281%29.JPG	Muscari	Muscari	0.9921568627450981	Cerastium	0.0	Theligonum	0.0	Arctotheca	0.0	Lathyrus	0.0
Muscari_neglectum_%28flowers%29.jpg	Muscari	Muscari	0.9921568627450981	Cerastium	0.0	Theligonum	0.0	Arctotheca	0.0	Lathyrus	0.0
Myosotis_arvensis.jpeg	Myosotis	Myosotis	0.9490196078431371	Solanum	0.00784313725490196	Spergula	0.00784313725490196	Cerastium	0.0	Theligonum	0.0
Myosotis_discolor_habitus.jpeg	Myosotis	Myosotis	0.6431372549019607	Arabidopsis	0.0784313725490196	Calepina	0.0392156862745098	Draba	0.03529411764705882	Lobularia	0.0196078431372549
Myosotis_laxa.jpeg	Myosotis	Myosotis	0.9647058823529412	Narcissus	0.00392156862745098	Cerastium	0.0	Theligonum	0.0	Arctotheca	0.0
Myosotis_arvensis_ois.JPG	Myosotis	Myosotis	0.49411764705882355	Spergularia	0.043137254901960784	Centaurium	0.03137254901960784	Veronica	0.027450980392156862	Pentaglottis	0.027450980392156862
Myosotis_ramosissima-02_%28xndr%29.jpg	Myosotis	Myosotis	0.8823529411764706	Asperula	0.00784313725490196	Anchusa	0.00784313725490196	Veronica	0.00392156862745098	Lindernia	0.00392156862745098
Myrica-gale-hunlig.JPG	Myrica	Myrica	0.9529411764705882	Quercus	0.00784313725490196	Ceratonia	0.00784313725490196	Salix	0.00392156862745098	Rhamnus	0.00392156862745098
Fig._06_Myriophyllum_alternifolium.jpg	Myriophyllum	Myriophyllum	0.5215686274509804	Lysimachia	0.09803921568627451	Lythrum	0.07450980392156863	Sedum	0.043137254901960784	Potamogeton	0.03137254901960784
Myriophyllum_verticillatum.jpeg	Myriophyllum	Myriophyllum	0.8784313725490196	Utricularia	0.0196078431372549	Ranunculus	0.00392156862745098	Asparagus	0.00392156862745098	Ammi	0.00392156862745098
Myrtus_communis_L._subsp._communis_-_52505075873.png	Myrtus	Myrtus	0.8862745098039215	Prunus	0.01568627450980392	Filipendula	0.011764705882352941	Eucalyptus	0.011764705882352941	Allium	0.00392156862745098
Najas_marina_060628_Korea.jpg	Najas	Najas	0.34901960784313724	Ceratophyllum	0.13725490196078433	Zostera	0.06274509803921569	Potamogeton	0.03529411764705882	Myriophyllum	0.023529411764705882
Najas_minor_NRCS_%28original%29.jpg	Najas	Ceratophyllum	0.4196078431372549	Myriophyllum	0.09019607843137255	Ranunculus	0.054901960784313725	Zannichellia	0.03137254901960784	Juncus	0.0196078431372549
Narcissus_bulbocodium_citrinus_01.JPG	Narcissus	Narcissus	0.988235294117647	Oenothera	0.00392156862745098	Iris	0.00392156862745098	Cerastium	0.0	Theligonum	0.0
Narcissus_cyclamineus01.jpg	Narcissus	Narcissus	0.8705882352941177	Vincetoxicum	0.03137254901960784	Cytisus	0.027450980392156862	Genista	0.01568627450980392	Iris	0.011764705882352941
Narcissus_jonquilla_3.jpg	Narcissus	Narcissus	0.996078431372549	Cerastium	0.0	Theligonum	0.0	Arctotheca	0.0	Lathyrus	0.0
Narcissus_papyraceus_%27Paperwhite%27_02.JPG	Narcissus	Narcissus	0.8431372549019608	Allium	0.03137254901960784	Silene	0.00392156862745098	Quercus	0.00392156862745098	Ornithogalum	0.00392156862745098
Narcissus_pseudonarcissus_flower_300303.jpg	Narcissus	Narcissus	0.9764705882352942	Cerastium	0.0	Theligonum	0.0	Arctotheca	0.0	Lathyrus	0.0
Narcissus_rupicola_Habitus_2011-3-09_PtoNiefla_SierraMadrona.jpg	Narcissus	Narcissus	1.0	Cerastium	0.0	Theligonum	0.0	Arctotheca	0.0	Lathyrus	0.0
Narcissus_serotinus5656.jpg	Narcissus	Narcissus	0.4117647058823529	Ranunculus	0.050980392156862744	Anthericum	0.03137254901960784	Bidens	0.023529411764705882	Asphodelus	0.023529411764705882
Narcissus-tazetta-0006a.jpg	Narcissus	Narcissus	0.9764705882352941	Tanacetum	0.0196078431372549	Cerastium	0.0	Theligonum	0.0	Arctotheca	0.0
Narcissus_triandrus_4.jpg	Narcissus	Narcissus	0.9294117647058823	Lathyrus	0.00392156862745098	Pedicularis	0.00392156862745098	Cerastium	0.0	Theligonum	0.0
Nardus_stricta_mountain_medow.JPG	Nardus	Nardus	0.9568627450980393	Carex	0.00784313725490196	Festuca	0.00392156862745098	Eleocharis	0.00392156862745098	Deschampsia	0.00392156862745098
Rome_%283%29.jpg	Narthecium	Narthecium	0.4470588235294118	Poa	0.047058823529411764	Carex	0.043137254901960784	Erucastrum	0.0196078431372549	Dittrichia	0.011764705882352941
Neatostema_apulum_kz6.jpg	Neatostema	Neatostema	0.7372549019607844	Plantago	0.011764705882352941	Alyssum	0.011764705882352941	Euphorbia	0.00784313725490196	Ononis	0.00784313725490196
Neotinea_maculata_%28Sardinia%29.jpg	Neotinea	Neotinea	0.996078431372549	Dactylorhiza	0.00392156862745098	Cerastium	0.0	Theligonum	0.0	Arctotheca	0.0
Neottia_nidus-avis_-_Pruunikas_pesajuur_Keila.jpg	Neottia	Neottia	0.6313725490196078	Lactuca	0.09019607843137255	Hornungia	0.047058823529411764	Euphorbia	0.01568627450980392	Plantago	0.01568627450980392
Catnip-blossom.jpg	Nepeta	Stachys	0.4980392156862745	Ballota	0.0784313725490196	Phytolacca	0.03137254901960784	Mentha	0.0196078431372549	Trifolium	0.0196078431372549
Nerium_oleander_flowers_leaves.jpg	Nerium	Nerium	0.8117647058823529	Gomphocarpus	0.0392156862745098	Saponaria	0.01568627450980392	Matthiola	0.00784313725490196	Euphorbia	0.00392156862745098
Nicotiana_glauca_%288694803666%29.jpg	Nicotiana	Nicotiana	0.3411764705882353	Medicago	0.23921568627450981	Osyris	0.1843137254901961	Euphorbia	0.09411764705882353	Silene	0.0196078431372549
2007-10-25Nigella_damascena_10.jpg	Nigella	Nigella	0.5137254901960784	Centaurea	0.403921568627451	Jasione	0.0196078431372549	Veronica	0.01568627450980392	Eryngium	0.00392156862745098
Nonea_rossica_flowers_3.jpg	Nonea	Anchusa	0.5843137254901961	Nonea	0.22745098039215686	Carduncellus	0.01568627450980392	Parentucellia	0.011764705882352941	Hyoscyamus	0.011764705882352941
Nothoscordum_gracile_%288486631578%29.jpg	Nothoscordum	Allium	0.8156862745098039	Nothoscordum	0.09411764705882353	Ornithogalum	0.00784313725490196	Butomus	0.00784313725490196	Hyacinthoides	0.00392156862745098
Notobasis_syriaca.jpg	Notobasis	Notobasis	0.9803921568627451	Silybum	0.00784313725490196	Orchis	0.00392156862745098	Centaurea	0.00392156862745098	Cerastium	0.0
2016_Kwiat_grzybieni_bia%C5%82ych_2.jpg	Nymphaea	Nymphaea	0.796078431372549	Crocus	0.00784313725490196	Allium	0.00392156862745098	Colchicum	0.00392156862745098	Potamogeton	0.00392156862745098
NymphoidesPeltata-flower2-hr.jpg	Nymphoides	Nymphoides	0.9372549019607843	Lactuca	0.01568627450980392	Senecio	0.00784313725490196	Ranunculus	0.00392156862745098	Myriophyllum	0.00392156862745098
Red_bartsia_800.jpg	Odontites	Odontites	0.19607843137254902	Orobanche	0.03529411764705882	Stachys	0.03137254901960784	Salvia	0.03137254901960784	Silene	0.027450980392156862
Oenanthe_crocata_kz04.jpg	Oenanthe	Oenanthe	0.803921568627451	Crithmum	0.03137254901960784	Allium	0.011764705882352941	Ammi	0.011764705882352941	Thalictrum	0.00784313725490196
Oenanthe_fistulosa_flowers.jpg	Oenanthe	Oenanthe	0.984313725490196	Filipendula	0.00392156862745098	Heracleum	0.00392156862745098	Cerastium	0.0	Theligonum	0.0
Oenanthe_pimpinelloides2.jpg	Oenanthe	Bunium	0.4980392156862745	Oenanthe	0.2235294117647059	Daucus	0.07450980392156863	Conopodium	0.07450980392156863	Pimpinella	0.06666666666666667
Oenothera_biennis%2C_Vic-la-Gardiole_01.jpg	Oenothera	Oenothera	0.20392156862745098	Parentucellia	0.11372549019607843	Helianthemum	0.09803921568627451	Ononis	0.054901960784313725	Epilobium	0.0392156862745098
Oenothera_glazioviana_03_ies.jpg	Oenothera	Oenothera	0.9019607843137255	Melampyrum	0.00392156862745098	Trifolium	0.00392156862745098	Narcissus	0.00392156862745098	Cerastium	0.0
Oenothera_rosea1.jpg	Oenothera	Oenothera	0.9882352941176471	Silene	0.00392156862745098	Epilobium	0.00392156862745098	Cerastium	0.0	Theligonum	0.0
Oenothera_rubricaulis_2014_G1.jpg	Oenothera	Ononis	0.2	Oenothera	0.13725490196078433	Sinapis	0.03529411764705882	Myriophyllum	0.027450980392156862	Parentucellia	0.0196078431372549
Olivesfromjordan.jpg	Olea	Olea	0.3333333333333333	Silene	0.16470588235294117	Juglans	0.1450980392156863	Juniperus	0.07450980392156863	Prunus	0.06666666666666667
Onobrychis_arenaria1.jpg	Onobrychis	Trifolium	0.36470588235294116	Centaurium	0.07058823529411765	Dorycnopsis	0.058823529411764705	Onobrychis	0.047058823529411764	Parentucellia	0.047058823529411764
Onobrychis_viciifolia_Inflorescence_11April2009_CampoCalatrava.jpg	Onobrychis	Onobrychis	0.8078431372549019	Astragalus	0.0196078431372549	Lathyrus	0.00392156862745098	Sedum	0.00392156862745098	Trifolium	0.00392156862745098
Ononis_natrix_Sardinia_LM.jpg	Ononis	Lotus	0.43529411764705883	Argyrolobium	0.1568627450980392	Calicotome	0.047058823529411764	Scorpiurus	0.03529411764705882	Ononis	0.03137254901960784
CresminaDunes1.jpg	Ononis	Onopordum	0.3254901960784314	Stipa	0.16470588235294117	Phoenix	0.06274509803921569	Taxus	0.027450980392156862	Cytisus	0.023529411764705882
Ononis_reclinata_sl5.jpg	Ononis	Ononis	0.8627450980392156	Buglossoides	0.00784313725490196	Ornithopus	0.00784313725490196	Veronica	0.00392156862745098	Campanula	0.00392156862745098
Ononis_spinosa_1.jpg	Ononis	Lupinus	0.3843137254901961	Ononis	0.23137254901960785	Onobrychis	0.12156862745098039	Lathyrus	0.027450980392156862	Vicia	0.0196078431372549
Ononis_variegata.jpg	Ononis	Pulicaria	0.49411764705882355	Ononis	0.3843137254901961	Medicago	0.047058823529411764	Hippocrepis	0.027450980392156862	Rorippa	0.01568627450980392
Onopordum_acanthium.jpg	Onopordum	Lepidium	0.5764705882352941	Cichorium	0.09803921568627451	Cakile	0.09019607843137255	Verbena	0.0392156862745098	Calicotome	0.023529411764705882
Onopordum_illyricum_near_Holbrook_NSW_Australia.jpg	Onopordum	Onopordum	0.9803921568627452	Carduus	0.011764705882352941	Cerastium	0.0	Theligonum	0.0	Arctotheca	0.0
Cicak_cvet.jpg	Onopordum	Onopordum	0.815686274509804	Cynara	0.03529411764705882	Carduus	0.023529411764705882	Cirsium	0.01568627450980392	Carduncellus	0.00392156862745098
Onosma_simplicissima_flowers.jpg	Onosma	Clematis	0.5098039215686274	Onosma	0.13333333333333333	Bidens	0.047058823529411764	Allium	0.0392156862745098	Silene	0.011764705882352941
Ophioglossum_lusitanicum.jpg	Ophioglossum	Pilularia	0.24705882352941178	Theligonum	0.10980392156862745	Vaccinium	0.10980392156862745	Ophioglossum	0.03137254901960784	Ranunculus	0.027450980392156862
Ophioglossum_vulgatum_Saarland_01.jpg	Ophioglossum	Ophioglossum	0.30196078431372547	Arisarum	0.2980392156862745	Arum	0.10588235294117647	Alisma	0.054901960784313725	Ranunculus	0.023529411764705882
Bee_Orchid_%28Ophrys_apifera%29_%2814374841786%29_-_cropped.jpg	Ophrys	Ophrys	0.6666666666666666	Solanum	0.00784313725490196	Spergularia	0.00784313725490196	Aquilegia	0.00784313725490196	Romulea	0.00392156862745098
Ophrys-bombyliflora.web.jpg	Ophrys	Ophrys	0.8862745098039215	Euphorbia	0.011764705882352941	Paeonia	0.00784313725490196	Myrtus	0.00784313725490196	Hypericum	0.00392156862745098
Ophrys_lupercalis_3.jpg	Ophrys	Ophrys	0.5372549019607843	Euphorbia	0.06274509803921569	Fumana	0.01568627450980392	Helianthemum	0.011764705882352941	Verbascum	0.011764705882352941
Ophrys_lutea_Zingaro_180307.jpg	Ophrys	Ophrys	0.8705882352941177	Coronilla	0.011764705882352941	Verbascum	0.00392156862745098	Adonis	0.00392156862745098	Tuberaria	0.00392156862745098
Ophrys_scolopax_001.jpg	Ophrys	Ophrys	0.8862745098039218	Cheirolophus	0.00392156862745098	Erodium	0.00392156862745098	Cerastium	0.0	Theligonum	0.0
Ophrys_speculum_Mallorca_01.jpg	Ophrys	Ophrys	0.8745098039215686	Serapias	0.054901960784313725	Orchis	0.0196078431372549	Tuberaria	0.00784313725490196	Lobelia	0.00392156862745098
Ophrys_sphegodes_flowers.jpg	Ophrys	Ophrys	0.9568627450980391	Cerastium	0.0	Theligonum	0.0	Arctotheca	0.0	Lathyrus	0.0
Ophrys_tenthredinifera_Mallorca_01.jpg	Ophrys	Ophrys	0.3803921568627451	Erica	0.011764705882352941	Epipactis	0.011764705882352941	Euphorbia	0.00784313725490196	Spergularia	0.00784313725490196
Orchis_italica_wiki_mg-k01.jpg	Orchis	Orchis	0.5529411764705882	Anacamptis	0.13333333333333333	Allium	0.09803921568627451	Tragopogon	0.011764705882352941	Trifolium	0.00784313725490196
Orchis_mascula_inflorescence_-_Keila.jpg	Orchis	Orchis	0.803921568627451	Dactylorhiza	0.09411764705882353	Stachys	0.01568627450980392	Gymnadenia	0.00784313725490196	Veronica	0.00392156862745098
Anacamptis_morio_hampe.jpg	Orchis	Orchis	0.4980392156862745	Anarrhinum	0.12941176470588237	Cephalanthera	0.07058823529411765	Matthiola	0.050980392156862744	Linaria	0.03137254901960784
Orchis_provincialis_%28flower_spike%29.jpg	Orchis	Orchis	0.7568627450980392	Galium	0.01568627450980392	Dactylorhiza	0.011764705882352941	Ornithogalum	0.00392156862745098	Narcissus	0.00392156862745098
Origanum_vulgare_-_harilik_pune.jpg	Origanum	Origanum	0.43137254901960786	Juncus	0.2431372549019608	Oenanthe	0.054901960784313725	Plantago	0.011764705882352941	Eryngium	0.00784313725490196
Caucalis_platycarpos1_eF.jpg	Orlaya	Scandix	0.48627450980392156	Anthriscus	0.16862745098039217	Orlaya	0.11764705882352941	Conopodium	0.01568627450980392	Peucedanum	0.01568627450980392
Ornithogalum_arabicum491228475.jpg	Ornithogalum	Ornithogalum	0.7764705882352941	Allium	0.0196078431372549	Polypodium	0.01568627450980392	Leucanthemum	0.011764705882352941	Bellis	0.00784313725490196
Ornithogalum_narbonense.jpg	Ornithogalum	Ornithogalum	0.9803921568627451	Anthericum	0.00392156862745098	Cerastium	0.0	Theligonum	0.0	Arctotheca	0.0
Bath_asparagus_clouts_wood.jpg	Ornithogalum	Ornithogalum	0.08627450980392157	Phytolacca	0.08235294117647059	Reseda	0.054901960784313725	Neotinea	0.054901960784313725	Stachys	0.027450980392156862
Ornithopus_perpusillus.jpeg	Ornithopus	Ornithopus	0.9921568627450981	Cerastium	0.0	Theligonum	0.0	Arctotheca	0.0	Lathyrus	0.0
Ornithopus_sativus_flower%2C_serradelle_bloem.jpg	Ornithopus	Ornithopus	0.9490196078431372	Ononis	0.00784313725490196	Althaea	0.00784313725490196	Trifolium	0.00392156862745098	Vicia	0.00392156862745098
Orobanche_crenata_1.jpg	Orobanche	Orobanche	0.611764705882353	Neottia	0.30196078431372547	Equisetum	0.01568627450980392	Paeonia	0.00392156862745098	Cistanche	0.00392156862745098
Orobanche_hederae1.jpg	Orobanche	Orobanche	0.9686274509803922	Prunella	0.00392156862745098	Neottia	0.00392156862745098	Cerastium	0.0	Theligonum	0.0
Orobanche_latisquama%2C_Santa_Perp%C3%A8tua_de_Gai%C3%A0%2C_6.jpg	Orobanche	Orobanche	0.9019607843137254	Carex	0.00392156862745098	Cytinus	0.00392156862745098	Cerastium	0.0	Theligonum	0.0
Orobanche_minor_plant.jpg	Orobanche	Orobanche	0.9215686274509804	Gratiola	0.011764705882352941	Neottia	0.00784313725490196	Parentucellia	0.00392156862745098	Odontites	0.00392156862745098
Orobanche_rapum-genistae.jpg	Orobanche	Polypodium	0.24705882352941178	Arbutus	0.09411764705882353	Erica	0.07450980392156863	Platanus	0.07450980392156863	Salix	0.054901960784313725
OsmundaRegalis.jpg	Osmunda	Osmunda	0.8901960784313725	Davallia	0.023529411764705882	Polypodium	0.01568627450980392	Dryopteris	0.00784313725490196	Apium	0.00392156862745098
Santalaceae_-_Osyris_alba.JPG	Osyris	Osyris	0.9647058823529412	Taxus	0.011764705882352941	Daphne	0.00784313725490196	Cerastium	0.0	Theligonum	0.0
Osyris_lanceolata.JPG	Osyris	Osyris	0.792156862745098	Quercus	0.00784313725490196	Arbutus	0.00784313725490196	Lathyrus	0.00392156862745098	Daphne	0.00392156862745098
Otanthus_maritimus_6_%28Espagne%29.JPG	Otanthus	Otanthus	0.48627450980392156	Andryala	0.3411764705882353	Echinospartum	0.027450980392156862	Calendula	0.0196078431372549	Helichrysum	0.01568627450980392
Oxalis_acetosella_LC0190.jpg	Oxalis	Oxalis	0.8156862745098039	Baldellia	0.043137254901960784	Cardamine	0.03137254901960784	Arenaria	0.0196078431372549	Ranunculus	0.00392156862745098
Flowers_of_Oxalis_articulata_20181102.jpg	Oxalis	Convolvulus	0.6235294117647059	Cistus	0.2235294117647059	Ipomoea	0.027450980392156862	Daboecia	0.027450980392156862	Drosanthemum	0.0196078431372549
Oxalis_corniculata23.jpg	Oxalis	Oxalis	0.44313725490196076	Linum	0.16862745098039217	Hypericum	0.047058823529411764	Ranunculus	0.03529411764705882	Anemone	0.027450980392156862
Oxalis_corymbosa_2.jpg	Oxalis	Oxalis	0.9098039215686274	Cardamine	0.00392156862745098	Zantedeschia	0.00392156862745098	Cerastium	0.0	Theligonum	0.0
Oxalis_exilis_kz3.jpg	Oxalis	Oxalis	0.9725490196078432	Hypericum	0.00392156862745098	Centaurium	0.00392156862745098	Blackstonia	0.00392156862745098	Cerastium	0.0
Oxalis_latifolia_3.jpg	Oxalis	Oxalis	0.7254901960784313	Anemone	0.06274509803921569	Lathyrus	0.058823529411764705	Arabis	0.0196078431372549	Vicia	0.01568627450980392
Oxalis-pes-caprae-16c-Zachi-Evenor.jpg	Oxalis	Oxalis	0.9294117647058824	Ononis	0.00392156862745098	Hypericum	0.00392156862745098	Cerastium	0.0	Theligonum	0.0
Oxalis_purpurea_%28Habitus%29.jpg	Oxalis	Oxalis	0.6549019607843137	Convolvulus	0.09411764705882353	Lathyrus	0.047058823529411764	Alcea	0.011764705882352941	Paeonia	0.011764705882352941
Alor_Olivenza_Paeonia_broteri_broterio_%28Extremadura%29.jpg	Paeonia	Paeonia	0.8352941176470587	Carpobrotus	0.011764705882352941	Canna	0.00392156862745098	Papaver	0.00392156862745098	Nymphaea	0.00392156862745098
Paeonia_officinalis_01.JPG	Paeonia	Paeonia	0.8784313725490196	Nerium	0.01568627450980392	Euphorbia	0.00784313725490196	Carpobrotus	0.00784313725490196	Matthiola	0.00784313725490196
Pallenis_spinosa_3.JPG	Pallenis	Pallenis	0.5882352941176471	Asteriscus	0.0784313725490196	Argyrolobium	0.011764705882352941	Cistus	0.011764705882352941	Leucanthemum	0.011764705882352941
Pacratium_maritimum_Paestum.jpg	Pancratium	Pancratium	0.8117647058823529	Narcissus	0.047058823529411764	Scilla	0.01568627450980392	Ornithogalum	0.00784313725490196	Armeria	0.00392156862745098
Amapola_macho_-Papaver_argemone_%287385599770%29.jpg	Papaver	Papaver	0.8117647058823529	Tuberaria	0.0392156862745098	Adonis	0.011764705882352941	Linaria	0.00784313725490196	Ranunculus	0.00392156862745098
Papaver_hybridum_la_amapola_blaugrana_%286919562314%29.jpg	Papaver	Papaver	0.8980392156862744	Adonis	0.011764705882352941	Cerastium	0.0	Theligonum	0.0	Arctotheca	0.0
Papaver_pinnatifidum_TalloHojas_2009-5-17_DehesaBoyaldePuertollano.jpg	Papaver	Ononis	0.38823529411764707	Fumana	0.07058823529411765	Atractylis	0.058823529411764705	Halimium	0.047058823529411764	Sedum	0.03137254901960784
Parapholis_incurva.jpg	Parapholis	Phleum	0.054901960784313725	Bromus	0.043137254901960784	Lycopodiella	0.0392156862745098	Vulpia	0.03529411764705882	Alopecurus	0.03529411764705882
Parapholisstrigosa.jpg	Parapholis	Juncus	0.35686274509803917	Eleocharis	0.2274509803921569	Polygonum	0.03529411764705882	Trichophorum	0.011764705882352941	Myrica	0.011764705882352941
Paraserianthes_lophantha_-_Photographed_on_the_west_side_of_Buena_Vista_Park%2C_San_Francisco.jpg	Paraserianthes	Acacia	0.5411764705882353	Paraserianthes	0.43529411764705883	Erophaca	0.00392156862745098	Cerastium	0.0	Theligonum	0.0
Parentucellia_latifolia.jpeg	Parentucellia	Parentucellia	0.7725490196078432	Lamium	0.058823529411764705	Anthyllis	0.023529411764705882	Nonea	0.011764705882352941	Euphorbia	0.00392156862745098
Starr_040723-0206_Parentucellia_viscosa.jpg	Parentucellia	Parentucellia	0.7568627450980393	Neatostema	0.027450980392156862	Euphorbia	0.011764705882352941	Verbascum	0.011764705882352941	Alyssum	0.011764705882352941
Parietaria_judaica_000.jpg	Parietaria	Parietaria	0.9294117647058824	Vincetoxicum	0.00784313725490196	Amaranthus	0.00392156862745098	Hypericum	0.00392156862745098	Artemisia	0.00392156862745098
Paronychia_argentea_%28286232698%29.jpg	Paronychia	Paronychia	0.7921568627450981	Linaria	0.047058823529411764	Echinospartum	0.0392156862745098	Teucrium	0.0196078431372549	Sedum	0.01568627450980392
Paspalum_dilatatum1.jpg	Paspalum	Paspalum	0.5137254901960784	Carex	0.34509803921568616	Melica	0.01568627450980392	Setaria	0.01568627450980392	Deschampsia	0.01568627450980392
Paspalum_distichum_7th_Brigade_Park_Chermside_P1090453.jpg	Paspalum	Paspalum	0.9725490196078431	Cynodon	0.027450980392156862	Cerastium	0.0	Theligonum	0.0	Arctotheca	0.0
Passiflora_caerulea_%282019-06-24%29_frontal-view.jpg	Passiflora	Passiflora	0.7137254901960784	Veronica	0.011764705882352941	Polypodium	0.00392156862745098	Bellis	0.00392156862745098	Convolvulus	0.00392156862745098
Waldl%C3%A4usekraut_%28Pedicularis_sylvatica%29%4004.jpg	Pedicularis	Pedicularis	0.5333333333333333	Lamium	0.047058823529411764	Erica	0.03137254901960784	Silene	0.023529411764705882	Micromeria	0.023529411764705882
Overblijvende_ossentong_Pentaglottis_sempervirens_closeup.jpg	Pentaglottis	Pentaglottis	0.6196078431372549	Omphalodes	0.047058823529411764	Myosotis	0.0196078431372549	Borago	0.01568627450980392	Anchusa	0.011764705882352941
Petrorhagiadubia.jpg	Petrorhagia	Petrorhagia	0.5294117647058824	Geranium	0.1333333333333333	Silene	0.047058823529411764	Trifolium	0.011764705882352941	Stellaria	0.00784313725490196
Petroragia_nanteuilii_closeup2_DehesaBoyalPuertollano.jpg	Petrorhagia	Petrorhagia	0.9921568627450981	Epilobium	0.00784313725490196	Cerastium	0.0	Theligonum	0.0	Arctotheca	0.0
Petrorhagia_saxifraga.jpg	Petrorhagia	Petrorhagia	0.7686274509803921	Viola	0.0392156862745098	Epilobium	0.023529411764705882	Erodium	0.01568627450980392	Linum	0.01568627450980392
Sitochroa_palealis-01_%28xndr%29.jpg	Peucedanum	Valeriana	0.06666666666666667	Centranthus	0.058823529411764705	Cynanchum	0.058823529411764705	Eupatorium	0.03137254901960784	Silene	0.027450980392156862
Phagnalon_rupestre_1.jpg	Phagnalon	Phagnalon	0.6	Senecio	0.050980392156862744	Reichardia	0.050980392156862744	Arnoseris	0.0196078431372549	Asphodelus	0.01568627450980392
Phagnalon_saxatile.JPG	Phagnalon	Phagnalon	1.0	Cerastium	0.0	Theligonum	0.0	Arctotheca	0.0	Lathyrus	0.0
Phalaris_arundinacea_1.jpg	Phalaris	Holcus	0.7019607843137254	Poa	0.11372549019607843	Polypogon	0.07058823529411765	Calamagrostis	0.06274509803921569	Phalaris	0.011764705882352941
Phillyrea_angustifolia_g1.jpg	Phillyrea	Phillyrea	0.21176470588235297	Myrica	0.13725490196078433	Acacia	0.11372549019607843	Rhamnus	0.10588235294117647	Olea	0.023529411764705882
Phillyrea_latifolia2.jpg	Phillyrea	Phillyrea	0.5411764705882353	Laurus	0.1450980392156863	Arbutus	0.054901960784313725	Viburnum	0.050980392156862744	Rhamnus	0.027450980392156862
Timothee_%28Phleum_pratense_subsp._pratense%29.jpg	Phleum	Phleum	0.6705882352941177	Reseda	0.047058823529411764	Alopecurus	0.023529411764705882	Trifolium	0.0196078431372549	Carex	0.01568627450980392
Phleum_phleoides_-_Berlin_Botanical_Garden_-_IMG_8578.JPG	Phleum	Myriophyllum	0.2	Artemisia	0.0784313725490196	Agrostis	0.027450980392156862	Aira	0.027450980392156862	Alopecurus	0.027450980392156862
Timothy_grass.jpg	Phleum	Phleum	0.984313725490196	Setaria	0.00784313725490196	Trifolium	0.00392156862745098	Cerastium	0.0	Theligonum	0.0
Phoenix_canariensis_CBMen_6.jpg	Phoenix	Phoenix	0.6235294117647059	Acacia	0.27450980392156865	Paraserianthes	0.03529411764705882	Onosma	0.00392156862745098	Taxus	0.00392156862745098
Phragmites_australis_-_NASA_Tracks_an_Environmental_Invader_%2848049936657%29.jpg	Phragmites	Spartium	0.10588235294117647	Asphodelus	0.07450980392156863	Typha	0.06274509803921569	Iris	0.050980392156862744	Ulex	0.050980392156862744
Pokeweed_bush_in_Northumberland_County%2C_Pennsylvania.JPG	Phytolacca	Phytolacca	0.7843137254901961	Salix	0.058823529411764705	Fuchsia	0.027450980392156862	Avena	0.011764705882352941	Acacia	0.011764705882352941
Picnomon_acarna_InflorescenceCloseup_CampodeCalatrava.jpg	Picnomon	Picnomon	0.6588235294117647	Cynara	0.0392156862745098	Xanthium	0.023529411764705882	Eryngium	0.011764705882352941	Ajuga	0.00784313725490196
Hieracium_pilosella_plant.jpg	Pilosella	Pilosella	0.6431372549019608	Scorzonera	0.058823529411764705	Leontodon	0.0392156862745098	Inula	0.03137254901960784	Reichardia	0.023529411764705882
Apiaceae_-_Pimpinella_major-1.JPG	Pimpinella	Pimpinella	0.9607843137254902	Physospermum	0.00392156862745098	Tordylium	0.00392156862745098	Daucus	0.00392156862745098	Oenanthe	0.00392156862745098
Pinguicula_lusitanica.JPG	Pinguicula	Pinguicula	1.0	Cerastium	0.0	Theligonum	0.0	Arctotheca	0.0	Lathyrus	0.0
Pinguicula_vulgaris_flower_%28front_view%29_-_Keila.jpg	Pinguicula	Pinguicula	0.7843137254901961	Orchis	0.050980392156862744	Chaenorhinum	0.027450980392156862	Stachys	0.01568627450980392	Glechoma	0.00784313725490196
%CE%A7%CE%B1%CE%BB%CE%AD%CF%80%CE%B9%CE%BF%CF%82_%CF%80%CE%B5%CF%8D%CE%BA%CE%B7_%CE%A3%CE%BF%CF%8D%CE%BD%CE%B9%CE%BF_1963.jpg	Pinus	Pinus	0.9058823529411765	Robinia	0.06666666666666667	Ferula	0.00784313725490196	Erica	0.00392156862745098	Cerastium	0.0
Pinus_pinaster.jpg	Pinus	Pinus	1.003921568627451	Cerastium	0.0	Theligonum	0.0	Arctotheca	0.0	Lathyrus	0.0
Pinus_pinea_Wellington_Botanic_Gardens.jpg	Pinus	Pinus	0.9333333333333333	Aeonium	0.00784313725490196	Erica	0.00392156862745098	Ammi	0.00392156862745098	Scorpiurus	0.00392156862745098
Skuleskogen_pine.jpg	Pinus	Pinus	0.8156862745098039	Eucalyptus	0.10980392156862745	Salix	0.011764705882352941	Taxus	0.00784313725490196	Acacia	0.00392156862745098
Piptatherummiliaceum.jpg	Piptatherum	Bromus	0.5137254901960784	Stipa	0.3529411764705882	Piptatherum	0.027450980392156862	Avena	0.023529411764705882	Cortaderia	0.00784313725490196
Pistacia_lentiscus.jpg	Pistacia	Pistacia	0.984313725490196	Arbutus	0.00392156862745098	Myrica	0.00392156862745098	Cerastium	0.0	Theligonum	0.0
Pistacia_palaestina.JPG	Pistacia	Acacia	0.4392156862745098	Quercus	0.1333333333333333	Pinus	0.10588235294117647	Juniperus	0.03137254901960784	Anagyris	0.023529411764705882
Pistorinia_1_sp.JPG	Pistorinia	Sedum	0.6705882352941177	Cytinus	0.06274509803921569	Mesembryanthemum	0.03137254901960784	Rhus	0.01568627450980392	Pinus	0.011764705882352941
Pittosporum_Tobira_JPG0.jpg	Pittosporum	Pittosporum	0.3686274509803922	Daphne	0.1411764705882353	Heliotropium	0.12549019607843137	Acacia	0.03529411764705882	Polygonum	0.023529411764705882
Pittosporum_undulatum_fruit.jpg	Pittosporum	Pittosporum	0.6392156862745098	Ilex	0.19607843137254902	Laurus	0.08627450980392157	Prunus	0.01568627450980392	Castanea	0.011764705882352941
Plantago_albicans_kz3.jpg	Plantago	Reichardia	0.18823529411764706	Alopecurus	0.14509803921568626	Matthiola	0.06274509803921569	Leontodon	0.058823529411764705	Plantago	0.054901960784313725
Plantago_lagopus_Habitus_2011-4-10_SierraMadrona.jpg	Plantago	Plantago	0.2	Carex	0.18039215686274507	Allium	0.08235294117647059	Juncus	0.058823529411764705	Scirpoides	0.043137254901960784
Ribwort_600.jpg	Plantago	Plantago	0.6392156862745098	Allium	0.050980392156862744	Agapanthus	0.03529411764705882	Hyacinthoides	0.01568627450980392	Asphodelus	0.011764705882352941
Grote_weegbree_bloeiwijze_Plantago_major_subsp._major.jpg	Plantago	Plantago	0.9803921568627451	Reseda	0.00784313725490196	Phytolacca	0.00392156862745098	Cerastium	0.0	Theligonum	0.0
Plantago_maritima_v._juncoides3326.jpg	Plantago	Euphorbia	0.3607843137254902	Plantago	0.28627450980392155	Aeonium	0.03529411764705882	Sedum	0.027450980392156862	Polypodium	0.023529411764705882
Malta_-_Qrendi_-_Hagar_Qim_and_Mnajdra_Archaeological_Park_-_Plantago_serraria_01_ies.jpg	Plantago	Plantago	0.5725490196078431	Matthiola	0.19607843137254902	Euphorbia	0.047058823529411764	Sedum	0.023529411764705882	Globularia	0.01568627450980392
Berkeley_Square_-_geograph.org.uk_-_911963.jpg	Platanus	Salix	0.33333333333333337	Ailanthus	0.15294117647058825	Poa	0.027450980392156862	Elymus	0.023529411764705882	Bromus	0.023529411764705882
Poa_angustifolia1.JPG	Poa	Poa	0.9490196078431372	Agrostis	0.00784313725490196	Polypogon	0.00784313725490196	Eragrostis	0.00784313725490196	Arrhenatherum	0.00784313725490196
Poa_annua.jpeg	Poa	Poa	0.9098039215686274	Milium	0.043137254901960784	Agrostis	0.00392156862745098	Eragrostis	0.00392156862745098	Myosotis	0.00392156862745098
Poabulbosa.jpg	Poa	Poa	0.6980392156862745	Nigella	0.13333333333333333	Ulex	0.0392156862745098	Asparagus	0.011764705882352941	Bassia	0.011764705882352941
Poa_infirma.jpg	Poa	Camelina	0.43137254901960786	Poa	0.2823529411764706	Eragrostis	0.047058823529411764	Milium	0.023529411764705882	Catapodium	0.0196078431372549
Poa.nemoralis.in.may.germany.jpg	Poa	Schoenoplectus	0.42745098039215684	Poa	0.09411764705882353	Glyceria	0.0784313725490196	Typha	0.06666666666666667	Eleocharis	0.058823529411764705
Veldbeemdgras_Poa_pratensis.jpg	Poa	Poa	0.2705882352941177	Carex	0.12156862745098039	Cyperus	0.11372549019607843	Agrostis	0.09019607843137255	Pilularia	0.06274509803921569
Poa_trivialis_Ruwbeembgras_bloeiwijze.jpg	Poa	Eragrostis	0.16862745098039217	Deschampsia	0.14901960784313725	Poa	0.09411764705882353	Milium	0.07450980392156863	Bromus	0.07450980392156863
Polycarpon_tetraphyllum.jpg	Polycarpon	Sedum	0.25882352941176473	Corrigiola	0.2549019607843137	Scleranthus	0.0784313725490196	Illecebrum	0.047058823529411764	Polycarpon	0.03137254901960784
Polygala_monspeliaca.jpg	Polygala	Lythrum	0.2274509803921569	Polygala	0.050980392156862744	Mesembryanthemum	0.03137254901960784	Disphyma	0.03137254901960784	Velezia	0.027450980392156862
Polygala_serpyllifolia.jpg	Polygala	Polygala	1.0	Cerastium	0.0	Theligonum	0.0	Arctotheca	0.0	Lathyrus	0.0
Polygala_vulgaris_290504.jpg	Polygala	Polygala	0.8431372549019607	Vicia	0.03137254901960784	Limonium	0.011764705882352941	Poa	0.00784313725490196	Hyacinthoides	0.00392156862745098
Angular_solomons-seal_Polygonatum_odoratum.jpg	Polygonatum	Polygonatum	0.9803921568627451	Allium	0.00392156862745098	Cerastium	0.0	Theligonum	0.0	Arctotheca	0.0
Polygonumarenastrum.jpg	Polygonum	Polygonum	0.807843137254902	Bassia	0.03137254901960784	Amaranthus	0.0196078431372549	Lythrum	0.01568627450980392	Chenopodium	0.00784313725490196
Polygonum_aviculare_4.JPG	Polygonum	Polygonum	0.8235294117647058	Rumex	0.043137254901960784	Artemisia	0.043137254901960784	Lythrum	0.027450980392156862	Erica	0.011764705882352941
Polypodium_cambricum_002.jpg	Polypodium	Pteris	0.4823529411764706	Polypodium	0.23529411764705882	Dryopteris	0.12156862745098039	Acacia	0.027450980392156862	Cryptogramma	0.01568627450980392
Polypodium_vulgare_%28aka%29.jpg	Polypodium	Woodwardia	0.396078431372549	Ailanthus	0.09411764705882353	Dryopteris	0.09019607843137255	Pteridium	0.06666666666666667	Prunus	0.027450980392156862
Polypogon_monspeliensis_%281%29.jpg	Polypogon	Polypogon	0.8392156862745098	Lagurus	0.06274509803921569	Setaria	0.01568627450980392	Cynosurus	0.00784313725490196	Lagoecia	0.00784313725490196
Agrostisviridis.jpg	Polypogon	Corynephorus	0.5647058823529412	Agrostis	0.03529411764705882	Juncus	0.03529411764705882	Rumex	0.023529411764705882	Elymus	0.023529411764705882
Polystichum_setiferum0.jpg	Polystichum	Dryopteris	0.25098039215686274	Anthemis	0.12156862745098039	Chamaecyparis	0.09803921568627451	Pulicaria	0.0784313725490196	Medicago	0.07058823529411765
Populus_nigra_kz1.jpg	Populus	Pinus	0.25098039215686274	Salix	0.08235294117647059	Retama	0.050980392156862744	Prunus	0.047058823529411764	Dittrichia	0.047058823529411764
PopulusTremula001.JPG	Populus	Populus	0.9411764705882353	Pyrus	0.00784313725490196	Prunus	0.00392156862745098	Reynoutria	0.00392156862745098	Vitis	0.00392156862745098
Portulaca_oleracea.jpg	Portulaca	Heliotropium	0.26666666666666666	Polygonum	0.09411764705882353	Euphorbia	0.047058823529411764	Cerinthe	0.047058823529411764	Portulaca	0.03529411764705882
Potamogeton_coloratus_%288405211888%29.jpg	Potamogeton	Canna	0.16470588235294117	Salix	0.08235294117647059	Potamogeton	0.08235294117647059	Epilobium	0.043137254901960784	Lepidium	0.0392156862745098
PotamogetonCrispus.jpg	Potamogeton	Pteris	0.10588235294117647	Potamogeton	0.09019607843137255	Groenlandia	0.08235294117647059	Dryopteris	0.047058823529411764	Polypodium	0.023529411764705882
Potamogeton_gramineus_%283817604665%29.jpg	Potamogeton	Potamogeton	0.9568627450980393	Cerastium	0.0	Theligonum	0.0	Arctotheca	0.0	Lathyrus	0.0
PotamogetonLucens.jpg	Potamogeton	Potamogeton	0.9725490196078431	Rumex	0.011764705882352941	Cerastium	0.0	Theligonum	0.0	Arctotheca	0.0
PotamogetonNatans.jpg	Potamogeton	Potamogeton	0.9686274509803922	Nymphaea	0.01568627450980392	Nymphoides	0.00392156862745098	Cerastium	0.0	Theligonum	0.0
Potamogeton_nodosus_kz06.jpg	Potamogeton	Potamogeton	0.968627450980392	Nymphaea	0.00392156862745098	Cerastium	0.0	Theligonum	0.0	Arctotheca	0.0
Potamogeton_perfoliatus.jpeg	Potamogeton	Potamogeton	0.8196078431372549	Ludwigia	0.0392156862745098	Groenlandia	0.0196078431372549	Lythrum	0.011764705882352941	Epilobium	0.00784313725490196
Potentilla_reptans_beauvais-carriere-bracheux_60_20062008_1.jpg	Potentilla	Potentilla	0.9725490196078431	Arnoseris	0.01568627450980392	Trifolium	0.00392156862745098	Cerastium	0.0	Theligonum	0.0
Drymocallis_rupestris_1.jpg	Potentilla	Potentilla	0.8196078431372549	Baldellia	0.058823529411764705	Helianthemum	0.03529411764705882	Cistus	0.00784313725490196	Viola	0.00392156862745098
Barren_Strawberry_%28Potentilla_sterilis%29.jpg	Potentilla	Potentilla	0.45098039215686275	Rosa	0.17254901960784313	Fragaria	0.0392156862745098	Anemone	0.027450980392156862	Ranunculus	0.023529411764705882
Detail_Flower_Cachys_trifida.jpg	Prangos	Pastinaca	0.14901960784313725	Thapsia	0.12549019607843137	Prangos	0.10196078431372549	Ridolfia	0.08235294117647059	Physospermum	0.07450980392156863
Prasium_majus_Sardinia_LM_100407_066.jpg	Prasium	Prasium	0.9058823529411765	Clematis	0.0196078431372549	Teucrium	0.00392156862745098	Viola	0.00392156862745098	Lamium	0.00392156862745098
Prole%C4%87no_cve%C4%87e_3.JPG	Primula	Primula	0.9803921568627451	Cerastium	0.0	Theligonum	0.0	Arctotheca	0.0	Lathyrus	0.0
Praktbrun%C3%B6rt._Prunella_grandiflora-2982_-_Flickr_-_Ragnhild_%26_Neil_Crawford.jpg	Prunella	Prunella	0.6313725490196078	Lavandula	0.03529411764705882	Linaria	0.03529411764705882	Plantago	0.011764705882352941	Gymnadenia	0.00784313725490196
Prunella_laciniata_110807.jpg	Prunella	Prunella	0.6313725490196078	Gomphocarpus	0.07450980392156863	Galium	0.011764705882352941	Hyoscyamus	0.00784313725490196	Orchis	0.00392156862745098
Prunella_vulgaris_-_harilik_k%C3%A4bihein.jpg	Prunella	Prunella	0.5725490196078431	Asperula	0.07450980392156863	Thymus	0.043137254901960784	Stachys	0.027450980392156862	Trifolium	0.0196078431372549
Prunus_avium_fruit.jpg	Prunus	Prunus	0.6627450980392158	Frangula	0.06666666666666667	Euonymus	0.023529411764705882	Corylus	0.0196078431372549	Crataegus	0.01568627450980392
Prunus-lusitanica-fruits.JPG	Prunus	Prunus	0.9686274509803922	Pittosporum	0.011764705882352941	Laurus	0.00392156862745098	Viburnum	0.00392156862745098	Cerastium	0.0
Prunus_mahaleb2.jpg	Prunus	Spiraea	0.6745098039215687	Prunus	0.25098039215686274	Crataegus	0.023529411764705882	Malus	0.011764705882352941	Viburnum	0.00784313725490196
Vogelkers_bloesem.jpg	Prunus	Prunus	0.8705882352941176	Viburnum	0.06274509803921569	Crataegus	0.00784313725490196	Reynoutria	0.00392156862745098	Ligustrum	0.00392156862745098
Closeup_of_blackthorn_aka_sloe_aka_prunus_spinosa_sweden_20050924.jpg	Prunus	Prunus	0.3176470588235294	Phillyrea	0.2431372549019608	Myrtus	0.2	Ligustrum	0.09803921568627451	Vaccinium	0.09803921568627451
Adelaarsvaren_planten_Pteridium_aquilinum.jpg	Pteridium	Pteridium	0.6823529411764706	Osmunda	0.058823529411764705	Ailanthus	0.047058823529411764	Dryopteris	0.043137254901960784	Polypodium	0.027450980392156862
Pteris_vittata.jpg	Pteris	Asplenium	0.8117647058823529	Polypodium	0.06274509803921569	Selaginella	0.0196078431372549	Dryopteris	0.011764705882352941	Pteris	0.00784313725490196
Pulicaria_dysenterica_compressed.JPG	Pulicaria	Pulicaria	0.9647058823529412	Inula	0.00784313725490196	Doronicum	0.00392156862745098	Cerastium	0.0	Theligonum	0.0
Pulicaria_odora.jpg	Pulicaria	Pulicaria	0.996078431372549	Inula	0.00392156862745098	Cerastium	0.0	Theligonum	0.0	Arctotheca	0.0
Pulicaria_arabica_hispanica_Pulicaria_paludosa_%2814733674175%29.jpg	Pulicaria	Pulicaria	0.7372549019607844	Coleostephus	0.12156862745098039	Lepidophorum	0.054901960784313725	Anacyclus	0.0196078431372549	Ranunculus	0.00784313725490196
PulicariaVulgaris2.jpg	Pulicaria	Pulicaria	0.6274509803921569	Coleostephus	0.06274509803921569	Trifolium	0.043137254901960784	Helianthemum	0.03529411764705882	Erigeron	0.03529411764705882
Pulmonarialongifolia.jpg	Pulmonaria	Pulmonaria	0.3411764705882353	Anchusa	0.3215686274509804	Borago	0.050980392156862744	Polygala	0.047058823529411764	Cerinthe	0.023529411764705882
Flowering_Iberian_pear.jpg	Pyrus	Prunus	0.2392156862745098	Quercus	0.1725490196078431	Olea	0.1411764705882353	Cytisus	0.09803921568627451	Fraxinus	0.06274509803921569
Froitos_Pyrus_cordata%2C_pereira_brava%2C_Xard%C3%ADn_bot%C3%A1nico_de_Culleredo_2.jpg	Pyrus	Pyrus	0.7647058823529411	Sorbus	0.10196078431372549	Malus	0.01568627450980392	Quercus	0.00784313725490196	Bryonia	0.00784313725490196
Quercus_canariensis_Enfoque_2010-10-03_SierraMadrona.jpg	Quercus	Quercus	0.41960784313725485	Phillyrea	0.21176470588235294	Laurus	0.09411764705882353	Arbutus	0.06666666666666667	Fraxinus	0.03529411764705882
Quercus_coccifera.jpg	Quercus	Quercus	0.7647058823529411	Solanum	0.03137254901960784	Pyrus	0.01568627450980392	Juniperus	0.011764705882352941	Aristolochia	0.00392156862745098
Quejigo_de_la_Molinera.JPG	Quercus	Prunus	0.5137254901960784	Quercus	0.2431372549019608	Salix	0.06666666666666667	Castanea	0.03529411764705882	Pittosporum	0.03529411764705882
Quercus_pubescens_Tuscany.jpg	Quercus	Quercus	0.5254901960784314	Robinia	0.19215686274509805	Pinus	0.027450980392156862	Pyrus	0.0196078431372549	Pteridium	0.0196078431372549
Quercus_pyrenaica_20190708a.jpg	Quercus	Quercus	0.6392156862745098	Pinus	0.06274509803921569	Castanea	0.027450980392156862	Acacia	0.027450980392156862	Salix	0.0196078431372549
Quercus_robur.jpg	Quercus	Quercus	0.996078431372549	Cerastium	0.0	Theligonum	0.0	Arctotheca	0.0	Lathyrus	0.0
Quercus_ilex_rotundifolia.jpg	Quercus	Quercus	0.7686274509803921	Juniperus	0.09019607843137255	Olea	0.023529411764705882	Eucalyptus	0.023529411764705882	Salix	0.01568627450980392
Quercus_rubra_%40_Tortworth_Court.jpg	Quercus	Pistacia	0.46274509803921565	Quercus	0.20784313725490194	Sorbus	0.09803921568627451	Rhus	0.0784313725490196	Pittosporum	0.023529411764705882
Cork_oak_%2828864190188%29.jpg	Quercus	Pinus	0.20784313725490194	Avena	0.07450980392156863	Quercus	0.07058823529411765	Dipsacus	0.054901960784313725	Carex	0.043137254901960784
Zwerglein%28Radiola_linoides%29.jpg	Radiola	Radiola	0.9764705882352941	Thymus	0.0196078431372549	Cerastium	0.0	Theligonum	0.0	Arctotheca	0.0
Acker-Hahnenfuss-Bl%C3%BCte.jpg	Ranunculus	Ranunculus	0.36470588235294116	Caltha	0.0784313725490196	Oenothera	0.050980392156862744	Narcissus	0.023529411764705882	Anemone	0.023529411764705882
20180428Ranunculus_bulbosus2.jpg	Ranunculus	Ranunculus	0.976470588235294	Cerastium	0.0	Theligonum	0.0	Arctotheca	0.0	Lathyrus	0.0
Ranunculus_bullatus.JPG	Ranunculus	Ranunculus	0.8588235294117647	Caltha	0.09019607843137255	Anemone	0.00784313725490196	Senecio	0.00392156862745098	Anacyclus	0.00392156862745098
RanunculusFlammula4.jpg	Ranunculus	Ranunculus	0.40784313725490196	Valerianella	0.050980392156862744	Serapias	0.0392156862745098	Linaria	0.03529411764705882	Arnoseris	0.03529411764705882
RANUNCULUS_GRAMINEUS_-_MONTSEC_-_IB-102_%28Ranuncle%29.jpg	Ranunculus	Ranunculus	0.7607843137254903	Geum	0.03137254901960784	Caltha	0.0196078431372549	Scorzonera	0.01568627450980392	Oenothera	0.011764705882352941
Ranunculus_macrophyllus.JPG	Ranunculus	Ranunculus	0.6980392156862745	Caltha	0.07058823529411765	Oenothera	0.03137254901960784	Geum	0.027450980392156862	Glaucium	0.01568627450980392
Ranunculus_muricatus_DSC00937_%283300281211%29.jpg	Ranunculus	Ammi	0.27058823529411763	Rorippa	0.21176470588235294	Ranunculus	0.18823529411764706	Arnoseris	0.06666666666666667	Sisymbrium	0.047058823529411764
Adders_tongue_spearwort.jpg	Ranunculus	Ranunculus	0.9686274509803922	Galinsoga	0.011764705882352941	Cotula	0.00392156862745098	Rhagadiolus	0.00392156862745098	Cerastium	0.0
Ranunculus_paludosus_1.JPG	Ranunculus	Ranunculus	0.9254901960784314	Anemone	0.027450980392156862	Arabis	0.00784313725490196	Lupinus	0.00392156862745098	Cerastium	0.0
Ranunculus_parviflorus_Enfoque_2012-05-01_SierraMadrona.jpg	Ranunculus	Ranunculus	0.9058823529411765	Trifolium	0.0196078431372549	Rorippa	0.00784313725490196	Cerastium	0.0	Theligonum	0.0
RanunculusPeltatus2.jpg	Ranunculus	Ranunculus	0.6823529411764706	Anemone	0.1607843137254902	Cistus	0.06274509803921569	Primula	0.0392156862745098	Bellis	0.01568627450980392
Creeping_butercup_close_800.jpg	Ranunculus	Ranunculus	0.9607843137254901	Anemone	0.00392156862745098	Caltha	0.00392156862745098	Cerastium	0.0	Theligonum	0.0
Ranunculus_sceleratus_LC0079.jpg	Ranunculus	Sparganium	0.30980392156862746	Galium	0.09411764705882353	Lepidium	0.0784313725490196	Myosotis	0.047058823529411764	Thesium	0.047058823529411764
RanunculusTrichophyllus.jpg	Ranunculus	Ranunculus	0.603921568627451	Saxifraga	0.0392156862745098	Baldellia	0.027450980392156862	Anacyclus	0.01568627450980392	Narcissus	0.00784313725490196
Bolletjesraket_19-05-2006_12.34.12.JPG	Rapistrum	Diplotaxis	0.45098039215686275	Sisymbrium	0.1647058823529412	Barbarea	0.08235294117647059	Brassica	0.07058823529411765	Sinapis	0.06274509803921569
Reichardia_gaditana_1.JPG	Reichardia	Reichardia	0.8117647058823529	Tolpis	0.03529411764705882	Papaver	0.011764705882352941	Inula	0.00784313725490196	Gazania	0.00784313725490196
Reichardia_intermedia_kz1.jpg	Reichardia	Calendula	0.24705882352941178	Reichardia	0.10196078431372549	Senecio	0.09411764705882353	Linaria	0.023529411764705882	Hieracium	0.0196078431372549
Reseda_alba_%28flower_spike%29.jpg	Reseda	Reseda	0.9921568627450981	Cerastium	0.0	Theligonum	0.0	Arctotheca	0.0	Lathyrus	0.0
ResedaLutea-overz-kl.jpg	Reseda	Reseda	0.7803921568627451	Rumex	0.10588235294117647	Melilotus	0.00784313725490196	Verbascum	0.00784313725490196	Equisetum	0.00392156862745098
Reseda_luteola_%28Flowers%29.jpg	Reseda	Reseda	0.8980392156862744	Rumex	0.011764705882352941	Ambrosia	0.00392156862745098	Scrophularia	0.00392156862745098	Phytolacca	0.00392156862745098
Reseda_lutea1.jpg	Reseda	Reseda	0.36470588235294116	Acanthus	0.23921568627450981	Erica	0.09411764705882353	Echium	0.027450980392156862	Stachys	0.027450980392156862
Resedaceae_-_Reseda_phyteuma-001.jpg	Reseda	Reseda	0.9725490196078431	Ligustrum	0.00784313725490196	Smyrnium	0.00392156862745098	Rubia	0.00392156862745098	Cerastium	0.0
Retama_March_2015-1.jpg	Retama	Thymus	0.2901960784313726	Retama	0.2196078431372549	Iberis	0.15294117647058825	Convolvulus	0.09803921568627451	Cytisus	0.0392156862745098
Retama_raetam_%28Puntagorda%29_02.jpg	Retama	Retama	0.8156862745098039	Cytisus	0.14509803921568626	Allium	0.00392156862745098	Oxalis	0.00392156862745098	Rosa	0.00392156862745098
Reynoutria_japonica_in_Brastad_1.jpg	Reynoutria	Buddleja	0.09803921568627451	Reynoutria	0.07450980392156863	Ligustrum	0.06274509803921569	Rosa	0.054901960784313725	Prunus	0.050980392156862744
Rhagadiolus_stellatus.jpg	Rhagadiolus	Linum	0.10588235294117647	Centaurea	0.09019607843137255	Sisymbrium	0.07450980392156863	Bidens	0.047058823529411764	Crupina	0.047058823529411764
Rhamnus_alaternus_%288692911406%29.jpg	Rhamnus	Rhamnus	0.2823529411764706	Pistacia	0.14509803921568626	Euphorbia	0.054901960784313725	Lactuca	0.054901960784313725	Viburnum	0.050980392156862744
Rhamnus_lycioides_fruits.JPG	Rhamnus	Rhamnus	0.603921568627451	Halimium	0.043137254901960784	Flueggea	0.027450980392156862	Salix	0.023529411764705882	Quercus	0.01568627450980392
20170517Rhinanthus_minor6.jpg	Rhinanthus	Rhinanthus	0.996078431372549	Cerastium	0.0	Theligonum	0.0	Arctotheca	0.0	Lathyrus	0.0
Rhododendron_ponticum_ssp._baeticum_in_Cambarinho_Botanical_Reserve%2C_Portugal.JPG	Rhododendron	Rhododendron	0.8274509803921568	Cistus	0.03529411764705882	Limoniastrum	0.0196078431372549	Centaurium	0.011764705882352941	Thymus	0.00784313725490196
Sommacco.jpg	Rhus	Anagyris	0.3058823529411765	Daphne	0.12156862745098039	Ficus	0.09411764705882353	Pistacia	0.06666666666666667	Castanea	0.058823529411764705
Rhynchosporaalba.jpg	Rhynchospora	Rhynchospora	0.9529411764705882	Allium	0.00784313725490196	Logfia	0.00784313725490196	Juncus	0.00392156862745098	Nothoscordum	0.00392156862745098
Ricinus_March_2010-1.jpg	Ricinus	Ricinus	0.9607843137254902	Rubus	0.00784313725490196	Rhus	0.00784313725490196	Cerastium	0.0	Theligonum	0.0
Ridolfia_segetum_1.jpg	Ridolfia	Ridolfia	0.5607843137254902	Foeniculum	0.34901960784313724	Ferula	0.054901960784313725	Prangos	0.01568627450980392	Rorippa	0.00392156862745098
Robina9146.JPG	Robinia	Robinia	0.8980392156862745	Ruscus	0.01568627450980392	Sorbus	0.011764705882352941	Sambucus	0.00392156862745098	Ligustrum	0.00392156862745098
Romulea_bulbocodium_2.jpg	Romulea	Romulea	0.8666666666666668	Convolvulus	0.01568627450980392	Crocus	0.011764705882352941	Gazania	0.00392156862745098	Tulipa	0.00392156862745098
Romulea_bulbocodium_1.jpg	Romulea	Romulea	0.9019607843137254	Bellis	0.00784313725490196	Arctotheca	0.00392156862745098	Cerastium	0.0	Theligonum	0.0
Romulea_columnae.jpg	Romulea	Romulea	0.9372549019607843	Crocus	0.00784313725490196	Baldellia	0.00392156862745098	Convolvulus	0.00392156862745098	Gagea	0.00392156862745098
Romulea_FlowerCloseup_2009March19_DehesaBoyaldePuertollano.jpg	Romulea	Romulea	0.9686274509803922	Tulipa	0.00392156862745098	Cerastium	0.0	Theligonum	0.0	Arctotheca	0.0
Rorippa_amphibia_plant.jpg	Rorippa	Barbarea	0.4901960784313726	Rorippa	0.30980392156862746	Erucastrum	0.011764705882352941	Sisymbrium	0.011764705882352941	Cruciata	0.00784313725490196
Rorippa_palustris_R0016754.JPG	Rorippa	Rorippa	0.9058823529411766	Sisymbrium	0.0196078431372549	Barbarea	0.01568627450980392	Ranunculus	0.00784313725490196	Sisymbrella	0.00784313725490196
Rorippa_sylvestris_eF.jpg	Rorippa	Melilotus	0.18823529411764706	Diplotaxis	0.1568627450980392	Sisymbrium	0.13725490196078433	Linum	0.10588235294117647	Rorippa	0.054901960784313725
Rosa_agrestis_inflorescence_%2829%29.jpg	Rosa	Rosa	0.8705882352941177	Anemone	0.027450980392156862	Potentilla	0.011764705882352941	Clematis	0.00392156862745098	Fragaria	0.00392156862745098
Rosa_micrantha_plant_%2806%29.jpg	Rosa	Quercus	0.16862745098039217	Rosa	0.1568627450980392	Salix	0.10588235294117647	Sambucus	0.08627450980392157	Acer	0.0784313725490196
Wild_Rosa_rubiginosa.jpg	Rosa	Rosa	0.7647058823529411	Paeonia	0.00784313725490196	Helianthemum	0.00392156862745098	Alcea	0.00392156862745098	Hypericum	0.00392156862745098
Rosa_sempervirens_02062003_2.JPG	Rosa	Rosa	0.9568627450980391	Bidens	0.0196078431372549	Potentilla	0.011764705882352941	Fragaria	0.00784313725490196	Cerastium	0.0
Rosa_tomentosa_%28flower%29.jpg	Rosa	Rosa	0.7647058823529411	Cistus	0.011764705882352941	Ononis	0.00784313725490196	Oxalis	0.00784313725490196	Helianthemum	0.00392156862745098
Rostraria_cristata_plant2_%287405576404%29.jpg	Rostraria	Rostraria	0.8549019607843137	Phleum	0.08627450980392157	Polypogon	0.01568627450980392	Setaria	0.01568627450980392	Trifolium	0.00784313725490196
Rubiaceae_-_Rubia_peregrina-1.JPG	Rubia	Rubia	0.4	Cruciata	0.17647058823529413	Anogramma	0.17647058823529413	Thelypteris	0.047058823529411764	Ligustrum	0.011764705882352941
P%C3%B5ldmuraka_%C3%B5is_Rubus_caesius.jpg	Rubus	Calystegia	0.2196078431372549	Silene	0.15294117647058825	Rubus	0.09019607843137255	Aquilegia	0.06274509803921569	Armeria	0.050980392156862744
Blackberries_Rubus_ulmifolius2.jpg	Rubus	Rubus	0.9529411764705882	Sambucus	0.00784313725490196	Lantana	0.00784313725490196	Ligustrum	0.00392156862745098	Globularia	0.00392156862745098
Rubus_vestitus_-_Botanischer_Garten%2C_Frankfurt_am_Main_-_DSC02477.JPG	Rubus	Urtica	0.7058823529411764	Parietaria	0.14901960784313725	Calystegia	0.023529411764705882	Chenopodium	0.0196078431372549	Solanum	0.01568627450980392
%28MHNT%29_Rumex_acetosa_-_Habit.jpg	Rumex	Plantago	0.16078431372549018	Beta	0.10588235294117647	Agapanthus	0.058823529411764705	Senecio	0.054901960784313725	Hieracium	0.047058823529411764
Ahosuolahein%C3%A4_%28Rumex_acetosella%29.jpg	Rumex	Rumex	0.615686274509804	Lythrum	0.01568627450980392	Centranthus	0.01568627450980392	Atriplex	0.01568627450980392	Silene	0.011764705882352941
Rumex_bucephalophorus_RF.jpg	Rumex	Rumex	0.41568627450980394	Atriplex	0.043137254901960784	Mesembryanthemum	0.023529411764705882	Beta	0.023529411764705882	Amaranthus	0.0196078431372549
Rumex_conglomeratus.jpg	Rumex	Rumex	0.984313725490196	Ligustrum	0.00392156862745098	Fallopia	0.00392156862745098	Cerastium	0.0	Theligonum	0.0
Rumex_crispus_vallee-de-grace-amiens_80_12062007_3.jpg	Rumex	Rumex	0.5529411764705882	Mercurialis	0.14901960784313725	Beta	0.050980392156862744	Cruciata	0.011764705882352941	Urtica	0.011764705882352941
Rumex-longifolius-habit2.JPG	Rumex	Hieracium	0.30588235294117644	Poa	0.16470588235294115	Hesperis	0.06666666666666667	Scrophularia	0.058823529411764705	Rumex	0.047058823529411764
Rumex-obtusifolius-foliage.JPG	Rumex	Digitalis	0.6549019607843137	Rumex	0.20392156862745098	Hieracium	0.0196078431372549	Plantago	0.0196078431372549	Alisma	0.0196078431372549
Rumex_palustris_kz1.jpg	Rumex	Veronica	0.21568627450980393	Mentha	0.14901960784313725	Rumex	0.12156862745098039	Cyperus	0.06666666666666667	Callitriche	0.03529411764705882
Rumex_pulcher01062002inflorescence.JPG	Rumex	Rumex	0.996078431372549	Cerastium	0.0	Theligonum	0.0	Arctotheca	0.0	Lathyrus	0.0
Ruppiacirrhosa.jpeg	Ruppia	Zostera	0.27450980392156865	Littorella	0.13333333333333333	Potamogeton	0.08627450980392157	Carex	0.06274509803921569	Ruppia	0.043137254901960784
Ruppia_maritima_South_Chungcheong%2C_South_Korea_27_Jun_2006.jpg	Ruppia	Ruppia	0.6901960784313725	Zannichellia	0.1803921568627451	Isolepis	0.023529411764705882	Zostera	0.0196078431372549	Vallisneria	0.0196078431372549
Ruta_chalepensis_ce.JPG	Ruta	Euphorbia	0.3372549019607843	Ruta	0.2196078431372549	Hypericum	0.0196078431372549	Medicago	0.01568627450980392	Sisymbrium	0.011764705882352941
Sagina_apetala.jpeg	Sagina	Sagina	0.2784313725490196	Veronica	0.0784313725490196	Arenaria	0.06666666666666667	Crassula	0.043137254901960784	Radiola	0.03529411764705882
Moos_5770.jpg	Sagina	Minuartia	0.4823529411764706	Montia	0.10588235294117647	Spergularia	0.07058823529411765	Echinospartum	0.058823529411764705	Erica	0.027450980392156862
Salicornia_europaea_MS_0802.JPG	Salicornia	Equisetum	0.2941176470588235	Aira	0.17647058823529413	Minuartia	0.13725490196078433	Salicornia	0.06274509803921569	Pilularia	0.047058823529411764
Salix_alba_leaves.jpg	Salix	Salix	0.7215686274509805	Acacia	0.19999999999999996	Phillyrea	0.00784313725490196	Allium	0.00392156862745098	Carex	0.00392156862745098
Salix_cinerea_flowers-2.jpg	Salix	Salix	0.9490196078431372	Thalictrum	0.00784313725490196	Ranunculus	0.00392156862745098	Thymus	0.00392156862745098	Lamarckia	0.00392156862745098
Ch%C3%A2teau_de_Chenonceau_-_jardin_Russell-Page_%2801%29.jpg	Salix	Salix	1.0	Cerastium	0.0	Theligonum	0.0	Arctotheca	0.0	Lathyrus	0.0
Waterwilg_%28DSC_2539%29.jpg	Salix	Salix	0.8941176470588235	Dactylis	0.0196078431372549	Myosotis	0.01568627450980392	Calicotome	0.00392156862745098	Sparganium	0.00392156862745098
Salix_fragilis_001.jpg	Salix	Salix	0.38823529411764707	Pittosporum	0.06274509803921569	Laurus	0.0392156862745098	Nerium	0.0392156862745098	Fraxinus	0.023529411764705882
Salix-repens-flowering.JPG	Salix	Valantia	0.1411764705882353	Cerastium	0.07450980392156863	Euphorbia	0.07450980392156863	Ranunculus	0.058823529411764705	Veronica	0.0392156862745098
Salix_salvifolia_Habitus_12October2009_RioFresnedas_ValledeAlcudia.jpg	Salix	Salix	0.22745098039215686	Arbutus	0.16470588235294117	Quercus	0.1450980392156863	Castanea	0.0196078431372549	Pyrus	0.01568627450980392
Salix_triandra_female_flower.jpg	Salix	Salix	0.6980392156862745	Sambucus	0.08235294117647059	Anemone	0.03137254901960784	Hydrangea	0.01568627450980392	Scrophularia	0.011764705882352941
Salix-viminalis.JPG	Salix	Salix	0.396078431372549	Solanum	0.15294117647058825	Xanthium	0.15294117647058825	Acacia	0.050980392156862744	Gomphocarpus	0.023529411764705882
Solanaceae_-_Salpichroa_origanifolia-001.JPG	Salpichroa	Salpichroa	0.9882352941176471	Cerastium	0.0	Theligonum	0.0	Arctotheca	0.0	Lathyrus	0.0
Salsola_soda_Rignanese.jpg	Salsola	Salsola	0.803921568627451	Suaeda	0.13725490196078433	Lythrum	0.01568627450980392	Epilobium	0.011764705882352941	Euphorbia	0.00392156862745098
Salvia_sclarea3.jpg	Salvia	Salvia	0.6980392156862745	Erica	0.027450980392156862	Trachelium	0.027450980392156862	Calluna	0.023529411764705882	Lysimachia	0.023529411764705882
Salvia_verbenaca_b.JPG	Salvia	Salvia	0.4980392156862745	Prunella	0.34901960784313724	Lavandula	0.0196078431372549	Lamium	0.00784313725490196	Ajuga	0.00392156862745098
Salvia_viridis_-_Zarif_%C5%9Ealba_04.jpg	Salvia	Salvia	0.39215686274509803	Lepidium	0.03529411764705882	Veronica	0.027450980392156862	Echium	0.023529411764705882	Muscari	0.01568627450980392
Sambucus_ebulus_bgiu.jpg	Sambucus	Sambucus	0.8156862745098039	Sorbus	0.13725490196078433	Valeriana	0.011764705882352941	Viburnum	0.00784313725490196	Ailanthus	0.00392156862745098
Sambucus_nigra_004.jpg	Sambucus	Cistus	0.10196078431372549	Clematis	0.09019607843137255	Sambucus	0.054901960784313725	Carduus	0.03529411764705882	Bituminaria	0.03137254901960784
SamolusValerandi2.jpg	Samolus	Samolus	0.9882352941176471	Valerianella	0.00784313725490196	Cerastium	0.0	Theligonum	0.0	Arctotheca	0.0
Wiesenknopf_Bl%C3%BCte_6260037-PSD-PSD.jpg	Sanguisorba	Allium	0.8862745098039215	Sanguisorba	0.00784313725490196	Lepidium	0.00784313725490196	Aeonium	0.00392156862745098	Plantago	0.00392156862745098
Sanicula_europaea_050606.jpg	Sanicula	Physospermum	0.5333333333333333	Sanicula	0.1450980392156863	Asplenium	0.11764705882352941	Anemone	0.11764705882352941	Carex	0.00784313725490196
SantolinaRosmarinifolia.jpg	Santolina	Bassia	0.3764705882352941	Seseli	0.1843137254901961	Pycnocomon	0.17254901960784313	Parapholis	0.08235294117647059	Artemisia	0.06274509803921569
Saponaria-officinalis-flower.jpg	Saponaria	Saponaria	0.8666666666666667	Hyacinthoides	0.00392156862745098	Gladiolus	0.00392156862745098	Coincya	0.00392156862745098	Agapanthus	0.00392156862745098
Saxifraga_granulata_140505.jpg	Saxifraga	Saxifraga	0.8784313725490196	Allium	0.011764705882352941	Ranunculus	0.00784313725490196	Oenanthe	0.00784313725490196	Ornithogalum	0.00392156862745098
Saxifraga_spathularis.jpg	Saxifraga	Saxifraga	0.8549019607843137	Ononis	0.0392156862745098	Scrophularia	0.023529411764705882	Asplenium	0.01568627450980392	Senecio	0.00392156862745098
Saxifraga_tridactylites.jpg	Saxifraga	Saxifraga	0.9411764705882353	Sedum	0.00784313725490196	Veronica	0.00392156862745098	Campanula	0.00392156862745098	Ranunculus	0.00392156862745098
Scabiosa_columbaria_Butterfly_Blue_2.jpg	Scabiosa	Scabiosa	0.6431372549019608	Armeria	0.09803921568627451	Knautia	0.054901960784313725	Eichhornia	0.011764705882352941	Pycnocomon	0.011764705882352941
Scandix_pecten-veneris_flowers_and_fruits.jpg	Scandix	Valerianella	0.4392156862745098	Scandix	0.1450980392156863	Fumaria	0.10196078431372549	Asperula	0.08235294117647059	Oenanthe	0.050980392156862744
Schoenoplectus_lacustris_260605.jpg	Schoenoplectus	Schoenoplectus	1.0	Cerastium	0.0	Theligonum	0.0	Arctotheca	0.0	Lathyrus	0.0
Schoenoplectus_pungens_FWS-2.jpg	Schoenoplectus	Schoenus	0.8470588235294118	Bolboschoenus	0.07058823529411765	Carex	0.043137254901960784	Schoenoplectus	0.00784313725490196	Centaurea	0.00392156862745098
Schoenus_nigricans_kz2.jpg	Schoenus	Schoenus	0.8352941176470589	Isolepis	0.03529411764705882	Trichophorum	0.027450980392156862	Juncus	0.0196078431372549	Carex	0.011764705882352941
Scille_%C3%A0_deux_feuilles_%28massif_des_Vosges%29.JPG	Scilla	Scilla	0.968627450980392	Cerastium	0.0	Theligonum	0.0	Arctotheca	0.0	Lathyrus	0.0
Scilla_peruviana2.jpg	Scilla	Scilla	0.815686274509804	Agapanthus	0.023529411764705882	Hyacinthoides	0.01568627450980392	Allium	0.00784313725490196	Muscari	0.00784313725490196
Scilla_verna_Cornwall.jpg	Scilla	Scilla	0.807843137254902	Hyacinthoides	0.1411764705882353	Muscari	0.01568627450980392	Eichhornia	0.00392156862745098	Cerastium	0.0
Scirpoides_holoschoenus_RF.jpg	Scirpoides	Scirpoides	0.7411764705882353	Rumex	0.10196078431372549	Juncus	0.050980392156862744	Mentha	0.011764705882352941	Cyperus	0.011764705882352941
Scleranthus_annuus_eF.jpg	Scleranthus	Scleranthus	0.8745098039215686	Logfia	0.07058823529411765	Spergula	0.01568627450980392	Ulex	0.00784313725490196	Cerastium	0.0
Scleranthus_perennis.jpeg	Scleranthus	Scleranthus	0.9607843137254902	Juncus	0.00392156862745098	Thesium	0.00392156862745098	Cochlearia	0.00392156862745098	Cerastium	0.0
Scolymus_hispanicus.jpg	Scolymus	Scolymus	0.9176470588235295	Ononis	0.011764705882352941	Carthamus	0.011764705882352941	Medicago	0.00784313725490196	Neatostema	0.00392156862745098
Scolymus_maculatus.jpg	Scolymus	Scolymus	0.6313725490196078	Carthamus	0.12941176470588237	Tragopogon	0.00784313725490196	Pallenis	0.00784313725490196	Veronica	0.00392156862745098
Scorpiurus_muricatus_%28habitus%29.jpg	Scorpiurus	Scorpiurus	0.9450980392156862	Valeriana	0.0392156862745098	Armeria	0.00392156862745098	Cerastium	0.0	Theligonum	0.0
Scorzonera_purpurea_rosea0.jpg	Scorzonera	Dianthus	0.3019607843137255	Asphodelus	0.2588235294117647	Catananche	0.09803921568627451	Hyacinthoides	0.07058823529411765	Pancratium	0.0196078431372549
Scorzonera_humilis.jpg	Scorzonera	Arnica	0.34509803921568627	Scorzonera	0.23137254901960785	Doronicum	0.11764705882352941	Senecio	0.0784313725490196	Hieracium	0.03529411764705882
Scorzonera_laciniata_eF.jpg	Scorzonera	Scorzonera	0.7843137254901961	Arnoseris	0.043137254901960784	Tragopogon	0.0392156862745098	Hypochaeris	0.023529411764705882	Xeranthemum	0.0196078431372549
Scrophularia_auriculata3Jeffdelonge.jpg	Scrophularia	Scrophularia	0.819607843137255	Sanguisorba	0.0196078431372549	Euphorbia	0.011764705882352941	Alcea	0.011764705882352941	Filipendula	0.011764705882352941
Scrophularia_canina_kz07.jpg	Scrophularia	Scrophularia	0.8509803921568627	Muscari	0.01568627450980392	Vincetoxicum	0.00784313725490196	Serratula	0.00784313725490196	Juncus	0.00392156862745098
Scrophularia_nodosa8.jpg	Scrophularia	Scrophularia	0.5490196078431373	Luzula	0.043137254901960784	Samolus	0.03529411764705882	Galium	0.03137254901960784	Anogramma	0.03137254901960784
Scrophularia_grandiflora_2601.jpg	Scrophularia	Scrophularia	0.8196078431372549	Echium	0.10588235294117647	Stachys	0.00784313725490196	Teucrium	0.00392156862745098	Scolymus	0.00392156862745098
%28MHNT%29_Scrophularia_peregrina_-_plant_habit.jpg	Scrophularia	Agave	0.29411764705882354	Cleome	0.20392156862745098	Scrophularia	0.16470588235294117	Verbascum	0.050980392156862744	Veronica	0.0392156862745098
Scrophularia_sambucifolia.JPG	Scrophularia	Scrophularia	0.996078431372549	Cerastium	0.0	Theligonum	0.0	Arctotheca	0.0	Lathyrus	0.0
Scrophularia_scorodonia_1.jpg	Scrophularia	Scrophularia	0.8313725490196078	Urtica	0.09803921568627451	Stachys	0.00392156862745098	Agrimonia	0.00392156862745098	Cerastium	0.0
Scutellaria_minor.jpg	Scutellaria	Scutellaria	0.9686274509803922	Teucrium	0.00392156862745098	Odontites	0.00392156862745098	Cerastium	0.0	Theligonum	0.0
Sedum_acre_single_-_Niitv%C3%A4lja.jpg	Sedum	Sedum	0.32156862745098036	Honckenya	0.050980392156862744	Ranunculus	0.03529411764705882	Asplenium	0.03137254901960784	Quercus	0.023529411764705882
Sedum_album_03_ies.jpg	Sedum	Sedum	0.8980392156862745	Callitriche	0.00784313725490196	Silene	0.00392156862745098	Montia	0.00392156862745098	Fumaria	0.00392156862745098
Sedum_anglicum.jpg	Sedum	Sedum	0.9647058823529412	Pistorinia	0.011764705882352941	Centranthus	0.00784313725490196	Saxifraga	0.00784313725490196	Centaurium	0.00392156862745098
Talcott_Greenhouse_IV.JPG	Sedum	Daucus	0.3372549019607843	Ammi	0.11372549019607843	Astragalus	0.03137254901960784	Achillea	0.03137254901960784	Medicago	0.023529411764705882
Sedum_caespitosum.jpg	Sedum	Sedum	0.9137254901960783	Scleranthus	0.00784313725490196	Crassula	0.00784313725490196	Mesembryanthemum	0.00392156862745098	Pistacia	0.00392156862745098
Sedum_rubens_kz02.jpg	Sedum	Sedum	0.8509803921568627	Crassula	0.011764705882352941	Trifolium	0.00784313725490196	Sparganium	0.00784313725490196	Scleranthus	0.00784313725490196
Selaginella_denticulata_La_Palma01.jpg	Selaginella	Selaginella	0.6784313725490196	Illecebrum	0.03529411764705882	Herniaria	0.01568627450980392	Asplenium	0.01568627450980392	Valantia	0.00784313725490196
SelaginellaKraussiana.jpg	Selaginella	Selaginella	0.7490196078431373	Myriophyllum	0.050980392156862744	Ornithopus	0.03137254901960784	Sedum	0.01568627450980392	Trifolium	0.01568627450980392
Senecio_angulatus_%28cape_ivy%29.jpg	Senecio	Senecio	0.9882352941176471	Cerastium	0.0	Theligonum	0.0	Arctotheca	0.0	Lathyrus	0.0
Senecio_gallicus.jpg	Senecio	Coronilla	0.30980392156862746	Diplotaxis	0.17254901960784313	Pulicaria	0.07450980392156863	Andryala	0.07450980392156863	Fumana	0.027450980392156862
Senecio_inaequidens_1.jpg	Senecio	Senecio	0.9490196078431371	Hieracium	0.00392156862745098	Rorippa	0.00392156862745098	Cerastium	0.0	Theligonum	0.0
Senecio_leucanthemifolius_on_the_beach_close_to_%C3%93rzola_on_Lanzarote%2C_June_2013_%284%29.jpg	Senecio	Senecio	0.6078431372549019	Veronica	0.01568627450980392	Platycapnos	0.01568627450980392	Medicago	0.011764705882352941	Linaria	0.011764705882352941
Starr_060929-0680_Senecio_sylvaticus.jpg	Senecio	Senecio	1.003921568627451	Cerastium	0.0	Theligonum	0.0	Arctotheca	0.0	Lathyrus	0.0
Common_Groundsel-first_fruits.jpg	Senecio	Senecio	1.0	Cerastium	0.0	Theligonum	0.0	Arctotheca	0.0	Lathyrus	0.0
Serapias_cordigera.jpg	Serapias	Serapias	0.9725490196078431	Cerastium	0.0	Theligonum	0.0	Arctotheca	0.0	Lathyrus	0.0
Serapias_lingua.jpg	Serapias	Serapias	0.6431372549019608	Dactylorhiza	0.027450980392156862	Digitalis	0.0196078431372549	Orchis	0.00784313725490196	Silene	0.00784313725490196
Serapias_parviflora-.jpg	Serapias	Serapias	0.9568627450980393	Cerastium	0.0	Theligonum	0.0	Arctotheca	0.0	Lathyrus	0.0
Serapias_istriaca.jpg	Serapias	Serapias	0.7568627450980392	Papaver	0.0196078431372549	Rumex	0.011764705882352941	Fumana	0.011764705882352941	Cistus	0.00784313725490196
Seseli_gummiferum_flowers1.jpg	Seseli	Oenanthe	0.2745098039215686	Ammi	0.22352941176470587	Ageratina	0.09411764705882353	Angelica	0.043137254901960784	Acacia	0.023529411764705882
Setaria_faberi_001.jpg	Setaria	Setaria	0.9333333333333333	Carex	0.01568627450980392	Lathyrus	0.00784313725490196	Polypogon	0.00392156862745098	Phleum	0.00392156862745098
Japanese_Foxtail_millet_02.jpg	Setaria	Typha	0.1843137254901961	Setaria	0.14901960784313725	Alopecurus	0.027450980392156862	Acacia	0.023529411764705882	Salix	0.0196078431372549
Setaria_verticillata_W_IMG_1083.jpg	Setaria	Setaria	0.7058823529411764	Phleum	0.13725490196078433	Cynosurus	0.08235294117647059	Anarrhinum	0.0196078431372549	Carex	0.00784313725490196
Groene_naaldaar_aarpluim_%28Setaria_viridis%29.jpg	Setaria	Setaria	0.23137254901960783	Amaranthus	0.2274509803921569	Echinochloa	0.058823529411764705	Carex	0.050980392156862744	Salix	0.027450980392156862
Sherardia_arvensis_050731.jpg	Sherardia	Sherardia	0.5529411764705883	Galium	0.07058823529411765	Scleranthus	0.03137254901960784	Linum	0.027450980392156862	Arenaria	0.027450980392156862
Endothenia_pauperculana.jpg	Sideritis	Scorpiurus	0.38039215686274513	Tordylium	0.29411764705882354	Silene	0.0392156862745098	Medicago	0.027450980392156862	Daucus	0.01568627450980392
Pending_%288738728565%29.jpg	Sideritis	Sideritis	0.9254901960784314	Stachys	0.047058823529411764	Cerastium	0.0	Theligonum	0.0	Arctotheca	0.0
Silene_acutifolia.jpg	Silene	Silene	0.9647058823529412	Dianthus	0.00784313725490196	Erodium	0.00392156862745098	Althaea	0.00392156862745098	Cerastium	0.0
Ter%C3%B3fito.JPG	Silene	Silene	0.7294117647058824	Asperula	0.047058823529411764	Dorycnopsis	0.03529411764705882	Euphorbia	0.023529411764705882	Lathyrus	0.0196078431372549
Silene_conica3.jpg	Silene	Silene	0.9647058823529412	Cerastium	0.0	Theligonum	0.0	Arctotheca	0.0	Lathyrus	0.0
Bayrischer_Wald_9929.JPG	Silene	Silene	0.5490196078431372	Verbena	0.03529411764705882	Centranthus	0.023529411764705882	Senecio	0.011764705882352941	Hieracium	0.011764705882352941
Silene_gallica_quinquevulnera.jpg	Silene	Silene	0.48627450980392156	Lysimachia	0.06666666666666667	Reseda	0.027450980392156862	Erica	0.0196078431372549	Erigeron	0.011764705882352941
Silene_latifolia_9646.JPG	Silene	Silene	0.8745098039215686	Ornithogalum	0.027450980392156862	Polygala	0.011764705882352941	Hypericum	0.00784313725490196	Lathyrus	0.00392156862745098
Silene_littorea_2.JPG	Silene	Silene	0.9764705882352941	Cerastium	0.0	Theligonum	0.0	Arctotheca	0.0	Lathyrus	0.0
Silene_nutans_220505.jpg	Silene	Silene	0.4862745098039215	Asperula	0.023529411764705882	Smilax	0.011764705882352941	Agrostis	0.00784313725490196	Ornithogalum	0.00784313725490196
Silene_uniflora_gei.jpg	Silene	Silene	0.9764705882352941	Cerastium	0.0	Theligonum	0.0	Arctotheca	0.0	Lathyrus	0.0
Bladder_Campion.jpg	Silene	Silene	0.9490196078431372	Cerastium	0.0	Theligonum	0.0	Arctotheca	0.0	Lathyrus	0.0
Milk_thistle_flowerhead.jpg	Silybum	Silybum	0.7019607843137254	Notobasis	0.09411764705882353	Cirsium	0.054901960784313725	Onopordum	0.03137254901960784	Centaurea	0.01568627450980392
Brassicaceae_-_Sinapis_arvensis_%283%29.JPG	Sinapis	Sinapis	0.6392156862745098	Brassica	0.12156862745098039	Barbarea	0.09019607843137255	Rorippa	0.0392156862745098	Moricandia	0.027450980392156862
Sisymbrium_irio_flower.JPG	Sisymbrium	Sisymbrium	0.7686274509803921	Barbarea	0.06666666666666667	Diplotaxis	0.01568627450980392	Isatis	0.011764705882352941	Senecio	0.00784313725490196
Weg-Rauke_Passau.JPG	Sisymbrium	Sisymbrium	0.8313725490196079	Senecio	0.12549019607843137	Ranunculus	0.011764705882352941	Dittrichia	0.011764705882352941	Galinsoga	0.00392156862745098
Sisymbrium_orientale01.jpg	Sisymbrium	Rorippa	0.592156862745098	Sisymbrium	0.08627450980392157	Haplophyllum	0.0392156862745098	Thymelaea	0.03137254901960784	Diplotaxis	0.023529411764705882
Smilax_aspera.jpg	Smilax	Smilax	0.9686274509803922	Rhamnus	0.023529411764705882	Cerastium	0.0	Theligonum	0.0	Arctotheca	0.0
Smyrnium_olusatrum_Shrewsbury.jpg	Smyrnium	Smyrnium	0.9725490196078431	Angelica	0.00784313725490196	Cerastium	0.0	Theligonum	0.0	Arctotheca	0.0
Smyrnium_perfoliatum03.jpg	Smyrnium	Smyrnium	0.9529411764705882	Hypericum	0.011764705882352941	Stellaria	0.00392156862745098	Doronicum	0.00392156862745098	Cerastium	0.0
Solanum_chenopodioides_%28Flower%29.jpg	Solanum	Solanum	0.8470588235294118	Heliotropium	0.01568627450980392	Narcissus	0.011764705882352941	Lotus	0.011764705882352941	Allium	0.00392156862745098
Solanum_dulcamara_%285386574212%29.jpg	Solanum	Solanum	0.8705882352941177	Rosa	0.027450980392156862	Osyris	0.011764705882352941	Pittosporum	0.011764705882352941	Lathyrus	0.00392156862745098
2007_solanum_laciniatum.jpg	Solanum	Solanum	0.7254901960784315	Iris	0.03137254901960784	Linaria	0.023529411764705882	Cistus	0.00784313725490196	Lathyrus	0.00392156862745098
Starr_060225-8712_Solanum_linnaeanum.jpg	Solanum	Solanum	0.9058823529411765	Anagyris	0.0196078431372549	Artemisia	0.00392156862745098	Cerastium	0.0	Theligonum	0.0
Solanum_nigrum_flower.jpg	Solanum	Solanum	0.9647058823529412	Galinsoga	0.00392156862745098	Bryonia	0.00392156862745098	Cerastium	0.0	Theligonum	0.0
Solanum_villosum_01-10-2005_11.10.56.JPG	Solanum	Solanum	0.9647058823529411	Frangula	0.00392156862745098	Chrozophora	0.00392156862745098	Pittosporum	0.00392156862745098	Cerastium	0.0
Solidago_virgaurea_minuta1.jpg	Solidago	Barbarea	0.10980392156862745	Aeonium	0.0784313725490196	Arnoseris	0.054901960784313725	Trifolium	0.03529411764705882	Sisymbrium	0.03529411764705882
Solivasessilis.jpg	Soliva	Najas	0.5058823529411764	Fumaria	0.18823529411764706	Chamaemelum	0.09411764705882353	Utricularia	0.027450980392156862	Anogramma	0.023529411764705882
Sonchus_asper2.jpg	Sonchus	Sonchus	0.9882352941176471	Scolymus	0.00392156862745098	Cerastium	0.0	Theligonum	0.0	Arctotheca	0.0
Sonchus_February_2008-1.jpg	Sonchus	Sonchus	0.968627450980392	Hieracium	0.00392156862745098	Doronicum	0.00392156862745098	Pilosella	0.00392156862745098	Urospermum	0.00392156862745098
Sivone.jpg	Sonchus	Sonchus	0.22745098039215686	Leontodon	0.14901960784313728	Andryala	0.08627450980392157	Scorzonera	0.07058823529411765	Hieracium	0.06274509803921569
Rowan_tree_20081002b.jpg	Sorbus	Sorbus	0.17647058823529413	Acacia	0.10980392156862745	Crataegus	0.058823529411764705	Arbutus	0.054901960784313725	Stipa	0.050980392156862744
Sparganium_angustifolium.jpg	Sparganium	Pilularia	0.6235294117647059	Sparganium	0.10980392156862745	Isolepis	0.09411764705882353	Littorella	0.0196078431372549	Ruppia	0.011764705882352941
Sparganium_emersum_11429.jpg	Sparganium	Sparganium	0.9372549019607843	Mentha	0.00392156862745098	Thymus	0.00392156862745098	Cerastium	0.0	Theligonum	0.0
Vandens_augalas01.JPG	Sparganium	Sparganium	0.9529411764705882	Myriophyllum	0.011764705882352941	Ranunculus	0.00392156862745098	Carex	0.00392156862745098	Filipendula	0.00392156862745098
Spartium_junceum_%28habitus%29.jpg	Spartium	Santolina	0.12549019607843137	Drosophyllum	0.0784313725490196	Spiranthes	0.054901960784313725	Senecio	0.043137254901960784	Ranunculus	0.0392156862745098
Gewone_spurrie_plant_Spergula_arvensis.jpg	Spergula	Sagina	0.23529411764705882	Thesium	0.2	Spergula	0.13725490196078433	Lepidium	0.13333333333333333	Galium	0.054901960784313725
Spergula_morisonii_kz18.jpg	Spergula	Anemone	0.30980392156862746	Spergula	0.2196078431372549	Spergularia	0.09019607843137255	Nothoscordum	0.06666666666666667	Allium	0.027450980392156862
Starr_080601-5237_Spergularia_marina.jpg	Spergularia	Spergularia	1.0	Cerastium	0.0	Theligonum	0.0	Arctotheca	0.0	Lathyrus	0.0
Spergularia_media.jpeg	Spergularia	Spergularia	0.9058823529411765	Allium	0.00784313725490196	Spergula	0.00784313725490196	Polygonum	0.00392156862745098	Crocus	0.00392156862745098
Spergularia_purpurea_2601.jpg	Spergularia	Spergularia	0.7607843137254903	Xeranthemum	0.0196078431372549	Cistus	0.011764705882352941	Centaurium	0.00784313725490196	Trifolium	0.00392156862745098
Spergularia_rubra_Closeup_SierraMadrona.jpg	Spergularia	Spergularia	0.9411764705882353	Malcolmia	0.043137254901960784	Frankenia	0.00392156862745098	Fagonia	0.00392156862745098	Limoniastrum	0.00392156862745098
Spergularia_rupicola_2.jpg	Spergularia	Spergularia	0.39215686274509803	Lythrum	0.3333333333333333	Silene	0.027450980392156862	Centaurium	0.0196078431372549	Malcolmia	0.01568627450980392
Spiranthes_aestivalis_Bl%C3%BCtenstand.jpg	Spiranthes	Spiranthes	0.8352941176470587	Glyceria	0.027450980392156862	Anarrhinum	0.00784313725490196	Genista	0.00392156862745098	Melilotus	0.00392156862745098
Spiranthes_spiralis_170808.jpg	Spiranthes	Spiranthes	0.8705882352941177	Ophioglossum	0.050980392156862744	Vicia	0.011764705882352941	Astragalus	0.00784313725490196	Euphorbia	0.00392156862745098
Spirodela_polyrrhiza_marais_poitevin.jpg	Spirodela	Eichhornia	0.5058823529411764	Spirodela	0.1568627450980392	Trifolium	0.06666666666666667	Nymphaea	0.06666666666666667	Oxalis	0.054901960784313725
Stachys_arvensis_01.jpg	Stachys	Stachys	0.9137254901960784	Salvia	0.011764705882352941	Cerastium	0.00392156862745098	Thymus	0.00392156862745098	Clinopodium	0.00392156862745098
20130703Ziest_Saarbruecken1.jpg	Stachys	Stachys	0.7529411764705882	Salvia	0.06274509803921569	Lamium	0.00784313725490196	Teucrium	0.00392156862745098	Silene	0.00392156862745098
Flowers_March_2008-1.jpg	Stachys	Stachys	0.7843137254901961	Sideritis	0.058823529411764705	Silene	0.011764705882352941	Lamium	0.00784313725490196	Teucrium	0.00392156862745098
Stachys_palustris_-_soo-n%C3%B5ian%C3%B5ges.jpg	Stachys	Stachys	0.45098039215686275	Lythrum	0.10980392156862745	Mentha	0.0196078431372549	Vicia	0.01568627450980392	Galium	0.011764705882352941
Wald-Ziest_%28Stachys_sylvatica%29.jpg	Stachys	Matthiola	0.11764705882352941	Stachys	0.10588235294117647	Fumaria	0.0784313725490196	Lunaria	0.058823529411764705	Linaria	0.0392156862745098
Staehelina_dubia_31.JPG	Staehelina	Staehelina	0.996078431372549	Phagnalon	0.00392156862745098	Cerastium	0.0	Theligonum	0.0	Arctotheca	0.0
Stauracanthus_boivinii_2.JPG	Stauracanthus	Stauracanthus	0.3176470588235294	Cytisus	0.14901960784313725	Ononis	0.03529411764705882	Ulex	0.027450980392156862	Genista	0.023529411764705882
Quellsternmiere_Stellaria_alsine.jpg	Stellaria	Stellaria	0.9254901960784313	Clematis	0.054901960784313725	Cerastium	0.0	Theligonum	0.0	Arctotheca	0.0
Stellaria_graminea_detail.jpeg	Stellaria	Stellaria	0.9529411764705883	Ornithogalum	0.011764705882352941	Allium	0.00392156862745098	Cerastium	0.0	Theligonum	0.0
Kaldari_Stellaria_media_01.jpg	Stellaria	Stellaria	0.8784313725490196	Moehringia	0.011764705882352941	Cerastium	0.00784313725490196	Spergula	0.00784313725490196	Silene	0.00392156862745098
Stellaria_neglecta_eF.jpg	Stellaria	Stellaria	0.8352941176470587	Allium	0.00392156862745098	Trifolium	0.00392156862745098	Bellis	0.00392156862745098	Cardamine	0.00392156862745098
Stipa_gigantea_3.JPG	Stipa	Stipa	0.8156862745098039	Molinia	0.12156862745098039	Deschampsia	0.011764705882352941	Juncus	0.00392156862745098	Schoenoplectus	0.00392156862745098
Stipa_tenacissima.jpg	Stipa	Stipa	0.7019607843137254	Retama	0.03137254901960784	Melica	0.027450980392156862	Ranunculus	0.011764705882352941	Phoenix	0.011764705882352941
Suaeda_vera%2C_S%C3%A8te_01.jpg	Suaeda	Suaeda	0.8156862745098039	Beta	0.0392156862745098	Euphorbia	0.027450980392156862	Bassia	0.027450980392156862	Silene	0.00784313725490196
SuccisaPratensis2.jpg	Succisa	Succisa	0.9411764705882353	Jasione	0.01568627450980392	Muscari	0.00392156862745098	Cerastium	0.0	Theligonum	0.0
ARS_Medusahead_weed.jpg	Taeniatherum	Bromus	0.784313725490196	Aegilops	0.03137254901960784	Taeniatherum	0.0196078431372549	Vulpia	0.01568627450980392	Brachypodium	0.01568627450980392
T._africana-1.JPG	Tamarix	Tamarix	0.996078431372549	Cerastium	0.0	Theligonum	0.0	Arctotheca	0.0	Lathyrus	0.0
Tamarix_gallica_bloemen.jpg	Tamarix	Suaeda	0.6313725490196078	Erica	0.0392156862745098	Illecebrum	0.03137254901960784	Tamarix	0.03137254901960784	Centranthus	0.023529411764705882
Tanacetum_corymbosum_2.jpg	Tanacetum	Tanacetum	1.0	Cerastium	0.0	Theligonum	0.0	Arctotheca	0.0	Lathyrus	0.0
Feverfew.jpg	Tanacetum	Tanacetum	0.6509803921568628	Leucanthemum	0.14509803921568626	Bellis	0.13333333333333333	Anthemis	0.023529411764705882	Chamaemelum	0.011764705882352941
Taxus_baccata_MHNT.jpg	Taxus	Taxus	0.9882352941176471	Cerastium	0.0	Theligonum	0.0	Arctotheca	0.0	Lathyrus	0.0
Tetragonia_tetragonioides.jpg	Tetragonia	Tetragonia	0.39215686274509803	Amaranthus	0.0784313725490196	Mesembryanthemum	0.07450980392156863	Kickxia	0.047058823529411764	Calystegia	0.043137254901960784
Teucrium_eremaeum_-_Flickr_-_Kevin_Thiele.jpg	Teucrium	Anacamptis	0.19215686274509805	Dactylorhiza	0.13333333333333333	Sanicula	0.050980392156862744	Cephalaria	0.043137254901960784	Allium	0.023529411764705882
Gamander_Passau.JPG	Teucrium	Teucrium	0.9411764705882353	Pedicularis	0.011764705882352941	Thymus	0.011764705882352941	Stachys	0.00392156862745098	Eruca	0.00392156862745098
Teucrium_fruticans_1.jpg	Teucrium	Teucrium	0.30196078431372547	Limoniastrum	0.06274509803921569	Halimium	0.058823529411764705	Olea	0.03137254901960784	Lavandula	0.0196078431372549
Teucrium_scordium1_eF.jpg	Teucrium	Teucrium	0.8196078431372549	Salvia	0.023529411764705882	Dryopteris	0.0196078431372549	Stachys	0.00784313725490196	Odontites	0.00784313725490196
Valse_salie_IMG_0951.JPG	Teucrium	Phytolacca	0.27058823529411763	Fumaria	0.09803921568627451	Digitalis	0.07450980392156863	Teucrium	0.047058823529411764	Erica	0.047058823529411764
Thalictrum_flavum0.jpg	Thalictrum	Thalictrum	0.6627450980392157	Davallia	0.054901960784313725	Allium	0.023529411764705882	Lagoecia	0.023529411764705882	Salix	0.0196078431372549
Thapsia_villosa_matureSeeds_Closeup_Puertollano.jpg	Thapsia	Thapsia	0.8941176470588235	Ferula	0.023529411764705882	Bupleurum	0.023529411764705882	Agapanthus	0.0196078431372549	Peucedanum	0.00784313725490196
Thelypteris_palustris_02.jpg	Thelypteris	Thelypteris	0.6823529411764706	Dryopteris	0.0784313725490196	Athyrium	0.01568627450980392	Polystichum	0.00784313725490196	Agrostis	0.00392156862745098
Thesium_humifusum_plant_%2804%29.jpg	Thesium	Corrigiola	0.4549019607843137	Vulpia	0.12941176470588234	Juncus	0.07450980392156863	Lepidium	0.03529411764705882	Sagina	0.0196078431372549
Thlaspi_arvense.jpeg	Thlaspi	Thlaspi	0.9764705882352941	Draba	0.01568627450980392	Samolus	0.00784313725490196	Cerastium	0.0	Theligonum	0.0
Thymus_capitatus_in_Crete.jpg	Thymbra	Erica	0.4117647058823529	Spergularia	0.38039215686274513	Thymbra	0.07058823529411765	Disphyma	0.027450980392156862	Centaurium	0.023529411764705882
Thymelaea_hirsuta.jpg	Thymelaea	Solanum	0.3137254901960784	Ficus	0.2196078431372549	Withania	0.13725490196078433	Adenocarpus	0.13725490196078433	Rhus	0.03529411764705882
Thymelaea_hirsuta_kz2.jpg	Thymelaea	Genista	0.24705882352941178	Crucianella	0.058823529411764705	Hypericum	0.027450980392156862	Dittrichia	0.027450980392156862	Hieracium	0.023529411764705882
A%C3%A7ores_2010-07-22_%285149288732%29.jpg	Thymus	Erica	0.8313725490196079	Pimpinella	0.0196078431372549	Silene	0.01568627450980392	Oxalis	0.011764705882352941	Spergularia	0.00784313725490196
Thymus_camphoratus%2C_Conservatoire_botanique_national_de_Brest_04.jpg	Thymus	Thymus	0.8666666666666667	Lobularia	0.047058823529411764	Medicago	0.00392156862745098	Polypodium	0.00392156862745098	Dryopteris	0.00392156862745098
Thymus_carnosus.jpg	Thymus	Thymus	0.8980392156862744	Anthemis	0.01568627450980392	Minuartia	0.01568627450980392	Corema	0.011764705882352941	Thymbra	0.00784313725490196
Thymus_mastichina.jpg	Thymus	Thymus	0.16078431372549018	Chaenorhinum	0.06666666666666667	Cistus	0.03529411764705882	Silene	0.03137254901960784	Ononis	0.027450980392156862
Breitbl%C3%A4ttrige_Thymian_%28Thymus_pulegioides%29-1.jpg	Thymus	Thymus	0.9176470588235294	Polygala	0.00392156862745098	Fumaria	0.00392156862745098	Centranthus	0.00392156862745098	Hornungia	0.00392156862745098
Thymus_zygis_1.JPG	Thymus	Thymus	0.6784313725490195	Lobularia	0.15294117647058825	Prunella	0.027450980392156862	Teucrium	0.0196078431372549	Peucedanum	0.011764705882352941
Tolpis_barbata_Flower_Closeup_DehesaBoyaldePuertollano.jpg	Tolpis	Tolpis	0.8274509803921568	Hispidella	0.043137254901960784	Pallenis	0.00392156862745098	Reichardia	0.00392156862745098	Cerastium	0.0
Tolpis_barbata_Sebk_006.jpg	Tolpis	Tolpis	0.12941176470588237	Leontodon	0.10980392156862745	Gazania	0.10196078431372549	Calendula	0.07058823529411765	Picris	0.06274509803921569
Tordylium_apulum_%2813605778393%29.jpg	Tordylium	Tordylium	0.8392156862745098	Daucus	0.03137254901960784	Scandix	0.011764705882352941	Ammi	0.011764705882352941	Ornithogalum	0.00784313725490196
Torilis_arvensis.jpg	Torilis	Torilis	0.592156862745098	Bunium	0.10588235294117647	Daucus	0.09019607843137255	Tordylium	0.07450980392156863	Chaerophyllum	0.01568627450980392
Torilis_japonica.jpeg	Torilis	Chaerophyllum	0.7372549019607844	Tordylium	0.2	Torilis	0.00784313725490196	Orlaya	0.00784313725490196	Lathyrus	0.00392156862745098
Torilisnodosa.jpg	Torilis	Torilis	0.984313725490196	Myriophyllum	0.00392156862745098	Cerastium	0.0	Theligonum	0.0	Arctotheca	0.0
IMG_0029-Trachelium_caeruleum.jpg	Trachelium	Trachelium	0.9647058823529412	Allium	0.00392156862745098	Echium	0.00392156862745098	Thymbra	0.00392156862745098	Cerastium	0.0
Tradescantia_fluminensis_%28Flowers%29.jpg	Tradescantia	Tradescantia	0.796078431372549	Theligonum	0.00392156862745098	Allium	0.00392156862745098	Ruscus	0.00392156862745098	Polygonatum	0.00392156862745098
Tragopogon_porrifolius_flower.jpg	Tragopogon	Tragopogon	0.9294117647058824	Fritillaria	0.00392156862745098	Cerastium	0.0	Theligonum	0.0	Arctotheca	0.0
Goats_beard_Tragopogon_dubius_close.jpg	Tragopogon	Tragopogon	0.8901960784313725	Scorzonera	0.06274509803921569	Jasonia	0.00392156862745098	Cerastium	0.0	Theligonum	0.0
GTragopogon_longirostris.jpg	Tragopogon	Scorzonera	0.6313725490196078	Tragopogon	0.34509803921568627	Eriophorum	0.00784313725490196	Cerastium	0.0	Theligonum	0.0
Purple_Salsify_-_Stierch.jpg	Tragopogon	Tragopogon	0.7019607843137255	Bidens	0.01568627450980392	Bellis	0.00784313725490196	Xeranthemum	0.00784313725490196	Romulea	0.00392156862745098
Tribulus_terrestris_%28Family_Zygophyllaceae%29.jpg	Tribulus	Tribulus	0.8196078431372549	Ornithopus	0.0196078431372549	Hippocrepis	0.011764705882352941	Helianthemum	0.00784313725490196	Erophaca	0.00784313725490196
Trichophorum2.jpg	Trichophorum	Trichophorum	0.9686274509803922	Cerastium	0.0	Theligonum	0.0	Arctotheca	0.0	Lathyrus	0.0
Trifolium_alexandrinum_eF.jpg	Trifolium	Trifolium	0.9215686274509803	Tolpis	0.00392156862745098	Anthyllis	0.00392156862745098	Cerastium	0.0	Theligonum	0.0
Trifolium_angustifolium_FlowersCloseup_DehesaBoyaldePuertollano.jpg	Trifolium	Trifolium	0.8745098039215685	Euphorbia	0.01568627450980392	Pinus	0.00784313725490196	Salix	0.00392156862745098	Equisetum	0.00392156862745098
Trif_arvense042.JPG	Trifolium	Trifolium	0.9490196078431372	Hordeum	0.00784313725490196	Polypogon	0.00392156862745098	Lagurus	0.00392156862745098	Erigeron	0.00392156862745098
Trifolium_campestre_300907.jpg	Trifolium	Trifolium	0.2627450980392157	Helianthemum	0.15294117647058825	Salix	0.08627450980392157	Hirschfeldia	0.050980392156862744	Medicago	0.023529411764705882
Trif_cherleri014.JPG	Trifolium	Trifolium	0.9843137254901959	Anthyllis	0.00392156862745098	Cerastium	0.0	Theligonum	0.0	Arctotheca	0.0
Trifolium_dubium_kz1.jpg	Trifolium	Trifolium	0.9333333333333333	Medicago	0.027450980392156862	Hippocrepis	0.00392156862745098	Melilotus	0.00392156862745098	Cerastium	0.0
TrifoliumFragiferum2.jpg	Trifolium	Trifolium	0.6941176470588235	Gomphocarpus	0.03529411764705882	Pulicaria	0.023529411764705882	Centaurea	0.01568627450980392	Medicago	0.011764705882352941
Trifoliumglomeratum.jpg	Trifolium	Trifolium	0.8392156862745097	Medicago	0.0392156862745098	Viburnum	0.011764705882352941	Carex	0.00784313725490196	Bidens	0.00784313725490196
Trifoliumhirtum3.jpg	Trifolium	Trifolium	0.8352941176470589	Centaurea	0.00784313725490196	Cerastium	0.0	Theligonum	0.0	Arctotheca	0.0
Clover_Farm_St_Paul_OR_USA_IMG_20220524.jpg	Trifolium	Trifolium	0.2901960784313726	Erica	0.09803921568627451	Papaver	0.06274509803921569	Daboecia	0.054901960784313725	Salicornia	0.03529411764705882
Trifolium_lappaceum_1.JPG	Trifolium	Trifolium	0.9960784313725489	Cerastium	0.0	Theligonum	0.0	Arctotheca	0.0	Lathyrus	0.0
Trifolium_medium_-_Niitv%C3%A4lja.jpg	Trifolium	Trifolium	0.6862745098039215	Lathyrus	0.01568627450980392	Medicago	0.01568627450980392	Dorycnopsis	0.01568627450980392	Centranthus	0.011764705882352941
Trifolium_nigrescens_Monacia_Corse.JPG	Trifolium	Thalictrum	0.3254901960784314	Trifolium	0.1764705882352941	Medicago	0.0784313725490196	Carex	0.01568627450980392	Rosa	0.01568627450980392
Trifolium_ochroleucon_070608b.jpg	Trifolium	Trifolium	0.9921568627450981	Cerastium	0.0	Theligonum	0.0	Arctotheca	0.0	Lathyrus	0.0
Trifolium_pratense_-_Keila2.jpg	Trifolium	Trifolium	0.9215686274509803	Medicago	0.01568627450980392	Lomelosia	0.011764705882352941	Hypericum	0.00392156862745098	Centranthus	0.00392156862745098
Trifolium_repens_-_white_clover_on_way_from_Govindghat_to_Gangria_at_Valley_of_Flowers_National_Park_-_during_LGFC_-_VOF_2019_%281%29.jpg	Trifolium	Trifolium	0.9686274509803922	Echinops	0.00392156862745098	Cerastium	0.0	Theligonum	0.0	Arctotheca	0.0
Trifolium_resupinatum_eF.jpg	Trifolium	Trifolium	0.9450980392156862	Ononis	0.00392156862745098	Asperula	0.00392156862745098	Cerastium	0.0	Theligonum	0.0
Trifolium_scabrum1.jpg	Trifolium	Trifolium	0.9215686274509803	Plantago	0.011764705882352941	Inula	0.011764705882352941	Phlomis	0.00784313725490196	Quercus	0.00392156862745098
Trefle5.jpg	Trifolium	Trifolium	0.8196078431372549	Sedum	0.011764705882352941	Geranium	0.011764705882352941	Onobrychis	0.00784313725490196	Ononis	0.00392156862745098
Trifolium_striatum1_eF.jpg	Trifolium	Trifolium	0.8392156862745098	Juncus	0.023529411764705882	Polygonum	0.0196078431372549	Lotus	0.011764705882352941	Euphorbia	0.00784313725490196
Trifoliumsubterraneum.jpg	Trifolium	Trifolium	0.7490196078431373	Kickxia	0.09803921568627451	Medicago	0.08627450980392157	Cicendia	0.03137254901960784	Coronilla	0.011764705882352941
Suffocated_Clover_Trifolium_suffocatum_%286210974266%29.jpg	Trifolium	Trifolium	0.9333333333333333	Medicago	0.01568627450980392	Oxalis	0.00392156862745098	Cyperus	0.00392156862745098	Cerastium	0.0
%22tr%C3%A9bol_de_algod%C3%B3n%22_%2A_Trifolium_tomentosum_L._%287568888288%29.jpg	Trifolium	Anthyllis	0.403921568627451	Trifolium	0.23137254901960785	Bituminaria	0.10980392156862745	Astragalus	0.027450980392156862	Orobanche	0.011764705882352941
Anthyllis_tetraphylla_%28inflorescense%29.jpg	Tripodion	Tripodion	0.7607843137254902	Scorpiurus	0.03529411764705882	Hippocrepis	0.0196078431372549	Linaria	0.01568627450980392	Trifolium	0.011764705882352941
Tropaeolum_majus_2005_G1.jpg	Tropaeolum	Tropaeolum	0.6431372549019608	Geranium	0.01568627450980392	Nymphoides	0.01568627450980392	Hydrocotyle	0.011764705882352941	Hedera	0.00784313725490196
Tuberaria_guttata01.jpg	Tuberaria	Tuberaria	0.5450980392156862	Helianthemum	0.2196078431372549	Tolpis	0.01568627450980392	Linum	0.011764705882352941	Oxalis	0.00784313725490196
Tuberaria_guttata_Crete.jpg	Tuberaria	Tuberaria	0.9882352941176471	Tolpis	0.00392156862745098	Ophrys	0.00392156862745098	Cerastium	0.0	Theligonum	0.0
TS159681.jpg	Tuberaria	Helianthemum	0.2784313725490196	Tuberaria	0.18039215686274512	Oenothera	0.043137254901960784	Silene	0.03529411764705882	Fritillaria	0.0196078431372549
Typha_domingensis_4.jpg	Typha	Typha	0.9294117647058824	Phleum	0.00784313725490196	Setaria	0.00392156862745098	Cerastium	0.0	Theligonum	0.0
Grote_lisdoddes_aan_het_water.jpg	Typha	Typha	0.6784313725490196	Phragmites	0.07058823529411765	Schoenoplectus	0.023529411764705882	Alopecurus	0.023529411764705882	Arundo	0.023529411764705882
Ulex_densus_habitat.jpg	Ulex	Ulex	0.9647058823529412	Calicotome	0.0196078431372549	Stauracanthus	0.01568627450980392	Cerastium	0.0	Theligonum	0.0
Ulex_europaeus_flowers.jpg	Ulex	Ulex	0.9450980392156862	Cytisus	0.03137254901960784	Calicotome	0.00784313725490196	Medicago	0.00392156862745098	Stauracanthus	0.00392156862745098
Whin_or_Gorse_on_Fife_Coastal_Trail.jpg	Ulex	Ulex	0.23921568627450981	Ajuga	0.1411764705882353	Cistus	0.08627450980392157	Convolvulus	0.06666666666666667	Senecio	0.047058823529411764
RN_Ulmus_glabra_%28alnarp_sweden%29.jpg	Ulmus	Salix	0.9686274509803922	Ranunculus	0.00392156862745098	Retama	0.00392156862745098	Cerastium	0.0	Theligonum	0.0
Blismes_elm_2007.jpg	Ulmus	Ficus	0.28627450980392155	Castanea	0.2	Quercus	0.17647058823529413	Robinia	0.1568627450980392	Prunus	0.10980392156862745
Navelwort_700.jpg	Umbilicus	Umbilicus	0.9607843137254902	Asplenium	0.00784313725490196	Eichhornia	0.00784313725490196	Cerastium	0.0	Theligonum	0.0
Urospermumpicroides.jpg	Urospermum	Urospermum	0.9803921568627451	Scorzonera	0.00392156862745098	Cerastium	0.0	Theligonum	0.0	Arctotheca	0.0
Br%C3%A4nn%C3%A4ssla_%28Urtica_Dioica%29.jpg	Urtica	Urtica	0.4784313725490196	Echium	0.027450980392156862	Acacia	0.0196078431372549	Tamarix	0.0196078431372549	Potamogeton	0.01568627450980392
Urtica_membranacea_2.JPG	Urtica	Urtica	0.8901960784313726	Paspalum	0.00784313725490196	Corylus	0.00392156862745098	Agrimonia	0.00392156862745098	Tamarix	0.00392156862745098
Ortie2.jpg	Urtica	Urtica	1.003921568627451	Cerastium	0.0	Theligonum	0.0	Arctotheca	0.0	Lathyrus	0.0
Urtica_urens_002.JPG	Urtica	Urtica	0.8784313725490196	Amaranthus	0.00784313725490196	Sinapis	0.00784313725490196	Rumex	0.00392156862745098	Ballota	0.00392156862745098
Utriculariaaustralis.jpg	Utricularia	Utricularia	0.7372549019607844	Linaria	0.050980392156862744	Coronilla	0.03137254901960784	Lotus	0.0196078431372549	Lathyrus	0.011764705882352941
Vaccinium_uliginosum_fruit.jpg	Vaccinium	Vaccinium	0.9568627450980393	Prunus	0.0196078431372549	Olea	0.00392156862745098	Phillyrea	0.00392156862745098	Cerastium	0.0
Valantia_hispida_23-08-2003.jpg	Valantia	Valantia	0.9411764705882353	Sesamoides	0.00784313725490196	Alopecurus	0.00784313725490196	Rumex	0.00392156862745098	Stachys	0.00392156862745098
Valantia_muralis_1.jpg	Valantia	Valantia	0.9803921568627451	Cerastium	0.0	Theligonum	0.0	Arctotheca	0.0	Lathyrus	0.0
Valeriana_officinalis_002.JPG	Valeriana	Valeriana	0.7019607843137254	Centranthus	0.058823529411764705	Eupatorium	0.0196078431372549	Sambucus	0.011764705882352941	Oenanthe	0.011764705882352941
Valeriana_officinalis_-_Niitv%C3%A4lja.jpg	Valeriana	Valeriana	0.4313725490196078	Oenanthe	0.34901960784313724	Carum	0.054901960784313725	Conopodium	0.0392156862745098	Bunium	0.01568627450980392
Velezia_rigida_%28Caryophyllaceae%29_%2833038042422%29.jpg	Velezia	Velezia	0.5607843137254902	Bromus	0.3137254901960784	Centranthus	0.03137254901960784	Xeranthemum	0.01568627450980392	Epilobium	0.011764705882352941
Veratrum_album_Aubrac.JPG	Veratrum	Veratrum	0.43529411764705883	Holcus	0.0392156862745098	Salvia	0.023529411764705882	Daucus	0.01568627450980392	Filipendula	0.01568627450980392
Verbascum_pulverulentum_4_RF.jpg	Verbascum	Verbascum	0.8901960784313725	Cynoglossum	0.01568627450980392	Potamogeton	0.00784313725490196	Hieracium	0.00784313725490196	Helichrysum	0.00784313725490196
Mullein.jpg	Verbascum	Thymelaea	0.4117647058823529	Reseda	0.0784313725490196	Verbascum	0.058823529411764705	Echium	0.054901960784313725	Artemisia	0.0392156862745098
Starr_040723-0030_Verbascum_thapsus.jpg	Verbascum	Verbascum	0.8588235294117648	Amaranthus	0.023529411764705882	Phytolacca	0.01568627450980392	Anarrhinum	0.00784313725490196	Hieracium	0.00392156862745098
Verbascum_virgatum.jpg	Verbascum	Verbascum	0.9529411764705882	Alcea	0.00392156862745098	Cerastium	0.0	Theligonum	0.0	Arctotheca	0.0
Verbena_bonariensis.jpg	Verbena	Verbena	0.4235294117647059	Erica	0.09411764705882353	Centranthus	0.07450980392156863	Achillea	0.054901960784313725	Silene	0.023529411764705882
Eisenkraut%2C_Passau.JPG	Verbena	Oenanthe	0.13725490196078433	Tordylium	0.10196078431372549	Omphalodes	0.06274509803921569	Glyceria	0.054901960784313725	Hieracium	0.043137254901960784
Verbena_rigida_%288726586459%29.jpg	Verbena	Verbena	0.2823529411764706	Centranthus	0.12549019607843137	Pimpinella	0.09803921568627451	Valeriana	0.03529411764705882	Torilis	0.023529411764705882
Veronica_anagallis-aquatica_5.jpg	Veronica	Veronica	0.996078431372549	Cerastium	0.0	Theligonum	0.0	Arctotheca	0.0	Lathyrus	0.0
Veronica_arvensis_7998.JPG	Veronica	Veronica	0.5725490196078431	Ajuga	0.06274509803921569	Pentaglottis	0.043137254901960784	Myosotis	0.00784313725490196	Lomelosia	0.00392156862745098
Veronica_beccabunga_plant2.jpg	Veronica	Veronica	0.24705882352941175	Valerianella	0.07058823529411765	Viola	0.06274509803921569	Myosotis	0.058823529411764705	Samolus	0.03137254901960784
Ehrenpreis-JR-T20-2021-05-29.jpg	Veronica	Veronica	0.9960784313725489	Cerastium	0.0	Theligonum	0.0	Arctotheca	0.0	Lathyrus	0.0
Veronica_cymbalaria_3.JPG	Veronica	Veronica	0.9764705882352941	Viola	0.00392156862745098	Sagina	0.00392156862745098	Cerastium	0.0	Theligonum	0.0
Veronica_hederifolia_Nashville.jpg	Veronica	Veronica	0.6431372549019605	Echium	0.16078431372549018	Campanula	0.054901960784313725	Myosotis	0.011764705882352941	Pentaglottis	0.011764705882352941
Veronica_montana.jpeg	Veronica	Veronica	0.9607843137254901	Oxalis	0.00392156862745098	Cerastium	0.0	Theligonum	0.0	Arctotheca	0.0
Nymphalidae_-_Melitaea_nevadensis-001.JPG	Veronica	Pulicaria	0.43921568627450985	Papaver	0.0196078431372549	Inula	0.0196078431372549	Sonchus	0.01568627450980392	Senecio	0.011764705882352941
Veronica_officinalis-53.jpg	Veronica	Veronica	0.37254901960784315	Salvia	0.03137254901960784	Pentaglottis	0.03137254901960784	Sherardia	0.01568627450980392	Teucrium	0.011764705882352941
Starr_080415-4014_Veronica_peregrina.jpg	Veronica	Veronica	0.4901960784313726	Crassula	0.11372549019607843	Sedum	0.054901960784313725	Selaginella	0.0392156862745098	Suaeda	0.027450980392156862
Veronica_persica_060403Fw.jpg	Veronica	Veronica	0.5529411764705883	Linum	0.011764705882352941	Convolvulus	0.00784313725490196	Malva	0.00784313725490196	Viola	0.00392156862745098
Veronica_polita_eF.jpg	Veronica	Veronica	0.8509803921568627	Malva	0.00784313725490196	Frankenia	0.00784313725490196	Amaranthus	0.00392156862745098	Campanula	0.00392156862745098
Veronica_scutellata_eF.jpg	Veronica	Valerianella	0.5647058823529412	Veronica	0.396078431372549	Galium	0.01568627450980392	Potamogeton	0.00392156862745098	Myosotis	0.00392156862745098
Veronica_serpyllifolia_W.jpg	Veronica	Veronica	0.45098039215686264	Cynoglossum	0.043137254901960784	Linum	0.01568627450980392	Vicia	0.011764705882352941	Cerastium	0.00784313725490196
Veronica_triphyllos_eF.jpg	Veronica	Veronica	0.8588235294117645	Pentaglottis	0.0196078431372549	Polygala	0.00392156862745098	Asperula	0.00392156862745098	Ajuga	0.00392156862745098
Viburnum_lantana_a1.jpg	Viburnum	Viburnum	0.788235294117647	Rubus	0.027450980392156862	Lonicera	0.023529411764705882	Lantana	0.011764705882352941	Trifolium	0.00784313725490196
Viburnum_01.JPG	Viburnum	Viburnum	0.8470588235294119	Lantana	0.047058823529411764	Arum	0.01568627450980392	Hypericum	0.00392156862745098	Frangula	0.00392156862745098
Viciabenghalensis.jpg	Vicia	Vicia	0.7372549019607842	Medicago	0.054901960784313725	Anthyllis	0.0392156862745098	Lupinus	0.01568627450980392	Pinus	0.011764705882352941
Vicia_bithynica_at_Seasalter.jpg	Vicia	Vicia	0.988235294117647	Lathyrus	0.00392156862745098	Cerastium	0.0	Theligonum	0.0	Arctotheca	0.0
%28MHNT%29_Vicia_hirsuta_-_Plant_habit.jpg	Vicia	Odontites	0.18823529411764706	Euphorbia	0.14509803921568626	Potamogeton	0.06666666666666667	Callitriche	0.043137254901960784	Arenaria	0.03529411764705882
Vicia_lathyroides3_W.jpg	Vicia	Vicia	0.9764705882352942	Lathyrus	0.00784313725490196	Cerastium	0.0	Theligonum	0.0	Arctotheca	0.0
%28MHNT%29_Vicia_lutea_-_plant_habit.jpg	Vicia	Vicia	0.40392156862745093	Glycyrrhiza	0.3411764705882353	Calicotome	0.0196078431372549	Centaurea	0.01568627450980392	Galega	0.01568627450980392
003-vicia-narbonensis.jpg	Vicia	Vicia	0.9882352941176471	Cerastium	0.0	Theligonum	0.0	Arctotheca	0.0	Lathyrus	0.0
VICIA_ONOBRYCHIOIDES_-_IB-418.JPG	Vicia	Vicia	0.9411764705882353	Lupinus	0.047058823529411764	Glycyrrhiza	0.00392156862745098	Cerastium	0.0	Theligonum	0.0
Vicia_peregrina_%2821084365093%29.jpg	Vicia	Vicia	0.8470588235294116	Lathyrus	0.14509803921568626	Cerastium	0.0	Theligonum	0.0	Arctotheca	0.0
%28MHNT%29_Vicia_sativa.jpg	Vicia	Vicia	0.835294117647059	Astragalus	0.10196078431372549	Lathyrus	0.01568627450980392	Gleditsia	0.00784313725490196	Polypodium	0.00392156862745098
Vicia_sepium_-_aed-hiirehernes.jpg	Vicia	Vicia	0.4509803921568627	Lathyrus	0.1411764705882353	Galega	0.03137254901960784	Silene	0.0196078431372549	Rorippa	0.01568627450980392
Vicia_tenuifolia_2.jpg	Vicia	Vicia	0.807843137254902	Galega	0.00784313725490196	Oxalis	0.00392156862745098	Gladiolus	0.00392156862745098	Saxifraga	0.00392156862745098
Vicia_villosa.jpeg	Vicia	Vicia	0.8	Lavandula	0.027450980392156862	Medicago	0.011764705882352941	Echium	0.00784313725490196	Ornithopus	0.00784313725490196
Vinca_difformis_flors.jpg	Vinca	Vinca	0.9333333333333333	Tradescantia	0.023529411764705882	Ruscus	0.00392156862745098	Myrtus	0.00392156862745098	Cerastium	0.0
Vinca_major_NS.jpg	Vinca	Vinca	0.796078431372549	Ipomoea	0.027450980392156862	Silene	0.00784313725490196	Geranium	0.00392156862745098	Linum	0.00392156862745098
Vinca_minor_Nashville.jpg	Vinca	Vinca	0.8117647058823529	Omphalodes	0.03529411764705882	Euphorbia	0.01568627450980392	Lobelia	0.00784313725490196	Viola	0.00392156862745098
Vincetoxicum_hirundinaria_sl3.jpg	Vincetoxicum	Vincetoxicum	0.9686274509803922	Calepina	0.00392156862745098	Ligustrum	0.00392156862745098	Fagopyrum	0.00392156862745098	Cerastium	0.0
Viola_arborescens_%28plant%29.jpg	Viola	Viola	0.7568627450980392	Chaenorhinum	0.027450980392156862	Convolvulus	0.01568627450980392	Linum	0.00784313725490196	Teucrium	0.00392156862745098
Viola_arvensis_-_Tutermaa.jpg	Viola	Viola	1.003921568627451	Cerastium	0.0	Theligonum	0.0	Arctotheca	0.0	Lathyrus	0.0
1257-Viola_kitaibeliana-P%C3%A1lava_4.07.jpg	Viola	Viola	0.6196078431372549	Potentilla	0.07450980392156863	Cistus	0.043137254901960784	Ranunculus	0.01568627450980392	Medicago	0.011764705882352941
Viola_lactea-3.jpg	Viola	Viola	0.8941176470588235	Veronica	0.01568627450980392	Petrorhagia	0.01568627450980392	Linum	0.01568627450980392	Silene	0.00392156862745098
Viola_odorata_fg01.JPG	Viola	Viola	0.5647058823529412	Iris	0.0196078431372549	Crocus	0.01568627450980392	Barbarea	0.011764705882352941	Coincya	0.00784313725490196
Viola_palustris_6798.JPG	Viola	Viola	0.6000000000000001	Malva	0.03529411764705882	Calystegia	0.027450980392156862	Corylus	0.0196078431372549	Rubus	0.0196078431372549
Viola_riviniana-01_%28xndr%29.jpg	Viola	Viola	0.9098039215686274	Linum	0.00784313725490196	Cerastium	0.0	Theligonum	0.0	Arctotheca	0.0
Cabernet_Sauvignon_Gaillac.jpg	Vitis	Vitis	0.9098039215686274	Achillea	0.00392156862745098	Hedera	0.00392156862745098	Cerastium	0.0	Theligonum	0.0
Starr_030628-0091_Vulpia_myuros.jpg	Vulpia	Equisetum	0.12156862745098039	Lavandula	0.06666666666666667	Bromus	0.058823529411764705	Polypogon	0.050980392156862744	Lycopodium	0.050980392156862744
Vulpia_ciliata_plant_%2801%29.jpg	Vulpia	Vulpia	0.588235294117647	Bromus	0.1333333333333333	Aira	0.06274509803921569	Corynephorus	0.027450980392156862	Phleum	0.0196078431372549
Vulpia_octoflora_%283990319536%29.jpg	Vulpia	Lolium	0.8666666666666667	Vulpia	0.03529411764705882	Cryptomeria	0.0196078431372549	Hordeum	0.00784313725490196	Brachypodium	0.00784313725490196
Vulpiamyuros.jpg	Vulpia	Carex	0.6156862745098038	Cyperus	0.22745098039215686	Eragrostis	0.03529411764705882	Calamagrostis	0.023529411764705882	Sparganium	0.00784313725490196
Withania_somnifera%2C_blom%2C_Manie_van_der_Schijff_BT.jpg	Withania	Salpichroa	0.20784313725490197	Withania	0.050980392156862744	Vincetoxicum	0.050980392156862744	Solanum	0.01568627450980392	Scrophularia	0.01568627450980392
Wolffia_arrhiza_kz02.jpg	Wolffia	Wolffia	0.7607843137254902	Minuartia	0.06274509803921569	Ammi	0.03137254901960784	Salvia	0.0196078431372549	Chrozophora	0.01568627450980392
Chain_fern_%28Woodwardia_radicans%29_at_Furna_do_Enxofre%2C_Caldeira%2C_Graciosa_Island%2C_Azores%2C_Portugal_%28PPL1-Corrected%29_julesvernex2.jpg	Woodwardia	Woodwardia	0.6431372549019608	Ailanthus	0.0392156862745098	Polypodium	0.027450980392156862	Osmunda	0.0196078431372549	Taxus	0.011764705882352941
Xanthium_spinosum.JPG	Xanthium	Xanthium	0.9294117647058824	Mercurialis	0.00784313725490196	Euphorbia	0.00392156862745098	Argyrolobium	0.00392156862745098	Rubia	0.00392156862745098
Xanthium_strumarium_L..jpg	Xanthium	Herniaria	0.12549019607843137	Centaurea	0.050980392156862744	Ricinus	0.043137254901960784	Myriophyllum	0.03529411764705882	Agrimonia	0.03137254901960784
Zantedeschia_aethiopica_-1.jpg	Zantedeschia	Zantedeschia	0.48627450980392156	Datura	0.03529411764705882	Calystegia	0.027450980392156862	Anemone	0.023529411764705882	Romulea	0.01568627450980392
Zostera_marina_-_National_Museum_of_Nature_and_Science%2C_Tokyo_-_DSC07663.JPG	Zostera	Poa	0.24705882352941178	Pilularia	0.19215686274509805	Vallisneria	0.10588235294117647	Cymodocea	0.047058823529411764	Rostraria	0.03529411764705882
